HIERARCHY
ROOT Hips
{
    OFFSET 0.000000 97.120003 0.000000
    CHANNELS 6 Xposition Yposition Zposition Yrotation Xrotation Zrotation
    JOINT RightUpLeg
    {
        OFFSET -10.000000 -0.000000 0.000000
        CHANNELS 3 Yrotation Xrotation Zrotation
        JOINT RightLeg
        {
            OFFSET 0.000000 -45.062000 0.000000
            CHANNELS 3 Yrotation Xrotation Zrotation
            JOINT RightFoot
            {
                OFFSET 0.000000 -42.057999 0.000000
                CHANNELS 3 Yrotation Xrotation Zrotation
                End Site
                {
                    OFFSET 0.000000 -10.000000 15.120000
                }
            }
        }
    }
    JOINT LeftUpLeg
    {
        OFFSET 10.000000 -0.000000 0.000000
        CHANNELS 3 Yrotation Xrotation Zrotation
        JOINT LeftLeg
        {
            OFFSET 0.000000 -45.062000 0.000000
            CHANNELS 3 Yrotation Xrotation Zrotation
            JOINT LeftFoot
            {
                OFFSET 0.000000 -42.057999 0.000000
                CHANNELS 3 Yrotation Xrotation Zrotation
                End Site
                {
                    OFFSET 0.000000 -10.000000 15.120000
                }
            }
        }
    }
    JOINT Spine
    {
        OFFSET 0.000000 7.000000 0.000000
        CHANNELS 3 Yrotation Xrotation Zrotation
        JOINT Spine1
        {
            OFFSET 0.000000 15.500000 0.000000
            CHANNELS 3 Yrotation Xrotation Zrotation
            JOINT Spine2
            {
                OFFSET 0.000000 11.000000 0.000000
                CHANNELS 3 Yrotation Xrotation Zrotation
                JOINT Neck
                {
                    OFFSET 0.000000 16.500000 0.000000
                    CHANNELS 3 Yrotation Xrotation Zrotation
                    JOINT Neck1
                    {
                        OFFSET 0.000000 3.500000 0.000000
                        CHANNELS 3 Yrotation Xrotation Zrotation
                        JOINT Head
                        {
                            OFFSET 0.000000 3.500000 0.000000
                            CHANNELS 3 Yrotation Xrotation Zrotation
                            End Site
                            {
                                OFFSET 0.000000 21.000000 0.000000
                            }
                        }
                    }
                }
                JOINT RightShoulder
                {
                    OFFSET -2.500000 11.500000 0.000000
                    CHANNELS 3 Yrotation Xrotation Zrotation
                    JOINT RightArm
                    {
                        OFFSET -17.500000 0.000000 0.000000
                        CHANNELS 3 Yrotation Xrotation Zrotation
                        JOINT RightForeArm
                        {
                            OFFSET -28.000000 0.000000 0.000000
                            CHANNELS 3 Yrotation Xrotation Zrotation
                            JOINT RightHand
                            {
                                OFFSET -25.000000 0.000000 0.000000
                                CHANNELS 3 Yrotation Xrotation Zrotation
                                JOINT RightHandThumb1
                                {
                                    OFFSET -2.105000 -0.526000 2.737000
                                    CHANNELS 3 Yrotation Xrotation Zrotation
                                    JOINT RightHandThumb2
                                    {
                                        OFFSET -4.208000 0.000000 0.000000
                                        CHANNELS 3 Yrotation Xrotation Zrotation
                                        JOINT RightHandThumb3
                                        {
                                            OFFSET -2.924000 0.000000 0.000000
                                            CHANNELS 3 Yrotation Xrotation Zrotation
                                            End Site
                                            {
                                                OFFSET -2.758000 0.000000 0.000000
                                            }
                                        }
                                    }
                                }
                                JOINT RightInHandIndex
                                {
                                    OFFSET -3.684000 0.581000 2.261000
                                    CHANNELS 3 Yrotation Xrotation Zrotation
                                    JOINT RightHandIndex1
                                    {
                                        OFFSET -5.962000 -0.104000 1.142000
                                        CHANNELS 3 Yrotation Xrotation Zrotation
                                        JOINT RightHandIndex2
                                        {
                                            OFFSET -4.137000 0.000000 0.000000
                                            CHANNELS 3 Yrotation Xrotation Zrotation
                                            JOINT RightHandIndex3
                                            {
                                                OFFSET -2.345000 0.000000 0.000000
                                                CHANNELS 3 Yrotation Xrotation Zrotation
                                                End Site
                                                {
                                                    OFFSET -2.063000 0.000000 0.000000
                                                }
                                            }
                                        }
                                    }
                                }
                                JOINT RightInHandMiddle
                                {
                                    OFFSET -3.865000 0.592000 0.865000
                                    CHANNELS 3 Yrotation Xrotation Zrotation
                                    JOINT RightHandMiddle1
                                    {
                                        OFFSET -5.914000 -0.096000 0.359000
                                        CHANNELS 3 Yrotation Xrotation Zrotation
                                        JOINT RightHandMiddle2
                                        {
                                            OFFSET -4.514000 0.000000 0.000000
                                            CHANNELS 3 Yrotation Xrotation Zrotation
                                            JOINT RightHandMiddle3
                                            {
                                                OFFSET -2.829000 0.000000 0.000000
                                                CHANNELS 3 Yrotation Xrotation Zrotation
                                                End Site
                                                {
                                                    OFFSET -2.257000 0.000000 0.000000
                                                }
                                            }
                                        }
                                    }
                                }
                                JOINT RightInHandRing
                                {
                                    OFFSET -3.846000 0.615000 -0.147000
                                    CHANNELS 3 Yrotation Xrotation Zrotation
                                    JOINT RightHandRing1
                                    {
                                        OFFSET -5.297000 -0.025000 -0.547000
                                        CHANNELS 3 Yrotation Xrotation Zrotation
                                        JOINT RightHandRing2
                                        {
                                            OFFSET -3.934000 0.000000 0.000000
                                            CHANNELS 3 Yrotation Xrotation Zrotation
                                            JOINT RightHandRing3
                                            {
                                                OFFSET -2.729000 0.000000 0.000000
                                                CHANNELS 3 Yrotation Xrotation Zrotation
                                                End Site
                                                {
                                                    OFFSET -2.122000 0.000000 0.000000
                                                }
                                            }
                                        }
                                    }
                                }
                                JOINT RightInHandPinky
                                {
                                    OFFSET -3.613000 0.537000 -1.374000
                                    CHANNELS 3 Yrotation Xrotation Zrotation
                                    JOINT RightHandPinky1
                                    {
                                        OFFSET -4.733000 -0.025000 -1.246000
                                        CHANNELS 3 Yrotation Xrotation Zrotation
                                        JOINT RightHandPinky2
                                        {
                                            OFFSET -3.151000 0.000000 0.000000
                                            CHANNELS 3 Yrotation Xrotation Zrotation
                                            JOINT RightHandPinky3
                                            {
                                                OFFSET -1.991000 0.000000 0.000000
                                                CHANNELS 3 Yrotation Xrotation Zrotation
                                                End Site
                                                {
                                                    OFFSET -1.880000 0.000000 0.000000
                                                }
                                            }
                                        }
                                    }
                                }
                            }
                        }
                    }
                }
                JOINT LeftShoulder
                {
                    OFFSET 2.500000 11.500000 0.000000
                    CHANNELS 3 Yrotation Xrotation Zrotation
                    JOINT LeftArm
                    {
                        OFFSET 17.500000 0.000000 0.000000
                        CHANNELS 3 Yrotation Xrotation Zrotation
                        JOINT LeftForeArm
                        {
                            OFFSET 28.000000 0.000000 0.000000
                            CHANNELS 3 Yrotation Xrotation Zrotation
                            JOINT LeftHand
                            {
                                OFFSET 25.000000 0.000000 0.000000
                                CHANNELS 3 Yrotation Xrotation Zrotation
                                JOINT LeftHandThumb1
                                {
                                    OFFSET 2.105000 -0.526000 2.737000
                                    CHANNELS 3 Yrotation Xrotation Zrotation
                                    JOINT LeftHandThumb2
                                    {
                                        OFFSET 4.208000 0.000000 0.000000
                                        CHANNELS 3 Yrotation Xrotation Zrotation
                                        JOINT LeftHandThumb3
                                        {
                                            OFFSET 2.924000 0.000000 0.000000
                                            CHANNELS 3 Yrotation Xrotation Zrotation
                                            End Site
                                            {
                                                OFFSET 2.758000 0.000000 0.000000
                                            }
                                        }
                                    }
                                }
                                JOINT LeftInHandIndex
                                {
                                    OFFSET 3.684000 0.581000 2.261000
                                    CHANNELS 3 Yrotation Xrotation Zrotation
                                    JOINT LeftHandIndex1
                                    {
                                        OFFSET 5.962000 -0.104000 1.142000
                                        CHANNELS 3 Yrotation Xrotation Zrotation
                                        JOINT LeftHandIndex2
                                        {
                                            OFFSET 4.137000 0.000000 0.000000
                                            CHANNELS 3 Yrotation Xrotation Zrotation
                                            JOINT LeftHandIndex3
                                            {
                                                OFFSET 2.345000 0.000000 0.000000
                                                CHANNELS 3 Yrotation Xrotation Zrotation
                                                End Site
                                                {
                                                    OFFSET 2.063000 0.000000 0.000000
                                                }
                                            }
                                        }
                                    }
                                }
                                JOINT LeftInHandMiddle
                                {
                                    OFFSET 3.865000 0.592000 0.865000
                                    CHANNELS 3 Yrotation Xrotation Zrotation
                                    JOINT LeftHandMiddle1
                                    {
                                        OFFSET 5.914000 -0.096000 0.359000
                                        CHANNELS 3 Yrotation Xrotation Zrotation
                                        JOINT LeftHandMiddle2
                                        {
                                            OFFSET 4.514000 0.000000 0.000000
                                            CHANNELS 3 Yrotation Xrotation Zrotation
                                            JOINT LeftHandMiddle3
                                            {
                                                OFFSET 2.829000 0.000000 0.000000
                                                CHANNELS 3 Yrotation Xrotation Zrotation
                                                End Site
                                                {
                                                    OFFSET 2.257000 0.000000 0.000000
                                                }
                                            }
                                        }
                                    }
                                }
                                JOINT LeftInHandRing
                                {
                                    OFFSET 3.846000 0.615000 -0.147000
                                    CHANNELS 3 Yrotation Xrotation Zrotation
                                    JOINT LeftHandRing1
                                    {
                                        OFFSET 5.297000 -0.025000 -0.547000
                                        CHANNELS 3 Yrotation Xrotation Zrotation
                                        JOINT LeftHandRing2
                                        {
                                            OFFSET 3.934000 0.000000 0.000000
                                            CHANNELS 3 Yrotation Xrotation Zrotation
                                            JOINT LeftHandRing3
                                            {
                                                OFFSET 2.729000 0.000000 0.000000
                                                CHANNELS 3 Yrotation Xrotation Zrotation
                                                End Site
                                                {
                                                    OFFSET 2.122000 0.000000 0.000000
                                                }
                                            }
                                        }
                                    }
                                }
                                JOINT LeftInHandPinky
                                {
                                    OFFSET 3.613000 0.537000 -1.374000
                                    CHANNELS 3 Yrotation Xrotation Zrotation
                                    JOINT LeftHandPinky1
                                    {
                                        OFFSET 4.733000 -0.025000 -1.246000
                                        CHANNELS 3 Yrotation Xrotation Zrotation
                                        JOINT LeftHandPinky2
                                        {
                                            OFFSET 3.151000 0.000000 0.000000
                                            CHANNELS 3 Yrotation Xrotation Zrotation
                                            JOINT LeftHandPinky3
                                            {
                                                OFFSET 1.991000 0.000000 0.000000
                                                CHANNELS 3 Yrotation Xrotation Zrotation
                                                End Site
                                                {
                                                    OFFSET 1.880000 0.000000 0.000000
                                                }
                                            }
                                        }
                                    }
                                }
                            }
                        }
                    }
                }
            }
        }
    }
}
MOTION
Frames: 481
Frame Time: 0.016667
0.000000 97.119995 0.000000 0.000000 0.000000 0.000000 0.000000 0.000000 0.000000 0.000000 0.000000 0.000000 0.000000 0.000000 0.000000 0.000000 0.000000 0.000000 0.000000 0.000000 0.000000 0.000000 0.000000 0.000000 0.000000 0.000000 0.000000 0.000000 0.000000 0.000000 0.000000 0.000000 0.000000 0.000000 0.000000 0.000000 0.000000 0.000000 0.000000 0.000000 0.000000 0.000000 0.000000 0.000000 0.000000 0.000000 0.000000 0.000000 0.000000 0.000000 0.000000 0.000000 0.000000 0.000000 0.000000 0.000000 0.000000 0.000000 0.000000 0.000000 0.000000 0.000000 0.000000 0.000000 0.000000 0.000000 0.000000 0.000000 0.000000 0.000000 0.000000 0.000000 0.000000 0.000000 0.000000 0.000000 0.000000 0.000000 0.000000 0.000000 0.000000 0.000000 0.000000 0.000000 0.000000 0.000000 0.000000 0.000000 0.000000 0.000000 0.000000 0.000000 0.000000 0.000000 0.000000 0.000000 0.000000 0.000000 0.000000 0.000000 0.000000 0.000000 0.000000 0.000000 0.000000 0.000000 0.000000 0.000000 0.000000 0.000000 0.000000 0.000000 0.000000 0.000000 0.000000 0.000000 0.000000 0.000000 0.000000 0.000000 0.000000 0.000000 0.000000 0.000000 0.000000 0.000000 0.000000 0.000000 0.000000 0.000000 0.000000 0.000000 0.000000 0.000000 0.000000 0.000000 0.000000 0.000000 0.000000 0.000000 0.000000 0.000000 0.000000 0.000000 0.000000 0.000000 0.000000 0.000000 0.000000 0.000000 0.000000 0.000000 0.000000 0.000000 0.000000 0.000000 0.000000 0.000000 0.000000 0.000000 0.000000 0.000000 0.000000 0.000000 0.000000 0.000000 0.000000 0.000000 0.000000 0.000000 0.000000 0.000000 0.000000 0.000000 0.000000 0.000000 0.000000 0.000000 0.000000 0.000000
-182.114761 5.050003 281.609863 112.429337 -175.517960 -179.928787 164.991638 168.558899 178.008041 35.239326 -2.460419 -3.790511 176.130188 -174.924408 -174.367798 146.303528 177.634521 177.566971 20.136625 8.663004 -0.895711 60.527321 -7.865146 -3.210752 176.367783 175.950729 -179.583847 176.368454 175.999481 -179.132050 162.900116 176.830811 179.900925 0.000000 -1.378237 -0.542384 180.000000 -178.392059 179.438248 3.022105 -1.167100 -0.392156 3.771248 -7.954749 7.086348 24.523685 6.482327 80.914635 13.127558 2.678905 3.192861 176.197510 179.770340 169.516541 25.799690 59.046158 -9.321609 180.000000 180.000000 -145.914001 180.000000 -180.000000 -167.457855 0.000000 -0.000000 0.000000 15.000000 0.000002 25.360153 180.000000 -180.000000 -159.250778 180.000000 -180.000000 -165.475555 0.000000 -0.000000 0.000000 180.000000 -179.999985 -152.110779 180.000000 -180.000000 -148.693069 180.000000 -180.000000 -159.149582 0.000000 -0.000000 0.000000 170.000000 179.999985 -151.745712 0.000000 0.000002 33.834686 0.000003 -0.000001 22.533895 0.000000 -0.000000 0.000000 160.000015 -180.000000 -158.092850 0.000001 -0.000002 32.860710 0.000003 -0.000002 21.885237 2.885852 -6.269125 -9.616062 144.900085 171.012924 103.919556 164.111603 -176.448639 177.826172 1.981888 -32.487518 16.114851 117.326500 120.703499 155.776199 180.000000 -180.000000 143.356033 180.000000 -180.000000 166.217957 0.000000 -0.000000 0.000000 165.000015 179.999985 139.728851 0.000000 0.000000 -32.949116 180.000000 180.000000 156.823944 0.000000 -0.000000 0.000000 180.000000 -180.000000 141.984436 0.000001 -0.000002 -54.193825 180.000000 -180.000000 143.348160 0.000000 -0.000000 0.000000 9.999998 0.000001 -32.527512 0.000001 -0.000002 -48.791256 0.000000 -0.000000 -32.494980 0.000000 -0.000000 0.000000 20.000002 -0.000001 -35.221035 180.000000 -179.999985 127.168434 180.000000 -180.000000 144.814194
-182.121567 5.047462 281.609131 112.410088 -175.563126 -179.910782 165.009018 168.583176 178.077438 35.321400 -2.337192 -3.832016 176.048950 -174.830139 -174.397385 146.334122 177.684372 177.621094 20.110741 8.766298 -0.891791 60.534702 -7.854123 -3.318117 176.369934 175.956436 -179.583572 176.370605 176.005112 -179.131943 162.910492 176.834549 179.903397 0.000002 -1.379322 -0.541228 180.000000 -178.390778 179.439438 2.995548 -1.168256 -0.390972 3.760411 -7.952147 7.081135 24.557791 6.494272 80.907433 13.156080 2.690320 3.203377 176.197540 179.745102 169.504944 25.786076 58.994740 -9.346872 0.000000 0.000000 34.089848 0.000001 -0.000001 12.544565 0.000000 -0.000000 0.000000 15.000006 0.000000 25.371962 0.000000 -0.000000 20.758877 0.000000 0.000002 14.531216 0.000000 -0.000000 0.000000 0.000000 0.000001 27.889914 0.000002 0.000000 31.311014 180.000000 -180.000000 -159.146866 0.000000 -0.000000 0.000000 170.000000 179.999985 -151.742905 0.000003 -0.000001 33.857353 0.000003 -0.000001 22.548990 0.000000 -0.000000 0.000000 160.000015 180.000000 -158.098373 0.000000 0.000002 32.852432 180.000000 180.000000 -158.120285 2.862007 -6.277462 -9.602828 144.837662 170.988678 103.901321 164.124344 -176.453079 177.835312 1.930603 -32.477943 16.112501 117.279922 120.647629 155.702682 180.000000 -180.000000 143.360474 180.000000 180.000000 166.219284 0.000000 -0.000000 0.000000 165.000000 -180.000000 139.914337 0.000000 0.000000 -32.797348 179.999985 -179.999985 156.961411 0.000000 -0.000000 0.000000 0.000003 -0.000003 -35.687267 0.000001 -0.000002 -53.530880 180.000000 -180.000000 144.348419 0.000000 -0.000000 0.000000 10.000001 0.000002 -32.285275 180.000000 180.000000 131.572113 180.000000 180.000000 147.747025 0.000000 -0.000000 0.000000 20.000002 -0.000003 -35.082653 0.000002 0.000003 -52.623981 0.000004 -0.000001 -35.047573
-182.128281 5.045123 281.608276 112.391136 -175.605530 -179.891876 165.025864 168.599396 178.158859 35.401249 -2.221404 -3.890271 175.970657 -174.743439 -174.423721 146.385330 177.733139 177.681641 20.068777 8.880195 -0.892963 60.542606 -7.844058 -3.432643 176.371597 175.959778 -179.583466 176.372269 176.008408 -179.131989 162.918427 176.836807 179.904846 0.000003 -1.379876 -0.541388 180.000000 -178.390137 179.439270 2.970876 -1.168898 -0.390592 3.752619 -7.954227 7.073469 24.577660 6.498610 80.902962 13.178482 2.704527 3.218480 176.209854 179.744568 169.503845 25.743280 58.973377 -9.386339 0.000000 -0.000001 34.089909 0.000000 -0.000000 12.545418 0.000002 -0.000000 0.000000 15.000004 0.000001 25.366619 0.000003 -0.000001 20.754505 0.000000 -0.000000 14.528152 0.000002 -0.000000 0.000000 0.000004 0.000002 27.890709 0.000003 -0.000001 31.315865 0.000003 -0.000001 20.856358 0.000002 -0.000000 0.000000 170.000000 -180.000000 -151.743011 180.000000 180.000000 -146.143372 180.000000 179.999985 -157.451477 0.000002 -0.000000 0.000000 160.000015 180.000000 -158.085159 0.000002 0.000000 32.872269 0.000007 -0.000000 21.892933 2.842075 -6.290345 -9.593834 144.778976 170.963348 103.881149 164.133987 -176.451599 177.849869 1.883628 -32.428452 16.098005 117.385490 120.655060 155.812790 180.000000 179.999985 143.361084 0.000002 -0.000003 -13.781750 0.000000 -0.000000 0.000000 165.000000 180.000000 140.023758 180.000000 180.000000 147.292160 180.000000 -180.000000 157.042374 0.000000 -0.000000 0.000000 180.000000 180.000000 146.160889 180.000000 -179.999985 129.241333 0.000000 0.000000 -33.805271 0.000000 -0.000000 0.000000 9.999997 -0.000001 -31.659744 180.000000 -180.000000 132.510391 180.000000 180.000000 148.371933 0.000000 -0.000000 0.000000 20.000000 0.000001 -34.855919 180.000000 -180.000000 127.716133 180.000000 179.999985 145.178970
-182.135590 5.043026 281.607269 112.367874 -175.652145 -179.870880 165.057297 168.629272 178.203979 35.479462 -2.113409 -3.911358 175.882355 -174.650223 -174.451080 146.441467 177.785385 177.753250 20.027998 9.014147 -0.895252 60.551834 -7.835264 -3.564366 176.373672 175.966629 -179.584457 176.374329 176.015198 -179.134033 162.928680 176.842514 179.905045 0.000003 -1.375965 -0.542614 0.000001 -1.605296 -0.561990 2.944626 -1.165678 -0.390627 3.742748 -7.946074 7.065527 24.586269 6.495444 80.900314 13.200655 2.718224 3.231907 176.220200 179.734787 169.502533 25.679554 58.933945 -9.444037 180.000000 -180.000000 -145.903000 180.000000 -180.000000 -167.447495 0.000000 -0.000000 0.000000 14.999999 -0.000002 25.371147 0.000000 0.000002 20.758217 0.000000 -0.000000 14.530749 0.000000 -0.000000 0.000000 180.000000 -180.000000 -152.107452 180.000000 -180.000000 -148.673050 180.000000 -180.000000 -159.136261 0.000000 -0.000000 0.000000 170.000000 -180.000000 -151.743820 0.000001 -0.000001 33.849949 0.000000 -0.000000 22.544065 0.000000 -0.000000 0.000000 160.000000 -180.000000 -158.082932 0.000002 -0.000000 32.875610 180.000000 180.000000 -158.104843 2.823346 -6.293943 -9.585834 144.722397 170.935181 103.856247 164.140793 -176.444092 177.867462 1.828623 -32.370979 16.093525 117.341583 120.725258 155.786591 180.000000 180.000000 143.323868 0.000001 0.000002 -13.809451 0.000000 -0.000000 0.000000 165.000000 179.999985 140.034485 0.000001 -0.000005 -32.699051 180.000000 179.999985 157.050308 0.000000 -0.000000 0.000000 180.000000 -180.000000 146.879974 0.000000 -0.000001 -49.680046 180.000000 179.999985 146.913086 0.000000 -0.000000 0.000000 9.999999 0.000002 -31.099573 180.000000 180.000000 133.350632 180.000000 180.000000 148.931534 0.000000 -0.000000 0.000000 20.000004 -0.000001 -34.729904 180.000000 180.000000 127.905128 0.000000 -0.000001 -34.695183
-182.143585 5.041201 281.606140 112.340767 -175.703918 -179.847534 165.087646 168.659561 178.272690 35.579025 -1.976808 -3.949993 175.777435 -174.537186 -174.484116 146.494064 177.841888 177.820847 19.996622 9.137510 -0.898122 60.559940 -7.823357 -3.687351 176.375885 175.974365 -179.586304 176.376526 176.022919 -179.137543 162.939774 176.849625 179.903824 0.000005 -1.369237 -0.543435 0.000001 -1.597444 -0.562842 2.918737 -1.160045 -0.390293 3.731057 -7.929586 7.058665 24.587984 6.485029 80.896927 13.222555 2.725996 3.244513 176.234085 179.707123 169.500427 25.602034 58.868881 -9.516667 180.000000 -180.000000 -145.888275 0.000001 -0.000001 12.565890 0.000000 -0.000000 0.000000 15.000004 0.000005 25.380922 0.000000 0.000002 20.766205 0.000003 -0.000002 14.536346 0.000000 -0.000000 0.000000 0.000001 -0.000001 27.891859 0.000002 0.000000 31.322769 0.000000 0.000001 20.860970 0.000000 -0.000000 0.000000 170.000000 179.999985 -151.742401 0.000003 -0.000003 33.861427 180.000000 -180.000000 -157.448288 0.000000 -0.000000 0.000000 160.000015 -179.999985 -158.073105 180.000000 -179.999985 -147.109665 180.000000 -179.999985 -158.095047 2.804649 -6.294197 -9.575968 144.688812 170.922531 103.832512 164.161087 -176.456345 177.872467 1.765830 -32.315361 16.095783 117.488380 120.768265 155.942810 180.000000 -180.000000 143.297043 180.000000 -180.000000 166.166611 180.000000 -180.000000 180.000000 165.000000 179.999985 140.497314 0.000003 0.000001 -32.320366 180.000000 -179.999985 157.375748 180.000000 -180.000000 180.000000 0.000001 0.000002 -32.077599 0.000004 -0.000000 -48.116409 180.000000 -180.000000 147.954468 180.000000 -180.000000 180.000000 9.999993 -0.000003 -30.886251 180.000000 -180.000000 133.670609 0.000003 0.000001 -30.855366 180.000000 -180.000000 180.000000 19.999994 0.000002 -34.597565 0.000001 -0.000002 -51.896355 180.000000 180.000000 145.437027
-182.150574 5.039717 281.605042 112.319733 -175.743835 -179.829178 165.119675 168.675385 178.363068 35.663025 -1.836263 -4.008126 175.681091 -174.427750 -174.512894 146.528137 177.887512 177.885666 19.977917 9.268929 -0.896389 60.567940 -7.805152 -3.820637 176.377350 175.979202 -179.587769 176.377991 176.027771 -179.140289 162.947250 176.854385 179.902435 180.000000 -178.638519 179.455872 0.000001 -1.588396 -0.563567 2.898160 -1.153495 -0.389949 3.716326 -7.903558 7.051645 24.586760 6.465629 80.891426 13.234854 2.724090 3.262921 176.253601 179.663834 169.493622 25.554476 58.826706 -9.562463 180.000000 -180.000000 -145.880371 0.000001 -0.000000 12.573112 0.000000 -0.000000 0.000000 15.000004 0.000000 25.383635 0.000000 0.000002 20.768425 0.000003 -0.000000 14.537893 0.000000 -0.000000 0.000000 0.000003 0.000004 27.897202 180.000000 -179.999985 -148.644867 0.000000 0.000002 20.882511 0.000000 -0.000000 0.000000 170.000000 179.999985 -151.739380 0.000004 -0.000000 33.885948 0.000003 -0.000000 22.568039 0.000000 -0.000000 0.000000 160.000015 -180.000000 -158.071167 180.000000 180.000000 -147.106735 180.000000 180.000000 -158.093094 2.789180 -6.291369 -9.567953 144.666489 170.909790 103.803650 164.175232 -176.465286 177.881500 1.715294 -32.261806 16.084866 117.683151 120.794029 156.153214 180.000000 -180.000000 143.300735 180.000000 -179.999985 166.167709 0.000000 -0.000000 0.000000 165.000015 -180.000000 140.633850 0.000004 -0.000001 -32.208660 0.000003 0.000002 -22.546066 0.000000 -0.000000 0.000000 180.000000 -179.999985 148.550858 0.000001 -0.000002 -47.173717 0.000009 0.000004 -31.417702 0.000000 -0.000000 0.000000 10.000004 0.000004 -30.618610 0.000003 0.000001 -45.927917 0.000010 0.000004 -30.587996 0.000000 -0.000000 0.000000 19.999990 0.000000 -34.517414 0.000000 0.000000 -51.776115 0.000001 -0.000002 -34.482906
-182.157547 5.038489 281.604004 112.299454 -175.788818 -179.809158 165.154602 168.706436 178.435989 35.749622 -1.690605 -4.042925 175.578415 -174.312057 -174.544250 146.547699 177.941605 177.956924 19.967361 9.425714 -0.888361 60.577419 -7.786642 -3.977327 176.378525 175.983643 -179.589676 176.379196 176.032227 -179.143677 162.953430 176.859238 179.900085 179.999985 -178.646942 179.456116 180.000000 -178.421432 179.436691 2.885376 -1.146355 -0.389154 3.709879 -7.896843 7.045599 24.570812 6.460924 80.892807 13.249730 2.719878 3.278447 176.274460 179.611938 169.488419 25.519293 58.750523 -9.600945 180.000000 -180.000000 -145.854492 0.000002 0.000002 12.594450 0.000000 -0.000000 0.000000 15.000004 -0.000004 25.412285 0.000003 -0.000004 20.791862 0.000003 -0.000004 14.554301 0.000000 -0.000000 0.000000 0.000002 0.000003 27.904245 180.000000 180.000000 -148.602112 0.000000 -0.000000 20.910986 0.000000 -0.000000 0.000000 170.000000 -180.000000 -151.738419 0.000000 0.000001 33.893871 0.000000 0.000001 22.573317 0.000000 -0.000000 0.000000 160.000015 179.999985 -158.047409 0.000001 0.000003 32.928890 0.000000 0.000001 21.930639 2.777282 -6.292248 -9.558331 144.650803 170.893799 103.768959 164.181976 -176.461060 177.888153 1.663630 -32.227894 16.081360 117.840668 120.847206 156.341721 0.000002 -0.000003 -36.692951 0.000001 0.000000 -13.826463 0.000000 -0.000000 0.000000 165.000015 -179.999985 140.871323 0.000003 0.000001 -32.014359 180.000000 180.000000 157.589951 0.000000 -0.000000 0.000000 180.000000 179.999985 148.765869 0.000004 0.000007 -46.851189 0.000003 0.000002 -31.202896 0.000000 -0.000000 0.000000 9.999999 0.000001 -30.558990 0.000004 -0.000001 -45.838474 180.000000 180.000000 149.471573 0.000000 -0.000000 0.000000 20.000002 0.000004 -34.504436 180.000000 180.000000 128.243332 180.000000 -180.000000 145.530060
-182.163635 5.037390 281.603180 112.284492 -175.828278 -179.792038 165.191620 168.735153 178.507385 35.854374 -1.524779 -4.065312 175.450256 -174.180405 -174.582169 146.548126 177.991974 178.018631 19.968927 9.571796 -0.875335 60.585274 -7.760060 -4.127512 176.379303 175.986237 -179.591248 176.379944 176.034851 -179.146454 162.957489 176.862518 179.897812 180.000000 -178.658997 179.456329 180.000000 -178.435486 179.436905 2.872812 -1.136096 -0.388233 3.701938 -7.885935 7.036846 24.548622 6.461754 80.897141 13.270039 2.714053 3.295584 176.279373 179.612289 169.498169 25.555864 58.752338 -9.565413 0.000001 -0.000000 34.160126 180.000000 180.000000 -167.394180 0.000000 -0.000000 0.000000 15.000000 -0.000001 25.430893 0.000000 -0.000000 20.807096 0.000003 -0.000002 14.564974 0.000000 -0.000000 0.000000 0.000002 -0.000006 27.902254 0.000002 -0.000000 31.385748 180.000000 180.000000 -159.097092 0.000000 -0.000000 0.000000 170.000000 -180.000000 -151.737671 0.000000 0.000001 33.900017 0.000006 -0.000003 22.577394 0.000000 -0.000000 0.000000 160.000015 179.999985 -158.038956 0.000004 -0.000000 32.941582 180.000000 -180.000000 -158.060898 2.762840 -6.287555 -9.547133 144.651962 170.890030 103.739983 164.197357 -176.460709 177.880020 1.602027 -32.230503 16.078918 117.852043 120.927353 156.393890 180.000000 179.999985 143.304871 180.000000 -180.000000 166.176407 0.000002 0.000000 -0.000002 165.000015 180.000000 141.178131 180.000000 -179.999985 148.236649 0.000003 0.000002 -22.234344 0.000002 0.000000 -0.000002 180.000000 179.999985 148.983719 0.000003 0.000001 -46.524399 0.000000 -0.000001 -30.985252 0.000002 0.000000 -0.000002 10.000006 0.000002 -30.564732 180.000000 180.000000 134.152908 180.000000 180.000000 149.465836 0.000002 0.000000 -0.000002 20.000006 0.000003 -34.554543 0.000003 0.000001 -51.831799 0.000003 0.000003 -34.519985
-182.168579 5.036464 281.602448 112.277908 -175.865143 -179.774445 165.232056 168.755463 178.600677 35.944572 -1.362226 -4.111094 175.325470 -174.060501 -174.617828 146.544434 178.045013 178.077835 19.960066 9.730482 -0.856176 60.592957 -7.725480 -4.292529 176.378845 175.986771 -179.593018 176.379486 176.035446 -179.149414 162.955704 176.864517 179.894302 0.000007 -1.331825 -0.542754 179.999985 -178.446213 179.437851 2.869206 -1.128252 -0.387199 3.698029 -7.884490 7.028950 24.526148 6.468044 80.902641 13.281804 2.700012 3.317432 176.292145 179.608963 169.503479 25.582920 58.783909 -9.536436 180.000000 180.000000 -145.843430 0.000001 -0.000000 12.602707 0.000000 -0.000000 0.000000 15.000004 0.000003 25.424620 0.000003 -0.000002 20.801964 0.000000 -0.000000 14.561373 0.000000 -0.000000 0.000000 180.000000 -180.000000 -152.096909 0.000002 0.000002 31.390884 0.000000 0.000000 20.906328 0.000000 -0.000000 0.000000 170.000000 -179.999985 -151.737823 180.000000 179.999985 -146.101395 180.000000 -179.999985 -157.423538 0.000000 -0.000000 0.000000 160.000000 -180.000000 -158.053024 180.000000 179.999985 -147.079529 0.000003 -0.000002 21.925026 2.752939 -6.289465 -9.535098 144.660995 170.884644 103.709663 164.203354 -176.455612 177.874664 1.552415 -32.250687 16.045795 117.842949 120.912231 156.388763 180.000000 -180.000000 143.328659 0.000003 0.000000 -13.803249 0.000000 -0.000000 0.000000 165.000000 -179.999985 141.356689 180.000000 180.000000 148.382751 0.000000 0.000000 -22.132071 0.000000 -0.000000 0.000000 0.000006 -0.000002 -31.028372 0.000000 0.000000 -46.542549 180.000000 -179.999985 149.002655 0.000000 -0.000000 0.000000 10.000003 -0.000001 -30.636015 0.000000 -0.000001 -45.954029 0.000003 0.000001 -30.605385 0.000000 -0.000000 0.000000 20.000002 0.000003 -34.612606 180.000000 179.999985 128.081085 0.000001 -0.000002 -34.577999
-182.172897 5.035715 281.601807 112.273743 -175.900467 -179.757217 165.280136 168.772629 178.692413 36.050751 -1.198079 -4.151691 175.174438 -173.939240 -174.656357 146.539383 178.096100 178.130524 19.949167 9.909507 -0.817801 60.602081 -7.689361 -4.486454 176.378448 175.989182 -179.594971 176.379089 176.037903 -179.152740 162.954376 176.867981 179.890915 180.000000 -178.679245 179.456619 180.000000 -178.459122 179.437210 2.869184 -1.118726 -0.387084 3.697798 -7.877580 7.016402 24.497719 6.481561 80.908890 13.303609 2.692371 3.338398 176.285568 179.619492 169.533539 25.591824 58.826637 -9.520313 0.000001 -0.000000 34.147465 180.000000 180.000000 -167.404282 0.000000 -0.000000 0.000000 14.999999 -0.000003 25.410316 180.000000 180.000000 -159.209747 0.000000 -0.000000 14.553188 0.000000 -0.000000 0.000000 0.000003 -0.000002 27.897396 180.000000 179.999985 -148.643707 0.000000 -0.000000 20.883287 0.000000 -0.000000 0.000000 170.000000 -180.000000 -151.745804 0.000000 0.000002 33.833889 180.000000 179.999985 -157.466629 0.000000 -0.000000 0.000000 160.000015 180.000000 -158.074387 180.000000 180.000000 -147.111588 0.000004 0.000000 21.903673 2.744813 -6.285330 -9.523139 144.670044 170.878281 103.681190 164.202209 -176.440323 177.869598 1.503527 -32.284592 16.002119 117.838333 120.921112 156.402054 0.000000 -0.000002 -36.644749 0.000001 0.000000 -13.779054 180.000000 180.000000 -180.000000 165.000015 -180.000000 141.758331 180.000000 179.999985 148.711380 0.000003 0.000001 -21.902046 180.000000 180.000000 -180.000000 0.000001 -0.000003 -31.058010 180.000000 -179.999985 133.413010 180.000000 -180.000000 148.973053 180.000000 180.000000 -180.000000 10.000001 -0.000006 -30.736490 0.000003 0.000002 -46.104748 0.000003 0.000000 -30.705753 180.000000 180.000000 -180.000000 19.999998 -0.000004 -34.614086 0.000001 -0.000003 -51.921150 0.000003 0.000002 -34.579479
-182.176804 5.035048 281.601196 112.271523 -175.933350 -179.740707 165.319901 168.786392 178.776352 36.198738 -1.016234 -4.176027 174.987778 -173.799911 -174.706406 146.541092 178.145889 178.193115 19.927999 10.082613 -0.793859 60.608925 -7.640245 -4.675817 176.377441 175.988525 -179.596649 176.378082 176.037323 -179.155472 162.949921 176.869064 179.887177 180.000000 -178.689316 179.454971 0.000002 -1.529123 -0.564494 2.877222 -1.109948 -0.387792 3.703675 -7.873348 7.000198 24.462704 6.502965 80.916885 13.333655 2.694764 3.358682 176.279785 179.638840 169.568359 25.595453 58.875950 -9.506498 0.000001 -0.000001 34.137455 0.000000 0.000002 12.588294 0.000000 -0.000000 0.000000 14.999999 -0.000004 25.385674 0.000000 -0.000000 20.770094 0.000000 0.000003 14.539062 0.000000 -0.000000 0.000000 0.000002 0.000002 27.886286 0.000000 0.000001 31.289202 0.000003 -0.000002 20.838604 0.000000 -0.000000 0.000000 170.000000 -180.000000 -151.753601 0.000004 -0.000006 33.771175 180.000000 -180.000000 -157.508377 0.000000 -0.000000 0.000000 160.000000 180.000000 -158.112518 0.000001 0.000004 32.831223 180.000000 179.999985 -158.134399 2.741719 -6.283526 -9.511085 144.690460 170.877197 103.662376 164.202072 -176.421432 177.854172 1.453013 -32.325954 15.943382 117.928505 120.848221 156.478333 180.000000 180.000000 143.403702 180.000000 -180.000000 166.257477 0.000000 -0.000000 0.000000 165.000000 -180.000000 142.109436 180.000000 -179.999985 148.998627 0.000003 0.000004 -21.700968 0.000000 -0.000000 0.000000 0.000002 0.000000 -31.125807 0.000006 0.000003 -46.688709 180.000000 -180.000000 148.905304 0.000000 -0.000000 0.000000 9.999998 0.000003 -30.750498 0.000001 -0.000002 -46.125740 180.000000 -180.000000 149.280258 0.000000 -0.000000 0.000000 19.999996 0.000000 -34.667496 180.000000 -180.000000 127.998756 0.000000 -0.000001 -34.632828
-182.181244 5.034485 281.600342 112.262077 -175.962646 -179.725296 165.351837 168.798233 178.863571 36.357590 -0.839845 -4.206483 174.805466 -173.671173 -174.754517 146.550461 178.188965 178.259232 19.909851 10.261590 -0.769631 60.614330 -7.573756 -4.884232 176.377411 175.988770 -179.598206 176.378052 176.037628 -179.158035 162.950150 176.870651 179.884186 180.000000 -178.697113 179.451447 0.000003 -1.520045 -0.568154 2.891163 -1.103043 -0.389859 3.715227 -7.868329 6.982014 24.429472 6.526840 80.923836 13.351789 2.694615 3.380378 176.283005 179.662292 169.603088 25.576597 58.937588 -9.514435 0.000000 -0.000000 34.110023 180.000000 -180.000000 -167.433014 0.000000 -0.000000 0.000000 15.000004 -0.000002 25.355526 180.000000 -180.000000 -159.254578 0.000000 -0.000000 14.521795 0.000000 -0.000000 0.000000 180.000000 -179.999985 -152.123901 180.000000 180.000000 -148.771973 0.000000 0.000000 20.797869 0.000000 -0.000000 0.000000 170.000000 179.999985 -151.762909 180.000000 180.000000 -146.303131 0.000000 0.000001 22.442106 0.000000 -0.000000 0.000000 160.000015 -179.999985 -158.154404 180.000000 -179.999985 -147.231598 0.000000 0.000001 21.823746 2.743119 -6.279932 -9.503066 144.721558 170.875320 103.649315 164.194351 -176.409088 177.840225 1.417990 -32.395077 15.865397 117.962173 120.720291 156.469360 0.000001 0.000002 -36.548019 0.000001 -0.000002 -13.708523 0.000000 -0.000000 0.000000 165.000000 -180.000000 142.276337 0.000000 -0.000002 -30.864815 0.000003 0.000002 -21.605370 0.000000 -0.000000 0.000000 180.000000 -179.999985 148.895691 0.000002 -0.000004 -46.656445 180.000000 -180.000000 148.926804 0.000000 -0.000000 0.000000 10.000004 -0.000004 -30.753262 0.000000 0.000000 -46.129875 180.000000 -180.000000 149.277496 0.000000 -0.000000 0.000000 20.000002 -0.000007 -34.656044 180.000000 180.000000 128.015945 180.000000 -180.000000 145.378616
-182.187195 5.034037 281.599274 112.240196 -175.993546 -179.710052 165.384369 168.811401 178.968307 36.537506 -0.642652 -4.245396 174.613815 -173.532913 -174.807312 146.565460 178.232193 178.338318 19.893965 10.468996 -0.742706 60.620857 -7.507362 -5.121673 176.378937 175.990494 -179.599976 176.379578 176.039429 -179.161148 162.957794 176.873566 179.881546 180.000000 -178.704422 179.446136 0.000005 -1.511503 -0.573656 2.915122 -1.096401 -0.393212 3.731152 -7.859311 6.963708 24.398996 6.552863 80.927177 13.374640 2.698543 3.397763 176.306778 179.651932 169.607071 25.569004 58.948978 -9.509389 180.000000 180.000000 -145.875809 180.000000 -180.000000 -167.420349 0.000000 -0.000000 0.000000 15.000002 0.000001 25.359383 0.000000 0.000002 20.748583 180.000000 -180.000000 -165.475983 0.000000 -0.000000 0.000000 180.000000 180.000000 -152.125961 0.000000 0.000001 31.215761 180.000000 180.000000 -159.210297 0.000000 -0.000000 0.000000 170.000000 -179.999985 -151.766800 0.000002 0.000001 33.666115 0.000000 0.000000 22.421633 0.000000 -0.000000 0.000000 160.000000 -180.000000 -158.165390 0.000001 -0.000001 32.751919 180.000000 -180.000000 -158.187225 2.747908 -6.272031 -9.495481 144.766876 170.872498 103.641418 164.180664 -176.391785 177.831863 1.387475 -32.433079 15.800111 118.160416 120.680450 156.660217 0.000000 0.000000 -36.520557 0.000000 0.000000 -13.690675 180.000000 180.000000 180.000000 165.000000 179.999985 142.538437 0.000000 -0.000002 -30.650368 180.000000 -180.000000 158.544739 180.000000 180.000000 180.000000 0.000001 0.000002 -31.036572 180.000000 -179.999985 133.445145 0.000000 0.000000 -31.005524 180.000000 180.000000 180.000000 10.000006 -0.000000 -30.695383 0.000002 0.000003 -46.043072 0.000000 -0.000001 -30.664684 180.000000 180.000000 180.000000 20.000006 0.000008 -34.590412 0.000001 -0.000003 -51.885609 0.000001 -0.000002 -34.555817
-182.193924 5.033591 281.598022 112.211678 -176.020279 -179.698364 165.408371 168.823654 179.065887 36.746372 -0.420721 -4.262715 174.407562 -173.368668 -174.869385 146.580460 178.266541 178.412247 19.885338 10.658449 -0.717918 60.625065 -7.432405 -5.351326 176.380722 175.990021 -179.600449 176.381363 176.038986 -179.162003 162.966217 176.873764 179.881042 0.000003 -1.289327 -0.561234 0.000014 -1.504208 -0.581284 2.947648 -1.090556 -0.398017 3.752403 -7.848734 6.940078 24.373867 6.582043 80.928825 13.396909 2.706658 3.411852 176.338516 179.650589 169.615555 25.565912 58.984791 -9.490996 0.000001 -0.000000 34.142456 0.000001 -0.000001 12.596261 0.000002 0.000002 0.000000 15.000002 0.000001 25.352331 0.000004 0.000001 20.742819 180.000000 180.000000 -165.480026 0.000002 0.000002 0.000000 0.000000 0.000002 27.870193 0.000002 0.000001 31.192852 0.000000 0.000001 20.774437 0.000002 0.000002 0.000000 170.000000 180.000000 -151.770889 0.000002 0.000001 33.633892 180.000000 180.000000 -157.599823 0.000002 0.000002 0.000000 160.000000 -179.999985 -158.184174 180.000000 -179.999985 -147.276260 0.000000 0.000003 21.794016 2.755196 -6.261983 -9.490696 144.819305 170.879440 103.646225 164.177826 -176.360168 177.819595 1.359407 -32.479828 15.757792 118.272049 120.653473 156.761414 180.000000 180.000000 143.487350 180.000000 180.000000 166.312439 0.000000 0.000002 0.000000 165.000000 180.000000 142.582855 180.000000 179.999985 149.385971 0.000000 0.000000 -21.429813 0.000000 0.000002 0.000000 0.000000 0.000000 -30.945969 0.000005 0.000006 -46.418957 180.000000 -180.000000 149.084991 0.000000 0.000002 0.000000 10.000004 -0.000000 -30.646402 0.000000 0.000000 -45.969597 180.000000 180.000000 149.384262 0.000000 0.000002 0.000000 20.000002 -0.000002 -34.500282 180.000000 180.000000 128.249588 180.000000 -180.000000 145.534225
-182.201797 5.033200 281.596313 112.173492 -176.046539 -179.684662 165.429504 168.835358 179.165390 36.932419 -0.209552 -4.288020 174.237289 -173.216400 -174.929550 146.597504 178.305801 178.502045 19.868425 10.868230 -0.705199 60.628365 -7.350024 -5.597825 176.383194 175.987442 -179.601013 176.383820 176.036499 -179.162918 162.977707 176.872604 179.880112 0.000015 -1.284350 -0.570270 0.000008 -1.498402 -0.590644 2.988978 -1.085673 -0.404056 3.774754 -7.847749 6.919044 24.362366 6.607705 80.929245 13.395313 2.715045 3.421986 176.346436 179.642151 169.625381 25.571825 58.995888 -9.487219 0.000001 -0.000000 34.133820 0.000000 0.000001 12.588968 0.000000 -0.000000 0.000000 15.000004 -0.000002 25.348066 0.000000 -0.000000 20.739319 0.000000 -0.000000 14.517523 0.000000 -0.000000 0.000000 180.000000 -180.000000 -152.136108 0.000003 -0.000001 31.155357 0.000000 0.000001 20.749474 0.000000 -0.000000 0.000000 170.000000 180.000000 -151.777664 0.000000 0.000001 33.580681 0.000000 0.000001 22.364733 0.000000 -0.000000 0.000000 160.000000 180.000000 -158.205063 0.000003 0.000003 32.692417 0.000003 -0.000001 21.773146 2.764641 -6.259997 -9.487629 144.882690 170.880875 103.654648 164.167984 -176.335648 177.813934 1.347941 -32.537590 15.716991 118.210579 120.595024 156.679016 180.000000 -179.999985 143.505997 0.000000 0.000000 -13.673537 0.000000 -0.000000 0.000000 165.000000 179.999985 142.763229 0.000003 0.000001 -30.466438 0.000001 -0.000003 -21.326506 0.000000 -0.000000 0.000000 0.000002 -0.000001 -30.918087 180.000000 -180.000000 133.622879 180.000000 -179.999985 149.112839 0.000000 -0.000000 0.000000 10.000008 -0.000003 -30.600077 180.000000 179.999985 134.099884 180.000000 -179.999985 149.430527 0.000000 -0.000000 0.000000 19.999994 -0.000002 -34.431679 180.000000 -180.000000 128.352509 0.000001 -0.000002 -34.397228
-182.210571 5.033035 281.593994 112.124313 -176.066711 -179.669022 165.454132 168.833908 179.275909 37.106972 0.007334 -4.323795 174.085098 -173.060989 -174.993195 146.613022 178.345871 178.582474 19.843737 11.112856 -0.673106 60.634289 -7.283004 -5.872941 176.386993 175.983093 -179.602112 176.387634 176.032318 -179.164764 162.995590 176.870804 179.878082 0.000012 -1.277267 -0.582049 0.000012 -1.490137 -0.602845 3.032055 -1.078869 -0.411686 3.793022 -7.844877 6.898534 24.369577 6.630537 80.927513 13.391274 2.719549 3.426538 176.337463 179.631409 169.639633 25.581078 59.025627 -9.468609 180.000000 -180.000000 -145.862335 0.000000 0.000001 12.592717 0.000000 -0.000000 0.000000 15.000008 -0.000001 25.335304 0.000003 -0.000002 20.728880 0.000000 -0.000000 14.510211 0.000000 -0.000000 0.000000 180.000000 179.999985 -152.144226 0.000001 0.000003 31.107256 180.000000 -180.000000 -159.282562 0.000000 -0.000000 0.000000 170.000000 180.000000 -151.784897 0.000002 0.000000 33.524311 0.000000 0.000001 22.327196 0.000000 -0.000000 0.000000 160.000015 -180.000000 -158.239120 180.000000 179.999985 -147.358658 180.000000 180.000000 -158.260864 2.766530 -6.256445 -9.482274 144.943344 170.883072 103.670395 164.160828 -176.307419 177.810181 1.340670 -32.583710 15.691523 118.166969 120.582848 156.629379 0.000000 0.000000 -36.493706 0.000002 0.000000 -13.673185 0.000000 -0.000000 0.000000 165.000015 179.999985 142.780289 180.000000 -179.999985 149.547516 180.000000 180.000000 158.683258 0.000000 -0.000000 0.000000 0.000002 0.000000 -30.911108 0.000003 0.000001 -46.366661 180.000000 -180.000000 149.119812 0.000000 -0.000000 0.000000 9.999993 -0.000004 -30.595955 0.000001 -0.000002 -45.893940 180.000000 -179.999985 149.434647 0.000000 -0.000000 0.000000 19.999998 -0.000000 -34.414757 0.000003 0.000001 -51.622116 0.000003 0.000003 -34.380333
-182.218872 5.033044 281.591553 112.079460 -176.083115 -179.653458 165.471451 168.824829 179.374878 37.298153 0.233271 -4.338455 173.920273 -172.889618 -175.069763 146.626495 178.386734 178.652679 19.808727 11.346354 -0.642136 60.639336 -7.222535 -6.131612 176.389923 175.976959 -179.603134 176.390549 176.026352 -179.166336 163.009171 176.867661 179.875580 0.000015 -1.266493 -0.597140 0.000017 -1.477567 -0.618474 3.075775 -1.068768 -0.421157 3.805384 -7.839145 6.876862 24.387783 6.641335 80.925392 13.375774 2.730964 3.426033 176.323532 179.624649 169.659866 25.584976 59.036766 -9.464315 0.000001 -0.000001 34.133110 0.000000 -0.000000 12.588988 0.000000 -0.000000 0.000000 14.999993 0.000003 25.324501 0.000003 -0.000001 20.720039 180.000000 180.000000 -165.495972 0.000000 -0.000000 0.000000 0.000002 -0.000000 27.847990 0.000003 -0.000002 31.061457 0.000003 -0.000001 20.686935 0.000000 -0.000000 0.000000 170.000000 180.000000 -151.792450 0.000002 -0.000004 33.465797 0.000004 0.000000 22.288219 0.000000 -0.000000 0.000000 160.000015 -180.000000 -158.276611 0.000002 0.000001 32.585075 0.000003 -0.000001 21.701658 2.759991 -6.247511 -9.472093 144.994080 170.894699 103.691887 164.164062 -176.276566 177.806732 1.339528 -32.615505 15.664310 118.075584 120.569313 156.535431 0.000000 0.000000 -36.485207 0.000000 0.000000 -13.664717 0.000002 0.000000 -0.000002 165.000000 179.999985 142.791412 0.000000 -0.000002 -30.443378 0.000000 -0.000002 -21.310366 0.000002 0.000000 -0.000002 0.000001 0.000004 -30.902252 180.000000 -179.999985 133.646637 0.000003 0.000002 -30.871342 0.000002 0.000000 -0.000002 10.000003 -0.000001 -30.592861 0.000002 0.000003 -45.889290 180.000000 -180.000000 149.437729 0.000002 0.000000 -0.000002 20.000002 0.000004 -34.428398 0.000000 0.000000 -51.642597 0.000004 0.000000 -34.393967
-182.226547 5.033239 281.589020 112.039391 -176.096985 -179.635757 165.480621 168.801682 179.469559 37.472252 0.428332 -4.363525 173.776138 -172.737747 -175.144562 146.636505 178.436722 178.721802 19.760252 11.605573 -0.607595 60.644089 -7.159747 -6.412256 176.391708 175.968567 -179.604416 176.392349 176.018173 -179.168182 163.017441 176.863174 179.871750 0.000016 -1.258788 -0.612074 0.000017 -1.468580 -0.633937 3.116193 -1.061322 -0.430616 3.815543 -7.842334 6.857413 24.414944 6.662862 80.921448 13.357124 2.737242 3.425537 176.302826 179.613785 169.681763 25.596733 59.016842 -9.474827 0.000001 0.000000 34.107121 0.000002 -0.000000 12.565885 0.000000 -0.000000 0.000000 15.000000 -0.000001 25.316013 0.000000 -0.000000 20.713095 0.000000 -0.000000 14.499165 0.000000 -0.000000 0.000000 180.000000 179.999985 -152.160080 180.000000 -179.999985 -148.985870 0.000003 -0.000001 20.655415 0.000000 -0.000000 0.000000 170.000000 -180.000000 -151.799911 0.000002 0.000001 33.408276 180.000000 -180.000000 -157.750092 0.000000 -0.000000 0.000000 160.000000 179.999985 -158.300491 0.000003 0.000000 32.549252 0.000003 -0.000002 21.677805 2.753013 -6.244904 -9.459228 145.012222 170.897034 103.711449 164.160889 -176.241058 177.808090 1.353551 -32.672962 15.621853 117.926033 120.529396 156.375305 180.000000 180.000000 143.534607 0.000001 0.000000 -13.646801 0.000002 -0.000000 0.000000 165.000015 180.000000 143.004791 180.000000 -179.999985 149.731201 180.000000 180.000000 158.811844 0.000002 -0.000000 0.000000 0.000004 -0.000001 -30.837881 180.000000 -179.999985 133.743195 180.000000 -180.000000 149.192963 0.000002 -0.000000 0.000000 10.000001 -0.000000 -30.573666 0.000001 -0.000002 -45.860493 0.000003 0.000000 -30.543089 0.000002 -0.000000 0.000000 20.000008 -0.000001 -34.405323 180.000000 -179.999985 128.391998 180.000000 -180.000000 145.629074
-182.234863 5.033731 281.586029 111.989586 -176.109482 -179.615860 165.494995 168.765488 179.578217 37.665043 0.622995 -4.401498 173.617935 -172.586960 -175.225906 146.651535 178.498123 178.804123 19.705832 11.920887 -0.567668 60.651665 -7.112185 -6.730364 176.395584 175.960159 -179.606873 176.396225 176.010056 -179.172119 163.035660 176.859833 179.866180 0.000019 -1.246668 -0.628664 0.000017 -1.454442 -0.651118 3.148986 -1.050075 -0.440725 3.813981 -7.839757 6.840932 24.440220 6.680999 80.913872 13.350107 2.747792 3.426691 176.270782 179.599518 169.706207 25.585789 58.992981 -9.502424 0.000001 -0.000000 34.084007 180.000000 -180.000000 -167.454102 0.000000 0.000000 -0.000003 15.000006 0.000003 25.306921 0.000003 -0.000002 20.705648 180.000000 -180.000000 -165.506027 0.000000 0.000000 -0.000003 0.000000 -0.000000 27.832605 180.000000 179.999985 -149.028503 0.000006 -0.000004 20.627012 0.000000 0.000000 -0.000003 170.000000 -180.000000 -151.806671 0.000003 -0.000003 33.356781 180.000000 179.999985 -157.784393 0.000000 0.000000 -0.000003 160.000000 179.999985 -158.321442 0.000000 -0.000000 32.517818 0.000003 -0.000001 21.656868 2.735245 -6.231803 -9.437575 145.008911 170.892685 103.732666 164.141052 -176.217911 177.810730 1.367530 -32.722610 15.576093 117.780449 120.485764 156.218094 0.000000 0.000000 -36.443611 0.000001 0.000000 -13.627499 0.000000 -0.000000 0.000000 165.000000 -180.000000 143.117813 0.000000 0.000000 -30.176325 180.000000 -179.999985 158.876587 0.000000 -0.000000 0.000000 0.000003 -0.000003 -30.787659 0.000000 0.000000 -46.181488 180.000000 180.000000 149.243118 0.000000 -0.000000 0.000000 10.000000 0.000002 -30.541361 0.000001 -0.000002 -45.812046 0.000000 0.000000 -30.510824 0.000000 -0.000000 0.000000 19.999996 0.000008 -34.380363 0.000002 0.000004 -51.570545 0.000000 0.000000 -34.345978
-182.242920 5.034398 281.583221 111.944359 -176.121719 -179.597656 165.503250 168.729721 179.676758 37.893742 0.839722 -4.409698 173.424255 -172.404129 -175.320663 146.664978 178.561752 178.883362 19.657492 12.224400 -0.531474 60.656273 -7.054827 -7.038270 176.398239 175.949417 -179.609406 176.398880 175.999619 -179.175980 163.048065 176.854935 179.859634 0.000025 -1.234352 -0.644389 0.000010 -1.440074 -0.667402 3.179482 -1.038693 -0.450229 3.807302 -7.835621 6.825906 24.465322 6.696843 80.903221 13.353954 2.756721 3.431993 176.274170 179.586914 169.711441 25.609922 58.982002 -9.488508 0.000001 0.000000 34.082352 180.000000 -180.000000 -167.456573 0.000000 -0.000000 0.000000 15.000000 0.000002 25.315876 180.000000 -180.000000 -159.287018 0.000000 0.000002 14.499089 0.000000 -0.000000 0.000000 180.000000 179.999985 -152.169388 180.000000 179.999985 -149.040207 180.000000 -180.000000 -159.380768 0.000000 -0.000000 0.000000 170.000000 180.000000 -151.808899 180.000000 -180.000000 -146.660263 180.000000 -180.000000 -157.795746 0.000000 -0.000000 0.000000 160.000000 179.999985 -158.324524 0.000002 -0.000000 32.513210 180.000000 -179.999985 -158.346191 2.710955 -6.212263 -9.408528 144.998627 170.897141 103.761528 164.113144 -176.205124 177.812714 1.376942 -32.761742 15.536539 117.640503 120.446671 156.071564 0.000001 0.000000 -36.416149 0.000002 0.000000 -13.603065 0.000000 -0.000000 0.000000 165.000000 179.999985 143.188217 0.000000 0.000000 -30.118719 0.000003 0.000001 -21.083105 0.000000 -0.000000 0.000000 0.000000 0.000000 -30.737829 180.000000 -179.999985 133.893265 180.000000 180.000000 149.292908 0.000000 -0.000000 0.000000 10.000003 0.000003 -30.525385 180.000000 -179.999985 134.211899 0.000000 0.000000 -30.494862 0.000000 -0.000000 0.000000 19.999992 0.000003 -34.347240 180.000000 179.999985 128.479141 0.000000 0.000000 -34.312897
-182.249939 5.035044 281.580811 111.911308 -176.132248 -179.584778 165.505966 168.701492 179.752869 38.108120 1.034297 -4.397586 173.240295 -172.223465 -175.406769 146.663834 178.634354 178.973663 19.620396 12.567366 -0.489579 60.658001 -6.977550 -7.384063 176.397552 175.933167 -179.610153 176.398193 175.983658 -179.176498 163.044144 176.844452 179.854324 0.000018 -1.228649 -0.656898 0.000007 -1.433423 -0.680357 3.217913 -1.033033 -0.458226 3.811602 -7.848209 6.812991 24.487013 6.701504 80.893303 13.339683 2.767443 3.436419 176.288696 179.579163 169.716644 25.634634 58.974613 -9.473426 0.000003 0.000000 34.079815 180.000000 -180.000000 -167.459702 0.000000 -0.000000 0.000000 15.000000 0.000002 25.321167 180.000000 -179.999985 -159.282684 180.000000 180.000000 -165.497894 0.000000 -0.000000 0.000000 180.000000 179.999985 -152.169647 180.000000 180.000000 -149.041641 180.000000 179.999985 -159.381729 0.000000 -0.000000 0.000000 170.000000 -180.000000 -151.811295 0.000003 -0.000002 33.321526 0.000003 -0.000001 22.192144 0.000000 -0.000000 0.000000 160.000000 180.000000 -158.329926 180.000000 179.999985 -147.494919 0.000004 0.000000 21.648386 2.700599 -6.207362 -9.381893 144.980881 170.885651 103.798599 164.063385 -176.194244 177.808517 1.373136 -32.789551 15.521026 117.638481 120.435867 156.071991 180.000000 -180.000000 143.599915 0.000000 0.000000 -13.589567 0.000000 -0.000000 0.000000 165.000000 180.000000 143.232727 0.000001 -0.000003 -30.082321 180.000000 -179.999985 158.942383 0.000000 -0.000000 0.000000 0.000003 0.000001 -30.718861 180.000000 -180.000000 133.921692 180.000000 -179.999985 149.311859 0.000000 -0.000000 0.000000 10.000008 -0.000002 -30.520973 180.000000 180.000000 134.218536 180.000000 -179.999985 149.509552 0.000000 -0.000000 0.000000 20.000000 0.000003 -34.345345 0.000002 0.000003 -51.518021 180.000000 -179.999985 145.688995
-182.260040 5.035936 281.577545 111.844086 -176.147583 -179.565063 165.497284 168.676483 179.856094 38.373356 1.270309 -4.410967 173.046280 -172.013290 -175.494354 146.689362 178.743622 179.083252 19.550985 13.011709 -0.440158 60.663330 -6.919966 -7.792894 176.401260 175.916870 -179.612747 176.401901 175.967789 -179.180313 163.061249 176.835846 179.846710 0.000016 -1.220851 -0.667942 0.000013 -1.424324 -0.691794 3.255469 -1.025618 -0.465195 3.825498 -7.872996 6.803866 24.501587 6.715212 80.883156 13.332733 2.773391 3.442394 176.304001 179.571335 169.720581 25.644718 58.984505 -9.456473 0.000002 0.000000 34.091988 180.000000 -180.000000 -167.449387 0.000000 -0.000000 0.000000 15.000008 -0.000003 25.325403 0.000003 -0.000001 20.720779 180.000000 179.999985 -165.495453 0.000000 -0.000000 0.000000 0.000002 0.000003 27.827551 0.000000 -0.000000 30.942144 0.000000 -0.000000 20.607471 0.000000 -0.000000 0.000000 170.000000 -179.999985 -151.813370 0.000000 0.000001 33.305840 180.000000 179.999985 -157.818314 0.000000 -0.000000 0.000000 160.000015 180.000000 -158.338287 0.000001 -0.000001 32.492577 180.000000 -180.000000 -158.359940 2.688268 -6.192811 -9.357361 144.965881 170.870605 103.855461 163.989243 -176.180374 177.799911 1.363972 -32.809624 15.524918 117.617363 120.434441 156.061142 180.000000 -179.999985 143.622040 180.000000 -180.000000 166.430206 0.000000 -0.000000 0.000000 165.000000 179.999985 143.309814 0.000002 0.000004 -30.019245 0.000004 -0.000004 -21.013477 0.000000 -0.000000 0.000000 0.000004 0.000003 -30.720623 0.000002 0.000003 -46.080929 180.000000 -179.999985 149.310104 0.000000 -0.000000 0.000000 10.000001 0.000007 -30.532278 180.000000 179.999985 134.201584 180.000000 180.000000 149.498245 0.000000 -0.000000 0.000000 20.000000 -0.000002 -34.350639 180.000000 180.000000 128.474045 0.000000 0.000000 -34.316284
-182.271149 5.037274 281.573914 111.772255 -176.160858 -179.546310 165.488922 168.662674 179.944275 38.662029 1.543838 -4.385498 172.835220 -171.744507 -175.589233 146.721039 178.863846 179.186523 19.469980 13.464559 -0.390065 60.667210 -6.864975 -8.198565 176.404449 175.893738 -179.614120 176.405106 175.945145 -179.181747 163.075317 176.821365 179.839844 0.000022 -1.211570 -0.679422 0.000019 -1.413496 -0.703683 3.300361 -1.016844 -0.472470 3.833278 -7.897309 6.787071 24.530085 6.719517 80.870850 13.331697 2.782346 3.450310 176.336884 179.569656 169.724731 25.633133 59.009193 -9.448576 0.000000 -0.000000 34.109310 180.000000 -180.000000 -167.433594 0.000000 -0.000000 0.000000 15.000000 -0.000003 25.319866 180.000000 179.999985 -159.283752 0.000003 -0.000002 14.501374 0.000000 -0.000000 0.000000 0.000001 0.000002 27.824699 180.000000 180.000000 -149.074356 0.000004 0.000000 20.596481 0.000000 -0.000000 0.000000 170.000000 -179.999985 -151.817551 180.000000 -179.999985 -146.725662 0.000003 -0.000001 22.160702 0.000000 -0.000000 0.000000 160.000000 -180.000000 -158.358719 180.000000 -180.000000 -147.538071 0.000000 0.000003 21.619640 2.673888 -6.173113 -9.334123 144.977386 170.882736 103.932175 163.912476 -176.181076 177.792252 1.348190 -32.832130 15.540395 117.682686 120.460945 156.140808 0.000002 -0.000001 -36.376785 0.000001 0.000002 -13.568373 0.000000 -0.000000 0.000000 165.000000 -179.999985 143.403397 0.000001 -0.000003 -29.942657 180.000000 180.000000 159.040131 0.000000 -0.000000 0.000000 0.000000 0.000000 -30.724384 0.000000 0.000000 -46.086578 180.000000 180.000000 149.306335 0.000000 -0.000000 0.000000 9.999998 -0.000001 -30.546284 180.000000 -179.999985 134.180588 179.999985 -180.000000 149.484268 0.000000 -0.000000 0.000000 20.000002 -0.000001 -34.364609 180.000000 -179.999985 128.453079 180.000000 -179.999985 145.669754
-182.282440 5.038873 281.570038 111.700417 -176.178391 -179.521271 165.459396 168.662704 -179.989609 38.931866 1.801275 -4.356465 172.669601 -171.449402 -175.671982 146.743912 179.049606 179.291489 19.334131 14.046515 -0.325187 60.675488 -6.838073 -8.674073 176.407288 175.864334 -179.615417 176.407928 175.916321 -179.182785 163.087296 176.802521 179.831635 0.000014 -1.210666 -0.688213 0.000022 -1.412444 -0.712790 3.346408 -1.015358 -0.478584 3.849712 -7.948944 6.769361 24.561897 6.722444 80.860298 13.311219 2.788904 3.455964 176.382797 179.573563 169.728943 25.634260 59.020824 -9.442451 0.000001 0.000000 34.112316 0.000000 0.000002 12.569242 0.000000 -0.000002 0.000000 15.000002 -0.000003 25.320438 180.000000 179.999985 -159.283279 180.000000 179.999985 -165.498291 0.000000 -0.000002 0.000000 0.000001 0.000002 27.821390 0.000001 0.000002 30.906469 0.000000 -0.000000 20.583712 0.000000 -0.000002 0.000000 170.000000 180.000000 -151.821854 180.000000 -179.999985 -146.758026 0.000000 0.000001 22.139162 0.000000 -0.000002 0.000000 160.000015 -180.000000 -158.369400 180.000000 -179.999985 -147.554092 0.000000 -0.000000 21.608976 2.665655 -6.176303 -9.316492 145.006317 170.896179 104.023018 163.830582 -176.179581 177.777924 1.333238 -32.851826 15.561970 117.765877 120.496613 156.233673 0.000000 0.000000 -36.394455 180.000000 180.000000 166.416733 0.000000 -0.000000 0.000000 165.000015 -179.999985 143.383896 0.000000 -0.000002 -29.958633 180.000000 179.999985 159.028961 0.000000 -0.000000 0.000000 0.000002 0.000000 -30.722420 180.000000 -179.999985 133.916382 180.000000 180.000000 149.308304 0.000000 -0.000000 0.000000 9.999995 0.000007 -30.561501 180.000000 180.000000 134.157761 0.000007 0.000002 -30.530928 0.000000 -0.000000 0.000000 19.999994 0.000002 -34.377804 180.000000 180.000000 128.433289 180.000000 180.000000 145.656570
-182.291901 5.040471 281.566254 111.644104 -176.200363 -179.487091 165.394760 168.659210 -179.939133 39.169518 2.051413 -4.331443 172.560837 -171.126968 -175.758255 146.737564 179.344055 179.405319 19.102375 14.858569 -0.236910 60.697964 -6.890446 -9.256977 176.409683 175.837051 -179.617813 176.410324 175.889603 -179.185730 163.097656 176.786118 179.821594 0.000014 -1.205968 -0.696773 0.000019 -1.406962 -0.721653 3.379864 -1.010720 -0.484163 3.862164 -8.012739 6.754122 24.597042 6.743057 80.845886 13.297385 2.784614 3.465379 176.440613 179.582123 169.731094 25.633606 59.035839 -9.423943 180.000000 180.000000 -145.859421 180.000000 180.000000 -167.406189 0.000000 -0.000000 0.000000 14.999999 -0.000001 25.326000 0.000003 -0.000002 20.721268 180.000000 -180.000000 -165.495117 0.000000 -0.000000 0.000000 180.000000 179.999985 -152.178055 180.000000 180.000000 -149.090271 180.000000 180.000000 -159.414124 0.000000 -0.000000 0.000000 170.000000 180.000000 -151.822952 0.000002 0.000002 33.233723 180.000000 180.000000 -157.866333 0.000000 -0.000000 0.000000 160.000015 -179.999985 -158.382980 180.000000 -180.000000 -147.574478 180.000000 179.999985 -158.404602 2.648294 -6.163970 -9.295578 145.037888 170.915924 104.135864 163.734314 -176.159485 177.762711 1.333643 -32.876408 15.567697 117.931122 120.522156 156.416153 0.000001 0.000000 -36.386253 180.000000 -180.000000 166.422333 0.000000 -0.000000 0.000000 165.000000 -179.999985 143.697906 180.000000 180.000000 150.298279 0.000000 0.000000 -20.791201 0.000000 -0.000000 0.000000 0.000001 -0.000003 -30.727556 180.000000 -179.999985 133.908676 0.000004 0.000000 -30.696835 0.000000 -0.000000 0.000000 9.999994 0.000002 -30.562201 180.000000 180.000000 134.156693 180.000000 -180.000000 149.468369 0.000000 -0.000000 0.000000 19.999998 -0.000000 -34.387978 180.000000 -180.000000 128.418030 180.000000 -179.999985 145.646408
-182.299774 5.041785 281.562744 111.587814 -176.222336 -179.452957 165.318283 168.641953 -179.885162 39.385086 2.310115 -4.301955 172.508057 -170.734329 -175.879364 146.734894 179.687088 179.506653 18.838703 15.736688 -0.145123 60.730846 -7.006836 -9.841229 176.418839 175.804855 -179.619720 176.419495 175.858124 -179.187958 163.139359 176.766083 179.813614 0.000020 -1.197310 -0.707556 0.000026 -1.396860 -0.732825 3.370090 -1.002969 -0.490197 3.834710 -8.095784 6.743782 24.635109 6.791957 80.820190 13.298793 2.775088 3.490590 176.516968 179.600647 169.725052 25.782856 59.014412 -9.287061 180.000000 -180.000000 -145.798340 0.000000 0.000002 12.640801 0.000000 -0.000000 0.000000 14.999995 0.000001 25.372591 0.000003 -0.000001 20.759384 180.000000 -180.000000 -165.468430 0.000000 -0.000000 0.000000 0.000000 -0.000000 27.825064 180.000000 179.999985 -149.072266 0.000000 0.000000 20.597860 0.000000 -0.000000 0.000000 170.000000 -180.000000 -151.819260 0.000002 -0.000000 33.261520 180.000000 -180.000000 -157.847824 0.000000 -0.000000 0.000000 160.000000 -180.000000 -158.363663 180.000000 -180.000000 -147.545486 180.000000 179.999985 -158.385300 2.593045 -6.138351 -9.262425 145.071381 170.975372 104.258347 163.635254 -176.139206 177.764847 1.361200 -32.931362 15.557431 118.161285 120.497169 156.655289 180.000000 -179.999985 143.658646 180.000000 -180.000000 166.455750 0.000000 -0.000000 0.000000 165.000015 -179.999985 144.036819 180.000000 179.999985 150.575592 180.000000 180.000000 159.402893 0.000000 -0.000000 0.000000 0.000001 -0.000003 -30.730398 180.000000 -180.000000 133.904404 180.000000 180.000000 149.300339 0.000000 -0.000000 0.000000 10.000010 0.000001 -30.567131 0.000003 0.000001 -45.850685 179.999985 -179.999985 149.463440 0.000000 -0.000000 0.000000 20.000000 0.000003 -34.375011 180.000000 -179.999985 128.437500 0.000003 0.000001 -34.340637
-182.298370 5.042162 281.561584 111.631905 -176.253586 -179.411377 165.171143 168.615082 -179.879822 39.511040 2.485926 -4.270277 172.547440 -170.338562 -176.029648 146.644714 -179.815201 179.588791 18.539314 16.889835 -0.000784 60.783970 -7.221381 -10.551141 176.422195 175.771072 -179.619659 176.422836 175.824936 -179.186569 163.153229 176.742966 179.807297 0.000024 -1.197413 -0.718397 0.000020 -1.396982 -0.744051 3.303044 -1.003256 -0.495786 3.745832 -8.199255 6.734383 24.675611 6.852262 80.788506 13.300968 2.765911 3.530358 176.603943 179.624969 169.709366 25.903362 58.994122 -9.181810 0.000001 -0.000000 34.242332 0.000001 -0.000001 12.671327 0.000000 -0.000000 0.000000 15.000006 -0.000001 25.419710 0.000003 -0.000001 20.797953 0.000000 -0.000000 14.558565 0.000000 -0.000000 0.000000 0.000003 -0.000002 27.845127 0.000002 -0.000004 31.044708 0.000000 -0.000000 20.675777 0.000000 -0.000000 0.000000 170.000000 -180.000000 -151.804520 0.000000 -0.000000 33.373165 180.000000 179.999985 -157.773483 0.000000 -0.000000 0.000000 160.000015 180.000000 -158.328552 180.000000 -180.000000 -147.492828 180.000000 179.999985 -158.350235 2.497515 -6.138782 -9.225074 145.110367 171.031586 104.390953 163.524673 -176.120041 177.754578 1.367672 -33.021374 15.586176 118.193077 120.471230 156.685486 180.000000 -180.000000 143.682571 0.000000 0.000000 -13.525474 0.000000 -0.000000 0.000000 165.000000 179.999985 144.216995 180.000000 180.000000 150.723007 180.000000 -180.000000 159.506104 0.000000 -0.000000 0.000000 0.000000 0.000000 -30.684748 180.000000 -179.999985 133.972870 180.000000 -180.000000 149.345932 0.000000 -0.000000 0.000000 9.999996 0.000000 -30.573139 0.000004 -0.000002 -45.859703 180.000000 -180.000000 149.457428 0.000000 -0.000000 0.000000 19.999990 0.000001 -34.379021 0.000006 0.000004 -51.568531 0.000001 -0.000002 -34.344643
-182.290543 5.040984 281.562622 111.716148 -176.291962 -179.369232 164.988373 168.562912 -179.892471 39.547977 2.605824 -4.250150 172.690216 -169.972870 -176.213699 146.509323 -179.110733 179.647156 18.267811 18.460983 0.248920 60.867981 -7.566405 -11.464164 176.426758 175.743958 -179.618774 176.427399 175.798279 -179.184143 163.173035 176.723679 179.804504 0.000047 -1.190681 -0.735133 0.000043 -1.389120 -0.761390 3.194090 -0.997863 -0.503886 3.627394 -8.316382 6.733060 24.702576 6.927945 80.748779 13.305150 2.751673 3.581413 176.680908 179.653152 169.689423 26.120333 58.958164 -8.989183 0.000000 0.000001 34.321373 0.000000 -0.000000 12.731335 0.000000 -0.000000 0.000000 15.000002 0.000003 25.514082 0.000004 0.000001 20.875158 180.000000 -180.000000 -165.387390 0.000000 -0.000000 0.000000 0.000001 -0.000002 27.867014 0.000002 -0.000000 31.173903 180.000000 -180.000000 -159.238174 0.000000 -0.000000 0.000000 170.000000 -179.999985 -151.796280 0.000000 -0.000000 33.436176 180.000000 180.000000 -157.731506 0.000000 -0.000000 0.000000 160.000015 180.000000 -158.247299 0.000001 -0.000000 32.629044 180.000000 -180.000000 -158.269058 2.389790 -6.121098 -9.179030 145.132278 171.097229 104.526619 163.378265 -176.081085 177.753220 1.393654 -33.115166 15.632586 118.604271 120.431725 157.125854 0.000001 0.000000 -36.213947 0.000000 0.000003 -13.445215 0.000000 -0.000000 0.000000 165.000000 -179.999985 144.717682 0.000001 -0.000003 -28.867348 0.000004 -0.000001 -20.207144 0.000000 -0.000000 0.000000 0.000000 0.000000 -30.616163 0.000003 0.000001 -45.924221 180.000000 -179.999985 149.414474 0.000000 -0.000000 0.000000 10.000000 0.000006 -30.585714 0.000004 -0.000001 -45.878567 180.000000 180.000000 149.444885 0.000000 -0.000000 0.000000 20.000002 0.000001 -34.424484 180.000000 -180.000000 128.363312 180.000000 -179.999985 145.609955
-182.275421 5.038535 281.566559 111.867897 -176.346603 -179.329697 164.765671 168.516464 -179.919861 39.531704 2.712631 -4.206347 172.893143 -169.732544 -176.507996 146.321060 -178.333786 179.670197 18.060745 20.097057 0.546499 60.969669 -7.971881 -12.381912 176.433792 175.722046 -179.613464 176.434448 175.776566 -179.174728 163.203842 176.704010 179.812317 0.000082 -1.176917 -0.761857 0.000087 -1.373051 -0.789072 3.013519 -0.986786 -0.516562 3.521459 -8.368198 6.720175 24.646042 6.955140 80.655495 13.346674 2.739751 3.650486 176.745804 179.696930 169.663376 26.322824 58.989319 -8.791120 0.000001 -0.000000 34.388565 0.000000 -0.000000 12.783505 0.000000 -0.000000 0.000000 15.000000 -0.000003 25.552563 180.000000 -180.000000 -159.093369 0.000003 -0.000002 14.634640 0.000000 -0.000000 0.000000 0.000003 0.000004 27.872705 180.000000 -180.000000 -148.792206 0.000003 -0.000002 20.784399 0.000000 -0.000000 0.000000 170.000000 179.999985 -151.789459 180.000000 -180.000000 -146.511108 0.000000 0.000002 22.303602 0.000000 -0.000000 0.000000 160.000015 180.000000 -158.211029 0.000000 0.000001 32.683441 0.000000 -0.000000 21.767178 2.245707 -6.089783 -9.131492 145.165665 171.182693 104.682045 163.172943 -176.026611 177.754898 1.400737 -33.219334 15.773388 119.062111 120.365814 157.593140 180.000000 180.000000 143.880981 0.000000 0.000000 -13.375274 0.000000 -0.000000 0.000000 165.000015 -180.000000 145.194229 180.000000 -179.999985 151.522537 0.000006 0.000003 -19.934221 0.000000 -0.000000 0.000000 0.000000 -0.000002 -30.491945 180.000000 -180.000000 134.262054 0.000009 0.000004 -30.461466 0.000000 -0.000000 0.000000 9.999997 0.000003 -30.627604 0.000002 0.000004 -45.941414 0.000003 0.000000 -30.596983 0.000000 -0.000000 0.000000 20.000004 -0.000000 -34.487732 0.000004 -0.000000 -51.731602 0.000007 0.000000 -34.453251
-182.253708 5.035471 281.573547 112.082809 -176.420349 -179.294281 164.520737 168.469635 -179.949905 39.482861 2.761719 -4.178985 173.153061 -169.779053 -176.941086 146.114319 -177.362640 179.631531 17.947126 22.052303 0.990562 61.103863 -8.481487 -13.454232 176.444275 175.698471 -179.601303 176.444916 175.752960 -179.154007 163.249039 176.677048 179.834290 0.000112 -1.176986 -0.793919 0.000116 -1.373123 -0.822277 2.755277 -0.988198 -0.531737 3.334113 -8.451952 6.698488 24.587835 6.982101 80.559082 13.399084 2.756397 3.728911 176.801849 179.769348 169.633270 26.400345 59.047771 -8.707304 180.000000 -180.000000 -145.600952 180.000000 180.000000 -167.208420 0.000000 -0.000000 0.000000 15.000004 -0.000001 25.545856 180.000000 180.000000 -159.098831 0.000000 -0.000000 14.630812 0.000000 -0.000000 0.000000 0.000002 -0.000000 27.869881 180.000000 -179.999985 -148.809021 180.000000 180.000000 -159.226807 0.000000 -0.000000 0.000000 170.000000 -180.000000 -151.796783 0.000000 0.000002 33.432236 0.000000 -0.000000 22.265871 0.000000 -0.000000 0.000000 160.000015 -179.999985 -158.230576 180.000000 -180.000000 -147.345856 0.000007 -0.000000 21.747665 2.055932 -6.101701 -9.100305 145.260529 171.266815 104.848526 162.937088 -176.014542 177.730423 1.317838 -33.374508 16.076555 119.011536 120.368393 157.521515 180.000000 -180.000000 143.835114 0.000001 0.000000 -13.414193 0.000000 -0.000000 0.000000 165.000015 180.000000 145.267838 180.000000 -179.999985 151.582764 0.000006 0.000005 -19.892059 0.000000 -0.000000 0.000000 0.000001 -0.000003 -30.424217 0.000003 0.000001 -45.636330 180.000000 180.000000 149.606216 0.000000 -0.000000 0.000000 10.000004 0.000001 -30.649746 180.000000 179.999985 134.025375 180.000000 -180.000000 149.380905 0.000000 -0.000000 0.000000 20.000004 -0.000003 -34.524616 0.000002 0.000004 -51.786934 179.999985 -180.000000 145.509918
-182.229370 5.032500 281.581879 112.297752 -176.493958 -179.258621 164.346817 168.404083 -179.971176 39.410473 2.785415 -4.167327 173.386124 -170.053345 -177.440964 145.968567 -176.148575 179.504578 17.891283 24.471903 1.620459 61.283810 -9.115638 -14.753819 176.457382 175.677597 -179.587631 176.458023 175.731995 -179.131042 163.306335 176.650787 179.860840 0.000127 -1.174946 -0.831120 0.000140 -1.370742 -0.860805 2.493410 -0.987775 -0.549782 3.233535 -8.472067 6.680259 24.442591 6.967689 80.394814 13.479752 2.767516 3.816909 176.840439 179.856537 169.607452 26.523886 59.257015 -8.558111 180.000000 -180.000000 -145.631149 0.000000 -0.000000 12.767214 0.000000 -0.000000 0.000000 14.999997 -0.000004 25.491913 180.000000 180.000000 -159.142975 0.000000 -0.000000 14.599916 0.000000 -0.000000 0.000000 180.000000 179.999985 -152.145996 180.000000 180.000000 -148.903091 0.000000 -0.000000 20.710535 0.000000 -0.000000 0.000000 170.000000 -179.999985 -151.802765 0.000005 -0.000001 33.386421 0.000003 -0.000001 22.235357 0.000000 -0.000000 0.000000 160.000015 179.999985 -158.283096 0.000000 -0.000000 32.575378 180.000000 -180.000000 -158.304794 1.915594 -6.094369 -9.084041 145.412521 171.363907 105.045959 162.632355 -176.004517 177.685959 1.317403 -33.392651 16.330299 119.731743 120.274307 158.245605 0.000001 0.000002 -36.041584 180.000000 -180.000000 166.673447 0.000000 -0.000000 0.000000 165.000015 -180.000000 145.707306 0.000003 0.000001 -28.057650 180.000000 -179.999985 160.359650 0.000000 -0.000000 0.000000 180.000000 -180.000000 149.542007 0.000009 0.000004 -45.686989 180.000000 180.000000 149.572464 0.000000 -0.000000 0.000000 9.999996 -0.000002 -30.673378 0.000004 -0.000001 -46.010063 179.999985 -179.999985 149.357300 0.000000 -0.000000 0.000000 19.999998 0.000001 -34.652901 180.000000 179.999985 128.020660 180.000000 180.000000 145.381744
-182.201202 5.030062 281.592651 112.563156 -176.593735 -179.228317 164.186844 168.381256 -179.977753 39.330967 2.833478 -4.131034 173.630081 -170.765778 -178.098221 145.809021 -174.920181 179.333496 17.959141 26.808374 2.317781 61.474495 -9.737129 -15.996989 176.469360 175.659058 -179.567673 176.470032 175.713028 -179.097656 163.357147 176.620377 179.899841 0.000124 -1.182938 -0.870862 0.000118 -1.380065 -0.901947 2.199042 -0.996351 -0.569033 3.181356 -8.470964 6.659142 24.273317 6.926682 80.167053 13.587409 2.771431 3.915640 176.865738 -179.994736 169.589844 26.815378 59.542755 -8.247881 0.000001 -0.000001 34.350433 0.000001 -0.000000 12.749819 0.000000 -0.000000 0.000000 15.000004 -0.000001 25.465315 180.000000 -179.999985 -159.164734 180.000000 180.000000 -165.415314 0.000000 -0.000000 0.000000 180.000000 -179.999985 -152.153946 180.000000 -180.000000 -148.949890 180.000000 -180.000000 -159.320618 0.000000 -0.000000 0.000000 170.000000 -180.000000 -151.814651 0.000001 -0.000001 33.296200 0.000003 -0.000000 22.175266 0.000000 -0.000000 0.000000 160.000015 -180.000000 -158.325653 180.000000 180.000000 -147.488480 180.000000 180.000000 -158.347321 1.811296 -6.079893 -9.075665 145.535507 171.500519 105.241150 162.278091 -175.916229 177.681473 1.440241 -33.231552 16.484442 121.097641 120.137932 159.627899 0.000000 0.000002 -35.812035 0.000001 0.000000 -13.162766 0.000000 -0.000000 0.000000 165.000000 -180.000000 146.308029 0.000000 -0.000002 -27.566147 0.000000 0.000000 -19.296303 0.000000 -0.000000 0.000000 180.000000 -180.000000 149.592621 0.000002 0.000003 -45.611073 0.000003 0.000001 -30.376976 0.000000 -0.000000 0.000000 9.999998 -0.000001 -30.736794 0.000001 -0.000002 -46.105183 180.000000 180.000000 149.293930 0.000000 -0.000000 0.000000 20.000004 -0.000003 -34.694744 180.000000 179.999985 127.957886 180.000000 179.999985 145.339951
-182.170258 5.028510 281.604919 112.868416 -176.714157 -179.196808 164.102005 168.384445 -179.941772 39.190495 2.878508 -4.123636 173.888412 -171.999390 -178.857361 145.639038 -173.551849 179.088287 18.237734 29.288206 3.190778 61.687679 -10.386439 -17.300909 176.483246 175.634705 -179.543304 176.483932 175.688202 -179.056763 163.415543 176.582199 179.946991 0.000099 -1.209046 -0.907589 0.000095 -1.410532 -0.939970 1.867877 -1.021122 -0.586212 3.125666 -8.488092 6.635375 24.103823 6.852857 79.919548 13.695830 2.831953 4.008157 176.717209 -179.987152 169.638199 26.886469 59.494293 -8.228665 0.000000 0.000000 34.311836 180.000000 180.000000 -167.286880 0.000000 -0.000000 0.000000 15.000000 -0.000003 25.420168 180.000000 179.999985 -159.201675 180.000000 180.000000 -165.441177 0.000000 -0.000000 0.000000 0.000002 0.000000 27.825640 0.000002 -0.000000 30.931072 180.000000 -180.000000 -159.399902 0.000000 -0.000000 0.000000 170.000000 180.000000 -151.829773 0.000000 -0.000000 33.182724 0.000003 -0.000002 22.099695 0.000000 -0.000000 0.000000 160.000015 -180.000000 -158.379074 0.000000 -0.000000 32.431396 0.000000 0.000001 21.599308 1.680195 -6.120611 -9.080394 145.759155 171.615601 105.458382 161.894226 -175.890396 177.632751 1.230033 -33.427662 17.117638 120.946365 120.123230 159.440521 180.000000 180.000000 144.123413 0.000001 0.000002 -13.216552 0.000000 -0.000000 0.000000 165.000015 179.999985 146.335938 0.000003 0.000001 -27.543314 179.999985 180.000000 160.719696 0.000000 -0.000000 0.000000 180.000000 179.999985 149.405899 180.000000 -179.999985 134.108826 180.000000 -180.000000 149.436493 0.000000 -0.000000 0.000000 10.000000 -0.000000 -30.879852 0.000003 0.000001 -46.319767 180.000000 180.000000 149.151031 0.000000 -0.000000 0.000000 19.999998 -0.000003 -34.929600 180.000000 -180.000000 127.605583 180.000000 -179.999985 145.105316
-182.137604 5.028055 281.617889 113.191399 -176.838150 -179.166382 164.092682 168.375031 -179.861588 38.987995 2.934895 -4.157619 174.098465 -173.362442 -179.519119 145.458496 -172.309814 178.858093 18.713873 31.786728 4.100515 61.928955 -11.066495 -18.753923 176.489075 175.614532 -179.519836 176.489761 175.667465 -179.017181 163.436462 176.547424 179.990555 0.000066 -1.238099 -0.934439 0.000075 -1.444435 -0.967784 1.584268 -1.048365 -0.598131 3.107541 -8.530617 6.627290 24.046274 6.804988 79.655098 13.792586 2.817465 4.099136 176.537125 179.940735 169.713425 27.295731 59.572823 -7.890853 180.000000 180.000000 -145.697037 180.000000 -180.000000 -167.305130 0.000000 -0.000000 0.000000 15.000004 0.000002 25.413776 0.000003 -0.000002 20.793095 0.000000 -0.000000 14.555167 0.000000 -0.000000 0.000000 180.000000 179.999985 -152.187302 0.000002 -0.000000 30.856319 180.000000 180.000000 -159.449692 0.000000 -0.000000 0.000000 170.000000 -179.999985 -151.845734 180.000000 180.000000 -146.935379 0.000003 -0.000002 22.021036 0.000000 -0.000000 0.000000 160.000000 180.000000 -158.418198 180.000000 179.999985 -147.627258 0.000000 0.000002 21.560238 1.633382 -6.139137 -9.090084 146.024490 171.733780 105.685081 161.479599 -175.849701 177.587067 1.130379 -33.438915 17.596582 122.328362 120.062065 160.832047 180.000000 -180.000000 144.286758 180.000000 -180.000000 166.892838 0.000000 -0.000000 0.000000 165.000015 179.999985 146.562744 180.000000 -180.000000 152.642258 0.000000 -0.000002 -19.150421 0.000000 -0.000000 0.000000 0.000002 -0.000001 -30.822260 180.000000 180.000000 133.766632 180.000000 180.000000 149.208572 0.000000 -0.000000 0.000000 9.999997 -0.000001 -31.076849 0.000007 0.000001 -46.615276 0.000000 -0.000001 -31.045767 0.000000 -0.000000 0.000000 20.000010 -0.000000 -35.232697 180.000000 -180.000000 127.150955 180.000000 180.000000 144.802536
-182.109268 5.028574 281.629395 113.442192 -176.935806 -179.143097 164.143158 168.372757 -179.777267 38.814381 3.058205 -4.172341 174.278076 -174.760208 -179.976791 145.305832 -170.852554 178.591095 19.475534 34.275520 5.199196 62.142311 -11.626847 -20.019312 176.503494 175.578308 -179.498734 176.504227 175.631149 -178.981262 163.497360 176.504425 -179.970779 0.000040 -1.266702 -0.952411 0.000040 -1.477809 -0.986391 1.332305 -1.075169 -0.605027 3.197771 -8.539799 6.630763 24.039610 6.708131 79.327965 13.889729 2.767214 4.184978 176.332214 179.977905 169.811829 27.743559 59.794548 -7.507803 180.000000 -180.000000 -145.776611 0.000000 -0.000000 12.618923 0.000000 -0.000000 0.000000 15.000004 0.000000 25.361877 180.000000 -180.000000 -159.249374 180.000000 180.000000 -165.474548 0.000000 -0.000000 0.000000 180.000000 180.000000 -152.206070 180.000000 -180.000000 -149.250992 0.000003 -0.000000 20.478853 0.000000 -0.000000 0.000000 170.000000 -179.999985 -151.868103 180.000000 180.000000 -147.098175 0.000003 -0.000002 21.912613 0.000000 -0.000000 0.000000 160.000000 -180.000000 -158.493637 0.000004 0.000002 32.259552 0.000000 -0.000000 21.484858 1.665869 -6.137111 -9.098796 146.207214 171.864426 105.901833 161.049469 -175.662552 177.598053 0.972119 -33.569752 18.168333 123.880836 119.865051 162.333984 0.000002 -0.000000 -35.486618 0.000001 0.000003 -12.955729 0.000000 -0.000000 0.000000 165.000000 -180.000000 146.702713 0.000003 0.000002 -27.243221 0.000004 -0.000001 -19.070263 0.000000 -0.000000 0.000000 0.000003 -0.000003 -30.994257 180.000000 179.999985 133.508621 180.000000 180.000000 149.036743 0.000000 -0.000000 0.000000 9.999995 -0.000002 -31.307709 0.000002 0.000003 -46.961544 180.000000 -180.000000 148.723602 0.000000 -0.000000 0.000000 20.000004 0.000006 -35.528671 180.000000 -179.999985 126.706978 0.000003 0.000001 -35.493156
-182.082062 5.029770 281.640503 113.692970 -177.033371 -179.119400 164.194672 168.354340 -179.661850 38.611206 3.185452 -4.239141 174.514542 -176.134354 179.732956 145.096939 -169.706940 178.401306 20.326197 36.275158 6.156180 62.325153 -12.080639 -21.115726 176.510803 175.550964 -179.480438 176.511597 175.603638 -178.950089 163.525864 176.469818 -179.938049 0.000008 -1.292792 -0.961522 0.000010 -1.508254 -0.995851 1.121976 -1.099621 -0.606969 3.230412 -8.580827 6.628062 24.192301 6.632429 79.060272 13.990829 2.796207 4.242029 176.115921 179.927277 169.911362 27.533909 59.616276 -7.776361 0.000001 -0.000001 34.133579 0.000001 0.000002 12.543696 0.000000 -0.000000 0.000000 15.000004 -0.000005 25.280048 180.000000 -180.000000 -159.316315 180.000000 180.000000 -165.521439 0.000000 -0.000000 0.000000 0.000002 0.000001 27.758318 0.000000 -0.000000 30.548519 0.000000 -0.000000 20.345308 0.000000 -0.000000 0.000000 170.000000 -179.999985 -151.902512 0.000000 0.000001 32.657413 180.000000 -180.000000 -158.250168 0.000000 -0.000000 0.000000 160.000000 -180.000000 -158.564224 0.000002 0.000002 32.153664 0.000000 0.000002 21.414341 1.722687 -6.132011 -9.112893 146.475967 171.955307 106.101654 160.633163 -175.548462 177.588623 0.603562 -33.993748 18.966360 123.617828 119.571762 161.941269 0.000001 0.000000 -35.468124 180.000000 180.000000 167.049408 0.000000 -0.000000 0.000000 165.000015 -180.000000 146.612534 0.000005 0.000001 -27.317015 0.000004 -0.000001 -19.121904 0.000000 -0.000000 0.000000 180.000000 -179.999985 148.824051 180.000000 180.000000 133.236084 0.000004 0.000000 -31.144758 0.000000 -0.000000 0.000000 9.999999 -0.000000 -31.570097 0.000004 -0.000002 -47.355133 180.000000 180.000000 148.461487 0.000000 -0.000000 0.000000 20.000000 0.000003 -35.923317 0.000000 -0.000001 -53.884949 0.000003 0.000002 -35.887386
-182.061584 5.031758 281.649231 113.831039 -177.088547 -179.108017 164.304245 168.271210 -179.537354 38.418663 3.342551 -4.344798 174.752182 -177.095734 179.657410 144.961380 -168.145813 178.321396 21.429028 38.561008 7.256279 62.478050 -12.441172 -22.066565 176.520920 175.524765 -179.468506 176.521759 175.577545 -178.929688 163.569092 176.441910 -179.916855 179.999985 -178.708023 179.038239 180.000000 -178.492691 179.003891 1.013852 -1.100055 -0.604828 3.399146 -8.561204 6.620579 24.412964 6.509837 78.787369 14.061926 2.731043 4.278123 175.869797 179.887024 170.029114 27.495840 59.846546 -7.836794 180.000000 -180.000000 -146.085785 180.000000 -180.000000 -167.635437 0.000000 -0.000000 0.000000 15.000000 0.000001 25.054152 0.000000 0.000002 20.498844 0.000000 -0.000000 14.349188 0.000000 -0.000000 0.000000 0.000002 0.000001 27.688860 0.000002 0.000000 30.168816 0.000000 -0.000000 20.092430 0.000000 -0.000000 0.000000 170.000000 180.000000 -151.931381 180.000000 -180.000000 -147.542465 0.000000 0.000002 21.616716 0.000000 -0.000000 0.000000 160.000000 -180.000000 -158.739395 180.000000 180.000000 -148.109070 0.000004 0.000001 21.239355 1.875954 -6.074535 -9.147882 146.897308 172.012283 106.321983 160.207413 -175.493881 177.543915 0.110125 -34.482002 19.878878 124.952972 119.330536 163.183563 180.000000 180.000000 144.720703 180.000000 180.000000 167.169846 0.000000 -0.000000 0.000000 165.000000 -180.000000 146.747406 0.000003 0.000004 -27.206656 0.000000 0.000000 -19.044661 0.000000 -0.000000 0.000000 180.000000 -179.999985 148.542252 0.000002 0.000003 -47.186611 180.000000 -180.000000 148.573715 0.000000 -0.000000 0.000000 10.000008 -0.000003 -31.894566 0.000001 -0.000002 -47.841820 0.000003 0.000001 -31.862658 0.000000 -0.000000 0.000000 20.000000 -0.000001 -36.385830 180.000000 179.999985 125.421249 0.000007 0.000001 -36.349445
-182.041321 5.033920 281.658234 114.007568 -177.177780 -179.091187 164.243973 168.232697 -179.440613 38.341320 3.565623 -4.446760 175.022415 -177.488144 179.736115 144.748001 -166.765457 178.378220 22.412348 40.289310 8.111691 62.555565 -12.618655 -22.656771 176.512177 175.532715 -179.460831 176.513031 175.584961 -178.916855 163.526855 176.439941 -179.903091 179.999985 -178.733704 179.044632 179.999985 -178.522644 179.010498 0.992595 -1.078325 -0.599910 3.685396 -8.485263 6.603315 24.723211 6.344625 78.502174 14.134283 2.599990 4.295161 175.816132 179.915482 170.014542 27.410486 60.060230 -7.901198 0.000001 0.000000 33.772892 180.000000 180.000000 -167.746643 180.000000 180.000000 -179.999985 14.999999 -0.000006 24.890728 180.000000 -180.000000 -159.634857 0.000000 0.000002 14.255598 180.000000 180.000000 -179.999985 180.000000 -180.000000 -152.314957 180.000000 179.999985 -149.851532 0.000000 0.000001 20.078876 180.000000 180.000000 -179.999985 170.000000 -179.999985 -151.953201 0.000003 -0.000002 32.309475 180.000000 -180.000000 -158.481873 180.000000 180.000000 -179.999985 160.000015 -180.000000 -158.848938 180.000000 180.000000 -148.273407 0.000003 -0.000001 21.129904 2.148687 -5.939938 -9.208112 147.265152 172.070679 106.540741 159.827499 -175.259644 177.554626 179.861923 -145.306610 -159.588837 126.999908 119.071709 165.141846 0.000000 0.000002 -34.951427 180.000000 180.000000 167.391602 0.000003 -0.000000 0.000000 165.000000 -179.999985 146.743942 180.000000 180.000000 152.790497 0.000004 -0.000001 -19.046658 0.000003 -0.000000 0.000000 0.000001 -0.000005 -31.605936 0.000004 -0.000000 -47.408905 0.000003 0.000002 -31.574314 0.000003 -0.000000 0.000000 10.000001 0.000004 -32.101326 0.000000 -0.000001 -48.151997 0.000000 0.000000 -32.069225 0.000003 -0.000000 0.000000 20.000002 -0.000004 -36.640797 180.000000 180.000000 125.038795 179.999985 -180.000000 143.395844
-182.023865 5.035057 281.666016 114.157051 -177.261902 -179.069870 164.059387 168.178711 -179.375870 38.399570 3.778210 -4.571409 175.370255 -177.519363 179.835419 144.512497 -165.152969 178.493591 23.451384 41.761028 8.964170 62.542889 -12.588608 -22.794788 176.531097 175.492432 -179.455566 176.531967 175.545349 -178.907379 163.611984 176.408798 -179.894638 179.999969 -178.722473 179.065048 179.999969 -178.509552 179.031677 0.807567 -1.090150 -0.584479 3.757453 -8.565336 6.614202 25.043304 6.167675 78.270027 14.253625 2.605479 4.278671 175.699966 -179.850739 170.018906 27.297958 59.963844 -8.030320 180.000000 -180.000000 -146.245255 180.000000 -180.000000 -167.761185 0.000000 -0.000000 0.000000 15.000004 -0.000004 24.869089 0.000006 -0.000005 20.347437 0.000000 0.000002 14.243199 0.000000 -0.000000 0.000000 0.000002 -0.000000 27.656216 180.000000 179.999985 -150.004791 0.000000 -0.000000 19.976816 0.000000 -0.000000 0.000000 170.000000 -180.000000 -151.966934 180.000000 -180.000000 -147.782455 180.000000 180.000000 -158.543121 0.000000 -0.000000 0.000000 160.000015 180.000000 -158.838303 0.000002 0.000003 31.742569 180.000000 -180.000000 -158.859451 2.215418 -5.953926 -9.239275 147.790070 172.091812 106.757149 159.483704 -175.152573 177.520493 179.418594 -144.743912 -158.872543 126.273918 118.720192 164.297745 180.000000 180.000000 145.072495 180.000000 180.000000 167.409119 0.000000 -0.000000 0.000000 165.000015 -180.000000 146.429504 0.000001 -0.000005 -27.466770 180.000000 -179.999985 160.773270 0.000000 -0.000000 0.000000 0.000004 -0.000001 -31.954716 0.000000 -0.000001 -47.932095 0.000003 0.000001 -31.922773 0.000000 -0.000000 0.000000 10.000001 0.000004 -32.313488 180.000000 -179.999985 131.529770 180.000000 -180.000000 147.718826 0.000000 -0.000000 0.000000 20.000002 0.000001 -36.899303 0.000002 -0.000004 -55.348969 180.000000 -180.000000 143.137604
-182.007462 5.034551 281.673309 114.306549 -177.345978 -179.048340 163.857407 168.076721 -179.292267 38.454380 3.996790 -4.756456 175.713608 -177.113831 179.891739 144.221680 -163.891785 178.746857 24.313471 42.526672 9.446453 62.453960 -12.381203 -22.537706 176.543686 175.465347 -179.453949 176.544525 175.518799 -178.904190 163.668884 176.389511 -179.892532 179.999954 -178.727661 179.082504 179.999954 -178.515579 179.049774 0.668943 -1.087348 -0.571506 3.775183 -8.648742 6.629518 25.440845 5.968296 78.070259 14.333174 2.558084 4.261684 175.554779 -179.694717 170.025299 27.470781 60.067879 -7.924858 0.000002 0.000000 33.626270 0.000001 -0.000001 12.128302 0.000000 -0.000000 0.000000 15.000004 0.000000 24.784157 0.000003 -0.000002 20.277950 0.000000 -0.000000 14.194561 0.000000 -0.000000 0.000000 180.000000 180.000000 -152.353073 180.000000 -179.999985 -150.053665 180.000000 180.000000 -160.055740 0.000000 -0.000000 0.000000 170.000000 -180.000000 -151.952469 180.000000 179.999985 -147.685623 180.000000 180.000000 -158.478622 0.000000 -0.000000 0.000000 160.000015 -180.000000 -158.857712 180.000000 -179.999985 -148.286560 0.000000 -0.000000 21.121149 2.294990 -5.944216 -9.289783 148.521393 172.073685 107.009056 159.172012 -175.113571 177.443344 179.102554 -144.452423 -158.452515 128.648331 119.337486 166.994614 180.000000 -179.999985 145.428864 180.000000 -180.000000 167.690140 0.000000 -0.000000 0.000000 165.000015 -179.999985 146.163071 0.000001 -0.000003 -27.684769 180.000000 -179.999985 160.620667 0.000000 -0.000000 0.000000 180.000000 180.000000 147.768173 180.000000 179.999985 131.652267 180.000000 -180.000000 147.800400 0.000000 -0.000000 0.000000 9.999999 0.000005 -32.508217 0.000001 -0.000002 -48.762337 180.000000 180.000000 147.524277 0.000000 -0.000000 0.000000 20.000000 0.000003 -37.121151 0.000009 0.000006 -55.681732 0.000000 -0.000001 -37.084034
-181.988052 5.032022 281.681152 114.536499 -177.468582 -179.004074 163.519257 168.040741 -179.255219 38.550110 4.266996 -4.921005 176.051224 -176.229630 179.887527 143.813110 -162.496582 179.035965 25.141863 43.034191 9.899973 62.301571 -12.014853 -21.966240 176.553802 175.442368 -179.455139 176.554657 175.496384 -178.905731 163.715179 176.375427 -179.896103 179.999985 -178.728867 179.096069 179.999985 -178.517014 179.063828 0.489011 -1.088356 -0.559982 3.725675 -8.763534 6.661082 25.866121 5.701783 77.841560 14.424273 2.440833 4.258606 175.292999 -179.366791 170.069916 27.891382 60.214184 -7.633631 180.000000 180.000000 -146.547638 180.000000 -180.000000 -168.025803 0.000000 -0.000000 0.000000 15.000002 0.000001 24.726185 0.000000 -0.000000 20.230511 180.000000 -180.000000 -165.838638 0.000000 -0.000000 0.000000 180.000000 -180.000000 -152.341553 0.000000 0.000002 30.006994 0.000000 0.000002 19.984663 0.000000 -0.000000 0.000000 170.000000 -180.000000 -151.945114 0.000001 -0.000001 32.364071 0.000000 0.000001 21.554480 0.000000 -0.000000 0.000000 160.000000 -179.999985 -158.775055 180.000000 180.000000 -148.162582 180.000000 179.999985 -158.796280 2.319834 -5.958694 -9.349489 149.179977 172.048798 107.276192 158.968643 -174.846024 177.425323 178.848785 -144.224380 -158.281845 131.502731 120.706940 170.779282 180.000000 -179.999985 146.425888 180.000000 -179.999985 168.212936 0.000000 -0.000000 0.000000 165.000015 179.999985 145.809128 0.000001 0.000002 -27.974352 180.000000 180.000000 160.417969 0.000000 -0.000000 0.000000 0.000000 0.000005 -32.538704 180.000000 -179.999985 131.191925 0.000003 0.000002 -32.506176 0.000000 -0.000000 0.000000 10.000001 0.000000 -32.637051 0.000002 0.000004 -48.955563 0.000000 -0.000001 -32.604408 0.000000 -0.000000 0.000000 19.999998 0.000002 -37.162823 180.000000 180.000000 124.255768 0.000003 0.000001 -37.125656
-181.966202 5.026997 281.688904 114.821449 -177.613968 -178.937210 163.180084 168.003326 -179.224747 38.586334 4.479766 -5.111263 176.381805 -174.954208 179.884552 143.310532 -161.539383 179.285126 25.696608 42.648819 10.040106 62.073921 -11.440801 -20.988041 176.565979 175.417984 -179.460236 176.566833 175.472824 -178.913895 163.771896 176.364059 -179.907166 0.000019 -1.286897 -0.893058 0.000011 -1.501388 -0.924917 0.238160 -1.104521 -0.548561 3.470742 -8.956317 6.717896 26.294298 5.459352 77.663330 14.480775 2.376694 4.270007 175.429810 -179.503693 169.892273 27.635721 59.779686 -7.926957 0.000002 0.000000 33.561779 180.000000 -180.000000 -167.938431 0.000000 -0.000000 0.000000 15.000000 0.000000 24.847567 0.000003 -0.000001 20.329828 180.000000 -180.000000 -165.769119 0.000000 -0.000000 0.000000 180.000000 -180.000000 -152.288528 180.000000 180.000000 -149.709167 180.000000 180.000000 -159.826309 0.000000 -0.000000 0.000000 170.000000 180.000000 -151.888290 0.000003 -0.000002 32.757622 0.000000 0.000001 21.816574 0.000000 -0.000000 0.000000 160.000000 179.999985 -158.581299 0.000002 0.000001 32.128063 0.000000 0.000001 21.397287 2.214808 -6.032453 -9.386063 149.910812 171.982101 107.537971 158.799118 -174.657196 177.374130 178.543655 -143.624878 -158.175598 131.331360 120.666000 170.899292 0.000000 0.000000 -32.984009 0.000002 0.000002 -11.492001 0.000000 -0.000000 0.000000 165.000015 -179.999985 145.570999 180.000000 -179.999985 151.830811 0.000004 -0.000001 -19.718430 0.000000 -0.000000 0.000000 0.000001 0.000001 -32.635983 180.000000 -179.999985 131.046021 0.000003 0.000001 -32.603355 0.000000 -0.000000 0.000000 9.999998 -0.000004 -32.756683 180.000000 -179.999985 130.864990 0.000000 -0.000001 -32.723923 0.000000 -0.000000 0.000000 20.000002 -0.000003 -37.297302 180.000000 -179.999985 124.054031 0.000004 -0.000000 -37.260017
-181.944870 5.020355 281.694214 115.066612 -177.714828 -178.855011 162.979294 167.871567 -179.191635 38.516689 4.647622 -5.353643 176.614487 -173.480057 179.904572 142.870346 -160.741699 179.472183 26.034868 41.686588 10.017182 61.793118 -10.678804 -19.582582 176.589340 175.370651 -179.470535 176.590225 175.427032 -178.930405 163.881165 176.342712 -179.930420 0.000026 -1.315748 -0.892538 0.000024 -1.535034 -0.924420 179.969498 -178.868225 179.457275 3.095353 -9.183372 6.798623 26.725782 5.197396 77.478432 14.430347 2.234771 4.331180 175.706406 -179.657806 169.713730 27.624933 59.708591 -8.001307 0.000000 -0.000000 33.478413 180.000000 -180.000000 -168.009766 0.000000 -0.000000 0.000000 15.000000 -0.000002 25.013800 0.000003 -0.000001 20.465841 0.000000 0.000002 14.326086 0.000000 -0.000000 0.000000 180.000000 180.000000 -152.213699 180.000000 -179.999985 -149.294388 0.000004 0.000001 20.449945 0.000000 -0.000000 0.000000 170.000000 -180.000000 -151.834442 0.000004 0.000001 33.148041 0.000007 -0.000002 22.076590 0.000000 -0.000000 0.000000 160.000015 180.000000 -158.384460 0.000001 0.000001 32.423309 0.000000 -0.000000 21.593922 2.048963 -6.137006 -9.421894 150.754013 171.862930 107.813240 158.656235 -174.512787 177.285339 178.257309 -143.114441 -158.239029 134.550201 121.883018 174.965576 0.000000 -0.000002 -31.771694 0.000002 -0.000002 -10.885847 0.000000 -0.000000 0.000000 165.000015 179.999985 145.119385 0.000000 0.000000 -28.538681 0.000004 -0.000001 -19.977077 0.000000 -0.000000 0.000000 0.000000 -0.000001 -32.645790 180.000000 180.000000 131.031296 180.000000 180.000000 147.386856 0.000000 -0.000000 0.000000 9.999999 -0.000001 -32.874100 180.000000 179.999985 130.688828 0.000000 0.000000 -32.841225 0.000000 -0.000000 0.000000 20.000000 0.000005 -37.375660 0.000002 0.000003 -56.063496 0.000003 0.000001 -37.338295
-181.922897 5.013045 281.698578 115.302963 -177.803345 -178.769516 162.886841 167.733612 -179.159592 38.357464 4.847292 -5.591531 176.743286 -171.651306 179.982880 142.487473 -159.989548 179.619965 26.173897 40.606136 9.947093 61.517834 -9.860358 -18.105536 176.596283 175.364685 -179.484024 176.597168 175.421829 -178.953018 163.916565 176.350922 -179.956039 0.000043 -1.310196 -0.912138 0.000051 -1.528551 -0.944711 179.847412 -178.871841 179.447830 3.095371 -9.236997 6.739719 26.937204 4.784019 77.283302 14.231110 1.926599 4.449350 176.156967 179.990540 169.454132 27.543892 59.712704 -8.107102 180.000000 -180.000000 -146.610443 0.000001 0.000000 11.918632 0.000000 -0.000000 0.000000 15.000004 0.000002 24.794186 0.000003 -0.000001 20.286144 0.000003 -0.000002 14.200309 0.000000 -0.000000 0.000000 0.000000 -0.000000 27.808592 180.000000 179.999985 -149.167267 0.000000 0.000000 20.534605 0.000000 -0.000000 0.000000 170.000000 -179.999985 -151.787048 180.000000 180.000000 -146.492493 0.000003 -0.000002 22.316010 0.000000 -0.000000 0.000000 160.000000 -179.999985 -158.214905 0.000002 0.000000 32.677654 0.000003 -0.000001 21.763315 2.026477 -6.119695 -9.504474 151.408249 171.728729 108.076675 158.645508 -174.089508 177.260330 177.848709 -142.507431 -158.342438 136.451172 122.206657 177.409561 0.000000 -0.000001 -30.480303 180.000000 179.999985 169.759842 0.000000 -0.000000 0.000000 165.000015 180.000000 144.693100 180.000000 180.000000 151.112534 0.000000 0.000000 -20.221218 0.000000 -0.000000 0.000000 0.000001 0.000002 -32.474739 180.000000 179.999985 131.287903 0.000000 -0.000001 -32.442265 0.000000 -0.000000 0.000000 9.999997 -0.000001 -32.877529 0.000005 0.000005 -49.316280 180.000000 -180.000000 147.155350 0.000000 -0.000000 0.000000 19.999998 0.000002 -37.334755 180.000000 -180.000000 123.997864 180.000000 180.000000 142.702576
-181.897324 5.005626 281.702698 115.599037 -177.909500 -178.657761 162.820618 167.590912 -179.149261 38.108963 4.968271 -5.838419 176.843231 -169.545990 -179.899643 142.090088 -159.257889 179.745224 26.109840 39.214783 9.797197 61.220898 -8.881713 -16.402029 176.601517 175.364868 -179.500427 176.602371 175.422729 -178.980606 163.944962 176.365616 -179.986664 0.000050 -1.318635 -0.933018 0.000060 -1.538390 -0.966333 179.669556 -178.862854 179.438721 3.082100 -9.285475 6.670551 27.033955 4.375370 77.098007 14.621437 1.972739 4.504441 176.258087 179.831528 169.203003 27.138184 59.393372 -8.441320 180.000000 180.000000 -146.434097 180.000000 180.000000 -167.930267 0.000000 -0.000000 0.000000 14.999997 0.000001 24.912579 180.000000 -180.000000 -159.616989 180.000000 -180.000000 -165.731873 0.000000 -0.000000 0.000000 0.000001 0.000001 27.857683 180.000000 -180.000000 -148.881409 0.000000 0.000002 20.724989 0.000000 -0.000000 0.000000 170.000000 -180.000000 -151.732162 180.000000 180.000000 -146.054977 180.000000 180.000000 -157.392609 0.000000 -0.000000 0.000000 160.000015 -179.999985 -157.939224 0.000002 0.000003 33.091167 0.000000 0.000002 22.038719 1.925583 -6.134835 -9.566974 152.007187 171.556137 108.294914 158.627899 -173.723526 177.227539 177.358551 -141.478729 -158.380722 136.420731 121.803841 177.470688 180.000000 -179.999985 150.092529 180.000000 180.000000 170.046280 0.000000 -0.000000 0.000000 165.000015 -179.999985 144.868744 0.000000 0.000005 -28.743748 0.000000 0.000000 -20.120626 0.000000 -0.000000 0.000000 180.000000 180.000000 147.081223 0.000000 0.000004 -49.378151 180.000000 -180.000000 147.114151 0.000000 -0.000000 0.000000 9.999999 -0.000000 -32.891209 0.000002 0.000003 -49.336823 180.000000 -179.999985 147.141678 0.000000 -0.000000 0.000000 19.999998 -0.000000 -37.504116 0.000000 -0.000001 -56.256172 180.000000 -179.999985 142.533386
-181.873810 4.998565 281.705780 115.840469 -177.985931 -178.558167 162.802734 167.443054 -179.143784 37.863930 5.122846 -6.068465 176.880096 -167.516998 -179.748627 141.717987 -158.540985 179.899963 25.956211 37.449551 9.576880 60.912720 -7.713893 -14.334311 176.610748 175.360794 -179.515121 176.611572 175.419388 -179.005371 163.991516 176.376129 179.986511 0.000063 -1.330367 -0.959084 0.000046 -1.552078 -0.993327 179.533829 -178.851486 179.425674 3.177589 -9.289358 6.566264 27.066919 3.942733 76.889214 14.979722 1.963847 4.578656 176.391693 179.629959 168.938934 27.092577 59.417580 -8.471869 180.000000 180.000000 -146.441376 0.000000 -0.000000 12.065658 0.000000 -0.000000 0.000000 15.000000 -0.000004 24.919207 180.000000 180.000000 -159.611557 0.000000 -0.000000 14.271909 0.000000 -0.000000 0.000000 180.000000 -180.000000 -152.090439 180.000000 -180.000000 -148.569733 0.000000 0.000001 20.932560 0.000000 -0.000000 0.000000 170.000000 -180.000000 -151.665710 0.000001 -0.000001 34.510082 180.000000 180.000000 -157.016281 0.000000 -0.000000 0.000000 160.000015 180.000000 -157.738312 0.000004 0.000001 33.392521 0.000000 -0.000000 22.239416 1.875851 -6.139355 -9.638225 152.548706 171.372086 108.491570 158.629730 -173.363892 177.194351 176.895462 -140.797012 -158.440872 138.872787 122.753296 -179.307663 0.000004 -0.000002 -28.529850 180.000000 -179.999985 170.735077 0.000000 -0.000000 0.000000 165.000000 179.999985 145.204575 0.000002 -0.000003 -28.468979 0.000003 0.000001 -19.928282 0.000000 -0.000000 0.000000 180.000000 180.000000 146.881561 0.000003 0.000001 -49.677631 0.000000 -0.000002 -33.085300 0.000000 -0.000000 0.000000 10.000003 -0.000001 -33.002796 0.000002 0.000003 -49.504185 180.000000 -180.000000 147.030197 0.000000 -0.000000 0.000000 20.000006 0.000005 -37.438923 180.000000 -179.999985 123.841614 0.000003 0.000001 -37.401489
-181.851013 4.992276 281.708618 116.075157 -178.056244 -178.462814 162.746475 167.352005 -179.158478 37.652096 5.390292 -6.258584 176.911087 -165.359970 -179.578873 141.336182 -157.938278 -179.939880 25.795815 35.720356 9.351758 60.659081 -6.582882 -12.402133 176.620667 175.356644 -179.527405 176.621475 175.415924 -179.026215 164.040710 176.384506 179.964615 0.000057 -1.343500 -0.989770 0.000046 -1.567401 -1.025104 179.428864 -178.839111 179.409241 3.356205 -9.267676 6.432216 27.110085 3.459970 76.630386 15.480037 1.993885 4.643860 175.985107 179.957718 168.918549 27.420996 59.808537 -8.171802 0.000000 0.000000 33.385429 0.000000 0.000001 11.921393 0.000000 -0.000000 0.000000 15.000000 -0.000001 24.830139 0.000000 -0.000000 20.315575 180.000000 179.999985 -165.779099 0.000000 -0.000000 0.000000 180.000000 180.000000 -152.061600 0.000000 -0.000000 31.608175 180.000000 -180.000000 -158.948944 0.000000 -0.000000 0.000000 170.000000 -180.000000 -151.649002 180.000000 -180.000000 -145.341034 180.000000 180.000000 -156.917130 0.000000 -0.000000 0.000000 160.000015 179.999985 -157.683380 0.000000 -0.000002 33.474930 0.000000 0.000003 22.294304 1.881236 -6.128647 -9.726210 152.994019 171.205460 108.672462 158.693665 -172.870422 177.207382 176.484131 -140.662170 -158.583038 141.348755 123.597466 -176.355774 0.000000 -0.000001 -27.493959 0.000003 0.000000 -8.746980 0.000000 -0.000000 0.000000 165.000000 -179.999985 145.023727 0.000000 -0.000002 -28.616947 0.000000 0.000000 -20.031862 0.000000 -0.000000 0.000000 0.000003 0.000001 -33.250854 180.000000 179.999985 130.123703 0.000003 0.000002 -33.217602 0.000000 -0.000000 0.000000 9.999999 -0.000000 -33.062618 0.000001 -0.000001 -49.593937 0.000003 0.000002 -33.029560 0.000000 -0.000000 0.000000 20.000000 0.000001 -37.440517 180.000000 -180.000000 123.839226 0.000003 0.000001 -37.403088
-181.831757 4.986573 281.711365 116.274849 -178.122284 -178.380646 162.649124 167.327225 -179.190933 37.513519 5.691764 -6.390827 176.972626 -162.931274 -179.392288 140.824661 -157.253769 -179.662247 25.847878 33.999588 9.180423 60.433739 -5.375481 -10.417500 176.638458 175.347519 -179.536926 176.639252 175.407547 -179.042679 164.125885 176.387497 179.949783 0.000033 -1.363069 -1.012526 0.000038 -1.590236 -1.048675 179.289917 -178.820877 179.398422 3.520168 -9.251949 6.295246 27.128044 3.021337 76.388000 16.195477 2.172374 4.653808 175.678085 -179.834839 168.807846 27.150002 59.622101 -8.374154 180.000000 180.000000 -146.473053 0.000000 0.000001 12.042766 0.000000 -0.000000 0.000000 15.000004 -0.000001 24.928307 180.000000 179.999985 -159.604111 0.000000 -0.000000 14.277116 0.000000 -0.000000 0.000000 180.000000 -180.000000 -152.027512 0.000000 -0.000000 31.822872 180.000000 -180.000000 -158.805969 0.000000 -0.000000 0.000000 170.000000 -180.000000 -151.612503 0.000000 -0.000000 34.995613 0.000000 -0.000000 23.307091 0.000000 -0.000000 0.000000 160.000000 -180.000000 -157.456039 0.000001 -0.000001 33.815945 180.000000 -180.000000 -157.478577 1.852196 -6.140676 -9.793873 153.460648 171.074844 108.812553 158.730225 -172.530853 177.205124 176.148346 -140.642166 -158.734665 142.230988 123.476639 -175.705505 180.000000 179.999985 152.498978 180.000000 -179.999985 171.249481 0.000000 -0.000000 0.000000 165.000015 -179.999985 144.905029 180.000000 -180.000000 151.285934 180.000000 -179.999985 159.900146 0.000000 -0.000000 0.000000 180.000000 179.999985 146.650314 0.000002 0.000003 -50.024529 0.000003 0.000003 -33.316334 0.000000 -0.000000 0.000000 10.000001 -0.000008 -33.095310 0.000002 0.000003 -49.642967 0.000003 0.000002 -33.062214 0.000000 -0.000000 0.000000 19.999992 0.000000 -37.519386 180.000000 -179.999985 123.720924 0.000000 0.000000 -37.481865
-181.815506 4.981655 281.713898 116.461136 -178.187439 -178.301315 162.523773 167.340271 -179.234375 37.377731 6.062305 -6.505855 177.068542 -160.660995 -179.210632 140.252762 -156.705673 -179.358505 26.002819 31.842182 8.979983 60.238934 -4.033098 -8.162494 176.649231 175.344330 -179.545151 176.650009 175.404877 -179.056824 164.178192 176.392960 179.936386 0.000030 -1.378717 -1.030062 0.000033 -1.608495 -1.066841 179.212646 -178.806641 179.389496 3.560642 -9.261107 6.244088 27.369450 2.675458 76.100784 16.982895 2.364402 4.638286 175.346786 -179.636566 168.687866 27.018435 59.649567 -8.458388 0.000002 0.000000 33.543228 0.000001 0.000000 12.061067 0.000000 -0.000000 0.000000 15.000004 0.000002 24.930853 0.000001 0.000003 20.397953 180.000000 180.000000 -165.721420 0.000000 -0.000000 0.000000 0.000001 -0.000002 28.011332 180.000000 -179.999985 -147.926071 0.000003 -0.000001 21.361237 0.000000 -0.000000 0.000000 170.000000 179.999985 -151.560455 180.000000 179.999985 -144.494446 0.000000 0.000002 23.646688 0.000000 -0.000000 0.000000 160.000000 -179.999985 -157.243790 0.000001 0.000001 34.134312 0.000000 0.000001 22.733452 1.886516 -6.148980 -9.869146 154.057571 170.962570 108.939690 158.717392 -172.332809 177.174225 176.016663 -139.937408 -159.052231 143.737411 123.100868 -175.227936 180.000000 179.999985 151.387436 180.000000 179.999985 170.693726 0.000002 -0.000000 0.000000 165.000000 -179.999985 144.879593 180.000000 -179.999985 151.265121 0.000001 -0.000003 -20.114410 0.000002 -0.000000 0.000000 0.000002 -0.000001 -33.377033 180.000000 -179.999985 129.934464 180.000000 -180.000000 146.656342 0.000002 -0.000000 0.000000 10.000004 -0.000006 -33.108955 180.000000 180.000000 130.336578 0.000000 0.000000 -33.075836 0.000002 -0.000000 0.000000 20.000000 -0.000002 -37.489697 0.000000 -0.000000 -56.234539 0.000000 -0.000001 -37.452202
-181.803772 4.977662 281.716248 116.596878 -178.237823 -178.243561 162.584320 167.089935 -179.179825 37.046432 6.348141 -6.828409 177.213745 -158.282272 -179.000076 139.724121 -156.281342 -179.063004 26.252203 29.874172 8.822631 60.112473 -2.834416 -6.172051 176.661499 175.337662 -179.550293 176.662262 175.398636 -179.065781 164.236572 176.393387 179.928940 0.000018 -1.391186 -1.044584 0.000009 -1.623048 -1.081882 179.178055 -178.795486 179.381485 3.671615 -9.266472 6.182003 27.681000 2.298841 75.777824 17.244455 2.250560 4.658344 175.343887 -179.623520 168.554062 26.830233 59.734669 -8.579103 180.000000 -180.000000 -146.464600 0.000003 0.000001 12.062411 0.000000 -0.000000 0.000000 15.000004 -0.000003 25.012869 0.000000 -0.000000 20.465078 180.000000 -180.000000 -165.674454 0.000000 -0.000000 0.000000 0.000001 -0.000001 28.087439 0.000002 -0.000000 32.587379 0.000004 0.000000 21.703188 0.000000 -0.000000 0.000000 170.000000 180.000000 -151.535309 180.000000 -180.000000 -144.233719 180.000000 180.000000 -156.179672 0.000000 -0.000000 0.000000 160.000015 -180.000000 -157.128571 180.000000 -180.000000 -145.692841 180.000000 180.000000 -157.151428 1.986189 -6.156331 -9.960702 154.570221 170.887833 109.056068 158.815216 -171.993607 177.175018 175.959045 -139.785767 -159.474365 144.753204 122.870979 -174.997925 0.000002 0.000000 -29.562769 180.000000 179.999985 170.218613 0.000000 -0.000000 0.000000 165.000015 -179.999985 145.043121 180.000000 -179.999985 151.398926 0.000004 -0.000003 -20.020744 0.000000 -0.000000 0.000000 0.000002 0.000000 -33.262367 0.000002 0.000003 -49.893566 180.000000 -180.000000 146.770905 0.000000 -0.000000 0.000000 9.999996 0.000001 -33.007454 180.000000 -180.000000 130.488831 180.000000 180.000000 147.025558 0.000000 -0.000000 0.000000 20.000002 -0.000002 -37.224041 0.000001 -0.000001 -55.836082 180.000000 -179.999985 142.813171
-181.794510 4.974626 281.718170 116.719849 -178.282150 -178.189209 162.709137 166.740860 -179.097076 36.631969 6.529488 -7.217669 177.405487 -155.776917 -178.763748 139.128036 -155.903244 -178.696716 26.659847 27.922846 8.645217 60.029987 -1.664437 -4.226994 176.674484 175.329010 -179.555557 176.675232 175.390518 -179.074890 164.298309 176.392593 179.921066 0.000003 -1.400163 -1.050878 0.000014 -1.633525 -1.088407 179.148758 -178.787460 179.378387 3.739934 -9.292429 6.135030 27.990486 1.972972 75.494286 17.562670 2.246051 4.617854 175.421661 -179.675537 168.374893 26.366810 59.407829 -8.936563 0.000000 0.000001 33.751518 0.000000 0.000000 12.249787 0.000000 -0.000000 0.000000 15.000002 -0.000001 25.024464 0.000000 -0.000000 20.474546 180.000000 179.999985 -165.667816 0.000000 -0.000000 0.000000 0.000001 -0.000000 28.095352 180.000000 179.999985 -147.357544 180.000000 180.000000 -158.260132 0.000000 -0.000000 0.000000 170.000000 -179.999985 -151.505173 0.000000 -0.000000 36.093624 0.000004 0.000001 24.038349 0.000000 -0.000000 0.000000 160.000015 180.000000 -156.883331 0.000001 -0.000001 34.675011 180.000000 180.000000 -156.906433 2.041973 -6.183661 -10.034046 155.241043 170.812073 109.148560 158.847549 -171.887741 177.130203 175.906693 -139.503784 -159.845245 142.732239 121.632416 -177.466705 180.000000 -180.000000 149.836792 180.000000 180.000000 169.918396 0.000000 -0.000000 0.000000 165.000000 179.999985 145.186462 0.000000 0.000000 -28.483791 180.000000 179.999985 160.061340 0.000000 -0.000000 0.000000 0.000001 0.000003 -33.044884 0.000000 -0.000001 -49.567333 0.000000 0.000000 -33.011845 0.000000 -0.000000 0.000000 10.000001 -0.000002 -32.739090 0.000001 -0.000003 -49.108635 0.000000 -0.000001 -32.706348 0.000000 -0.000000 0.000000 20.000006 -0.000003 -36.811604 180.000000 -180.000000 124.782585 180.000000 180.000000 143.225220
-181.789368 4.972687 281.719360 116.795700 -178.306198 -178.150101 162.926346 166.265366 -178.972260 36.100468 6.650213 -7.698809 177.634872 -153.562271 -178.514923 138.543381 -155.593445 -178.286758 27.115055 25.711199 8.397523 59.989223 -0.433622 -2.048718 176.685699 175.319260 -179.559845 176.686447 175.381210 -179.082260 164.351410 176.390091 179.914307 0.000004 -1.400033 -1.053864 180.000000 -178.366623 178.908493 179.176788 -178.787872 179.376022 3.840987 -9.317399 6.088119 28.314564 1.651326 75.230133 17.734726 2.190505 4.569422 175.702087 -179.923599 168.099197 25.911249 59.252480 -9.256024 0.000000 -0.000000 33.912033 0.000001 0.000002 12.395786 0.000000 0.000001 0.000000 15.000000 0.000005 25.072842 0.000000 -0.000000 20.514147 0.000000 0.000002 14.359892 0.000000 0.000001 0.000000 0.000002 -0.000000 28.140926 0.000000 -0.000000 32.967133 180.000000 -179.999985 -158.043884 0.000000 0.000001 0.000000 170.000000 179.999985 -151.454193 180.000000 179.999985 -143.309967 0.000000 0.000000 24.435553 0.000000 0.000001 0.000000 160.000015 -179.999985 -156.685501 0.000001 0.000002 34.971760 0.000000 0.000001 23.291187 2.127260 -6.217344 -10.105648 155.906586 170.707184 109.214569 158.907394 -171.841125 177.085190 175.812546 -139.131821 -160.193756 138.751129 121.088844 177.951965 0.000003 0.000002 -32.224262 0.000004 -0.000001 -11.112136 0.000000 -0.000000 0.000000 165.000015 179.999985 145.639099 0.000002 0.000001 -28.113476 180.000000 179.999985 160.320572 0.000000 -0.000000 0.000000 0.000001 -0.000005 -32.858696 180.000000 -179.999985 130.711960 0.000001 -0.000003 -32.825829 0.000000 -0.000000 0.000000 10.000003 -0.000003 -32.475319 0.000000 -0.000000 -48.712975 0.000003 0.000002 -32.442841 0.000000 -0.000000 0.000000 19.999992 -0.000004 -36.578949 0.000003 0.000001 -54.868412 180.000000 180.000000 143.457611
-181.787445 4.972423 281.719788 116.836998 -178.310959 -178.123322 163.195557 165.713120 -178.825409 35.462925 6.791591 -8.242981 177.946945 -151.572556 -178.297180 138.117523 -155.412262 -177.949493 27.452475 23.734213 8.117992 59.992107 0.620453 -0.157214 176.695145 175.308075 -179.563583 176.695892 175.370483 -179.088577 164.396042 176.386032 179.907745 180.000000 -178.607910 178.942520 0.000001 -1.624108 -1.095259 179.271454 -178.795731 179.371796 4.030714 -9.323619 6.025682 28.623758 1.275064 74.948540 17.774380 2.090077 4.517673 175.667923 -179.912781 168.005951 25.689074 59.317230 -9.394829 0.000000 0.000001 33.931309 0.000000 0.000002 12.420758 0.000000 -0.000000 0.000003 15.000002 -0.000003 25.031679 0.000003 -0.000001 20.480450 0.000003 -0.000002 14.336318 0.000000 -0.000000 0.000003 180.000000 180.000000 -151.823944 180.000000 179.999985 -146.773788 0.000000 0.000001 22.128658 0.000000 -0.000000 0.000003 170.000000 180.000000 -151.445633 180.000000 -180.000000 -143.204056 0.000000 0.000001 24.506109 0.000000 -0.000000 0.000003 160.000000 -180.000000 -156.647202 0.000001 0.000002 35.029190 180.000000 -180.000000 -156.670563 2.261247 -6.244320 -10.184607 156.418579 170.576935 109.270683 159.077423 -171.716248 177.069138 176.079834 -138.488312 -160.586578 132.508087 119.597649 171.086411 0.000001 0.000002 -33.657089 180.000000 179.999985 168.171463 0.000000 -0.000000 0.000000 165.000015 -179.999985 145.868591 0.000001 0.000000 -27.925686 0.000001 -0.000003 -19.547987 0.000000 -0.000000 0.000000 0.000003 0.000003 -32.621590 0.000000 0.000000 -48.932392 180.000000 180.000000 147.411011 0.000000 -0.000000 0.000000 10.000004 -0.000000 -32.347118 180.000000 -180.000000 131.479309 180.000000 180.000000 147.685226 0.000000 -0.000000 0.000000 19.999998 0.000003 -36.225460 180.000000 -180.000000 125.661797 0.000000 -0.000000 -36.189247
-181.788391 4.974595 281.719269 116.841560 -178.287109 -178.108200 163.514587 165.014282 -178.655640 34.785313 6.777394 -8.857175 178.340820 -149.643738 -178.190125 137.718903 -155.362656 -177.590637 27.714672 21.797586 7.699867 60.024086 1.603425 1.658211 176.705521 175.290405 -179.566513 176.706253 175.353363 -179.093307 164.444427 176.376831 179.901794 0.000005 -1.381796 -1.061367 0.000007 -1.612092 -1.099275 179.369415 -178.805664 179.367355 4.155024 -9.339461 5.979380 28.912992 0.950139 74.720428 17.852921 2.120938 4.423779 175.559219 -179.853607 167.949707 25.489779 59.098083 -9.555165 180.000000 -180.000000 -145.943863 0.000003 -0.000000 12.527797 0.000000 -0.000000 0.000000 15.000000 -0.000002 25.121723 180.000000 -179.999985 -159.445862 180.000000 -180.000000 -165.612122 0.000000 -0.000000 0.000000 180.000000 -180.000000 -151.817444 0.000002 0.000000 33.275154 180.000000 -180.000000 -157.838745 0.000000 -0.000000 0.000000 170.000000 -180.000000 -151.437363 180.000000 179.999985 -143.099091 0.000000 0.000001 24.576008 0.000000 -0.000000 0.000000 160.000015 -179.999985 -156.510422 0.000001 0.000003 35.234375 0.000001 0.000003 23.466087 2.373365 -6.268582 -10.250554 156.835480 170.400085 109.311035 159.227066 -171.685791 177.055710 176.497269 -138.934998 -161.070709 130.015015 119.488136 168.600708 0.000001 0.000002 -34.015446 180.000000 -179.999985 167.992279 0.000000 -0.000000 0.000000 165.000015 179.999985 145.817032 0.000004 -0.000004 -27.967876 180.000000 -179.999985 160.422485 0.000000 -0.000000 0.000000 0.000000 -0.000001 -32.621365 0.000002 -0.000001 -48.932034 0.000000 0.000000 -32.588741 0.000000 -0.000000 0.000000 10.000002 0.000001 -32.210522 180.000000 -180.000000 131.684204 0.000000 0.000000 -32.178314 0.000000 -0.000000 0.000000 20.000000 -0.000004 -35.970051 180.000000 179.999985 126.044937 0.000006 0.000002 -35.934078
-181.794022 4.980085 281.717377 116.796425 -178.236832 -178.100708 163.674835 164.605423 -178.588928 34.259476 6.988517 -9.257071 178.792557 -148.007446 -178.162445 137.330841 -155.429459 -177.202652 28.030989 19.673370 7.164524 60.086876 2.577802 3.629363 176.715683 175.269501 -179.570007 176.716415 175.333054 -179.098877 164.491821 176.365860 179.893982 0.000012 -1.364288 -1.068955 0.000003 -1.591673 -1.107131 179.530121 -178.822495 179.359299 4.286447 -9.346883 5.935905 29.162828 0.627515 74.520454 17.825104 2.146186 4.348578 175.538300 -179.899811 167.845001 25.278486 59.022266 -9.711998 0.000003 -0.000001 34.112053 0.000001 -0.000000 12.580358 0.000000 -0.000000 0.000000 14.999999 -0.000003 25.132874 180.000000 180.000000 -159.436737 0.000000 -0.000000 14.394285 0.000000 -0.000000 0.000000 180.000000 180.000000 -151.802094 0.000001 -0.000001 33.391674 180.000000 179.999985 -157.761154 0.000000 -0.000000 0.000000 170.000000 179.999985 -151.413788 0.000002 -0.000001 37.210323 0.000003 -0.000000 24.782082 0.000000 -0.000000 0.000000 160.000015 -180.000000 -156.432999 0.000001 -0.000001 35.350529 180.000000 180.000000 -156.456543 2.496943 -6.281178 -10.317737 157.222992 170.162537 109.345596 159.376465 -171.803589 177.022751 176.914261 -139.156555 -161.600937 131.164597 119.414780 169.801392 0.000002 -0.000000 -33.629353 0.000000 0.000000 -11.814675 0.000000 -0.000000 0.000000 165.000015 179.999985 145.571991 180.000000 180.000000 151.831619 180.000000 180.000000 160.282135 0.000000 -0.000000 0.000000 180.000000 180.000000 147.365295 0.000001 0.000002 -48.952068 0.000000 0.000000 -32.602081 0.000000 -0.000000 0.000000 10.000002 -0.000001 -32.180672 0.000002 0.000001 -48.271019 180.000000 180.000000 147.851501 0.000000 -0.000000 0.000000 20.000002 -0.000002 -35.898323 180.000000 180.000000 126.152512 0.000000 0.000000 -35.862423
-181.804581 4.989373 281.714539 116.710884 -178.170776 -178.103653 163.824921 164.268143 -178.542236 33.687534 7.332580 -9.630849 179.300766 -146.339050 -178.223206 137.097092 -155.616882 -176.927475 28.292204 17.807465 6.653198 60.161781 3.379937 5.280698 176.721863 175.252701 -179.572037 176.722595 175.316681 -179.101990 164.520401 176.356308 179.888596 0.000013 -1.338919 -1.082299 0.000004 -1.562075 -1.120951 179.742157 -178.846725 179.346817 4.461045 -9.341378 5.888598 29.415003 0.279629 74.318161 17.683731 2.128843 4.289048 175.500900 -179.928528 167.787354 25.051136 58.919998 -9.895665 180.000000 -180.000000 -145.845596 0.000001 -0.000001 12.621312 0.000000 -0.000000 0.000000 15.000004 0.000001 25.139584 0.000000 0.000002 20.568750 0.000000 0.000002 14.398123 0.000000 -0.000000 0.000000 0.000000 0.000004 28.226561 0.000001 -0.000001 33.613697 180.000000 179.999985 -157.613281 0.000000 -0.000000 0.000000 170.000000 -180.000000 -151.406464 0.000001 -0.000002 37.309978 0.000000 0.000000 24.848455 0.000000 -0.000000 0.000000 160.000015 179.999985 -156.374863 180.000000 -180.000000 -144.562286 0.000000 0.000001 23.601517 2.667910 -6.277068 -10.407133 157.457626 169.901703 109.383469 159.648666 -171.805847 176.986496 177.379135 -139.177780 -162.321823 132.926987 119.854683 171.751404 0.000001 0.000001 -33.326843 180.000000 180.000000 168.336578 0.000000 -0.000000 0.000000 165.000015 -180.000000 145.198349 0.000002 0.000001 -28.474073 0.000004 -0.000001 -19.931852 0.000000 -0.000000 0.000000 180.000000 179.999985 147.210037 0.000002 0.000005 -49.184933 180.000000 180.000000 147.242828 0.000000 -0.000000 0.000000 10.000000 -0.000002 -32.147213 180.000000 -179.999985 131.779190 0.000003 0.000001 -32.115063 0.000000 -0.000000 0.000000 20.000004 0.000002 -35.884823 0.000003 0.000002 -53.827248 180.000000 179.999985 144.151047
-181.822586 5.002432 281.710144 116.551956 -178.081848 -178.115707 163.914734 163.678207 -178.565109 33.248043 7.418180 -10.095925 179.738373 -144.592300 -178.349319 137.014542 -155.924484 -176.726288 28.568275 16.077129 6.123929 60.239620 4.065159 6.733450 176.730270 175.237152 -179.573624 176.730988 175.301559 -179.104477 164.559372 176.347305 179.885132 0.000016 -1.307276 -1.100974 0.000010 -1.525160 -1.140283 179.978424 -178.876724 179.330826 4.638660 -9.316866 5.843946 29.615076 -0.014221 74.157921 17.574905 2.183813 4.197589 175.430984 -179.905502 167.775726 24.922998 58.728172 -10.007566 0.000000 0.000000 34.246567 0.000001 -0.000001 12.699716 0.000000 -0.000000 0.000000 15.000000 0.000002 25.215164 180.000000 179.999985 -159.369400 0.000000 -0.000000 14.441414 0.000000 -0.000000 0.000000 0.000002 -0.000002 28.231752 180.000000 -180.000000 -146.345291 180.000000 -180.000000 -157.585968 0.000000 -0.000000 0.000000 170.000000 -179.999985 -151.402161 0.000001 -0.000004 37.369884 180.000000 -180.000000 -155.111664 0.000000 -0.000000 0.000000 160.000000 -180.000000 -156.263748 180.000000 -179.999985 -144.395615 180.000000 179.999985 -156.287476 2.846960 -6.248940 -10.504455 157.659088 169.637421 109.410278 159.891281 -171.820450 176.941025 177.980469 -138.903442 -163.170471 132.661346 120.004974 171.654846 180.000000 -180.000000 146.806015 180.000000 179.999985 168.403000 0.000000 -0.000000 0.000000 165.000015 -180.000000 145.219635 0.000001 0.000004 -28.456656 0.000004 -0.000003 -19.919666 0.000000 -0.000000 0.000000 180.000000 -180.000000 147.095703 180.000000 -180.000000 130.643570 0.000000 -0.000002 -32.871395 0.000000 -0.000000 0.000000 10.000002 -0.000002 -32.262657 180.000000 180.000000 131.606018 180.000000 -180.000000 147.769592 0.000000 -0.000000 0.000000 19.999998 -0.000000 -36.142567 0.000002 0.000003 -54.213844 0.000000 0.000000 -36.106430
-181.849442 5.019306 281.703308 116.309601 -177.965912 -178.128281 164.069778 163.112534 -178.606369 32.764183 7.576183 -10.560254 0.090805 -37.108334 1.586038 137.053177 -156.349457 -176.599182 28.881117 14.286604 5.561725 60.323589 4.674375 8.186911 176.745621 175.216614 -179.577301 176.746368 175.281693 -179.110687 164.631226 176.336945 179.878799 0.000019 -1.269502 -1.122280 0.000024 -1.481093 -1.162347 0.221099 -1.087839 -0.686619 4.790609 -9.298529 5.812814 29.789640 -0.270197 74.035080 17.406517 2.229155 4.123510 175.410660 -179.938782 167.719131 24.653770 58.619312 -10.218643 0.000000 -0.000000 34.298500 180.000000 -180.000000 -167.249573 0.000000 -0.000000 0.000000 15.000002 0.000002 25.219484 0.000003 -0.000001 20.634119 0.000000 0.000003 14.443890 0.000000 -0.000000 0.000000 180.000000 -180.000000 -151.762207 0.000000 -0.000000 33.702396 0.000003 -0.000002 22.445801 0.000000 -0.000000 0.000000 170.000000 -180.000000 -151.388336 180.000000 -180.000000 -142.434204 180.000000 -180.000000 -154.981171 0.000000 -0.000000 0.000000 160.000015 180.000000 -156.232910 180.000000 179.999985 -144.349380 180.000000 180.000000 -156.256699 3.008770 -6.217461 -10.600526 157.966858 169.369232 109.418587 160.131592 -171.813034 176.879120 178.192963 -138.844391 -164.038528 132.582886 120.447029 171.632935 0.000004 0.000000 -33.536995 180.000000 -180.000000 168.231491 0.000000 -0.000000 0.000000 165.000000 179.999985 145.350540 180.000000 180.000000 151.650452 180.000000 180.000000 160.155319 0.000000 -0.000000 0.000000 180.000000 180.000000 147.272507 180.000000 179.999985 130.908752 180.000000 -180.000000 147.305222 0.000000 -0.000000 0.000000 10.000001 -0.000001 -32.236607 180.000000 180.000000 131.645081 180.000000 180.000000 147.795639 0.000000 -0.000000 0.000000 20.000002 -0.000000 -35.958248 180.000000 -180.000000 126.062630 180.000000 180.000000 144.077698
-181.882355 5.039085 281.695099 116.039536 -177.856461 -178.136276 164.240234 162.668304 -178.665680 32.183811 7.935801 -11.016412 0.258902 -38.873379 1.729448 137.214478 -156.790863 -176.582550 29.149237 12.843884 5.094165 60.392963 5.118418 9.266139 176.758118 175.213715 -179.581375 176.758850 175.279129 -179.118027 164.690704 176.338867 179.874359 0.000033 -1.218281 -1.146981 0.000039 -1.421337 -1.187918 0.492432 -1.040407 -0.706294 4.942106 -9.275425 5.780412 29.948277 -0.507836 73.940453 17.157951 2.246604 4.056435 175.400620 -179.973709 167.697998 24.354998 58.489975 -10.456619 180.000000 -180.000000 -145.648132 180.000000 180.000000 -167.196960 0.000000 -0.000000 0.000000 15.000000 -0.000005 25.199905 0.000000 -0.000000 20.618099 180.000000 180.000000 -165.567337 0.000000 -0.000000 0.000000 180.000000 180.000000 -151.746948 0.000004 -0.000004 33.824734 0.000003 -0.000002 22.527269 0.000000 -0.000000 0.000000 170.000000 -179.999985 -151.389725 180.000000 -180.000000 -142.454117 0.000003 -0.000002 25.005562 0.000000 -0.000000 0.000000 160.000015 -179.999985 -156.259933 0.000000 -0.000002 35.610119 0.000003 -0.000003 23.716331 3.176177 -6.173903 -10.692117 158.293564 169.131622 109.394783 160.492355 -171.700394 176.825409 178.285126 -138.710815 -164.880585 131.501190 120.348206 170.521942 0.000003 0.000003 -33.724751 0.000000 0.000000 -11.862377 0.000000 -0.000000 0.000000 165.000015 -180.000000 145.600250 0.000001 -0.000001 -28.145256 180.000000 -179.999985 160.298325 0.000000 -0.000000 0.000000 180.000000 179.999985 147.477234 180.000000 180.000000 131.215851 180.000000 -180.000000 147.509750 0.000000 -0.000000 0.000000 9.999999 -0.000000 -31.997545 0.000002 0.000004 -47.996326 0.000003 0.000001 -31.965555 0.000000 -0.000000 0.000000 19.999998 0.000002 -35.658478 0.000000 0.000000 -53.487720 180.000000 -180.000000 144.377182
-181.920319 5.060851 281.684967 115.733131 -177.741791 -178.129425 164.441711 162.221466 -178.740341 31.643570 8.270056 -11.472746 0.106007 -40.309620 2.002385 137.493378 -157.295517 -176.718597 29.221087 11.662647 4.663368 60.447693 5.446532 10.004590 176.768631 175.228455 -179.588486 176.769318 175.294006 -179.130966 164.742599 176.355362 179.866714 0.000048 -1.153891 -1.174158 0.000072 -1.346215 -1.216059 0.769782 -0.981421 -0.727023 5.099422 -9.216569 5.742419 30.051777 -0.668417 73.894165 16.940655 2.273728 3.951770 175.373596 -179.988052 167.706360 24.332350 58.366119 -10.478547 180.000000 180.000000 -145.580246 180.000000 -180.000000 -167.140610 0.000000 -0.000000 0.000000 15.000004 -0.000001 25.257322 180.000000 179.999985 -159.334915 180.000000 180.000000 -165.534439 0.000000 -0.000000 0.000000 0.000000 0.000001 28.250666 180.000000 -180.000000 -146.194534 0.000003 -0.000002 22.514450 0.000000 -0.000000 0.000000 170.000000 -179.999985 -151.391022 0.000002 -0.000001 37.527161 180.000000 -180.000000 -155.006927 0.000000 -0.000000 0.000000 160.000000 180.000000 -156.203934 0.000001 0.000001 35.694096 0.000000 0.000001 23.772268 3.353140 -6.091621 -10.772896 158.709183 168.942459 109.332542 160.810547 -171.624863 176.785675 178.539246 -138.614670 -165.727951 130.355164 119.984802 169.340820 0.000005 0.000001 -33.650986 0.000004 -0.000001 -11.825500 0.000000 -0.000000 0.000000 165.000015 180.000000 145.900391 0.000002 0.000000 -27.899685 0.000000 -0.000002 -19.529783 0.000000 -0.000000 0.000000 180.000000 180.000000 147.787003 0.000003 -0.000002 -48.319489 0.000003 0.000002 -32.180779 0.000000 -0.000000 0.000000 10.000002 -0.000003 -31.637024 0.000001 -0.000002 -47.455536 0.000000 -0.000001 -31.605385 0.000000 -0.000000 0.000000 20.000004 -0.000003 -35.040512 180.000000 -179.999985 127.439224 180.000000 180.000000 144.994522
-181.962402 5.084429 281.672577 115.384789 -177.615662 -178.105560 164.678070 161.766144 -178.834015 31.111235 8.682571 -11.973928 179.694122 -138.672958 -177.538513 137.865921 -157.897171 -177.007889 28.999853 10.644644 4.197761 60.482822 5.637203 10.503041 176.786163 175.242844 -179.600540 176.786804 175.308777 -179.152481 164.828598 176.375916 179.851425 0.000071 -1.091238 -1.193852 0.000086 -1.273117 -1.236453 0.993338 -0.924556 -0.741857 5.196983 -9.176825 5.714530 30.072994 -0.740537 73.899979 16.753351 2.334605 3.871423 175.359955 -179.991241 167.671921 24.085749 58.162354 -10.699644 0.000001 -0.000002 34.472649 0.000002 -0.000001 12.908411 0.000000 -0.000000 0.000000 15.000002 0.000002 25.274967 0.000003 -0.000002 20.679512 0.000004 0.000001 14.475656 0.000000 -0.000000 0.000000 0.000003 -0.000002 28.256031 180.000000 -180.000000 -146.151169 180.000000 -180.000000 -157.456680 0.000000 -0.000000 0.000000 170.000000 -180.000000 -151.382248 0.000001 -0.000003 37.654697 180.000000 180.000000 -154.921951 0.000000 -0.000000 0.000000 160.000015 179.999985 -156.196609 180.000000 -180.000000 -144.294891 180.000000 180.000000 -156.220398 3.477861 -6.032514 -10.811480 159.235275 168.758850 109.214363 161.109589 -171.620224 176.775085 178.750000 -138.703262 -166.418457 128.745972 119.986961 167.716309 0.000000 -0.000001 -33.961639 0.000003 0.000005 -11.980820 0.000000 -0.000000 0.000000 165.000000 -179.999985 146.230240 0.000005 0.000001 -27.629803 0.000003 0.000002 -19.340858 0.000000 -0.000000 0.000000 180.000000 -180.000000 148.022842 0.000002 0.000003 -47.965725 180.000000 180.000000 148.054825 0.000000 -0.000000 0.000000 10.000000 0.000002 -31.318562 180.000000 180.000000 133.022156 180.000000 180.000000 148.712753 0.000000 -0.000000 0.000000 20.000002 0.000002 -34.674789 0.000005 0.000005 -52.012199 0.000004 0.000000 -34.640121
-182.002640 5.109766 281.659943 115.076927 -177.503311 -178.069046 164.761993 161.153580 -179.113342 30.629314 9.025520 -12.524570 178.918533 -138.248779 -176.810822 138.216797 -158.457962 -177.373505 28.550638 10.030157 3.815753 60.503590 5.744304 10.628382 176.797134 175.276337 -179.614502 176.797745 175.342346 -179.177612 164.885254 176.410980 179.833908 0.000091 -1.026278 -1.205243 0.000102 -1.197327 -1.248245 1.180427 -0.866227 -0.750652 5.242001 -9.139304 5.699491 29.981857 -0.745690 73.943466 16.578226 2.414334 3.827196 175.374985 179.903976 167.661972 23.713322 57.835720 -11.049440 180.000000 -180.000000 -145.472137 0.000001 0.000002 12.960977 0.000000 -0.000000 0.000000 15.000004 -0.000000 25.291170 180.000000 180.000000 -159.307220 180.000000 -180.000000 -165.515060 0.000000 -0.000000 0.000000 0.000003 0.000000 28.267471 180.000000 -180.000000 -146.058029 0.000004 0.000000 22.605356 0.000000 -0.000000 0.000000 170.000000 179.999985 -151.381302 180.000000 -180.000000 -142.331573 180.000000 -180.000000 -154.912827 0.000000 -0.000000 0.000000 160.000015 180.000000 -156.188507 180.000000 180.000000 -144.282730 180.000000 179.999985 -156.212296 3.563036 -5.985787 -10.822747 159.774277 168.587982 109.062462 161.506027 -171.609573 176.773651 178.778000 -139.000000 -166.928406 126.777657 120.104996 165.768829 0.000001 -0.000003 -34.331070 0.000003 0.000000 -12.165530 0.000000 -0.000000 0.000000 165.000015 -179.999985 146.447906 180.000000 -179.999985 152.548279 0.000003 0.000004 -19.216202 0.000000 -0.000000 0.000000 0.000002 -0.000000 -31.786949 180.000000 180.000000 132.319580 0.000006 0.000004 -31.755175 0.000000 -0.000000 0.000000 10.000001 -0.000001 -31.166559 180.000000 179.999985 133.250168 180.000000 180.000000 148.864609 0.000000 -0.000000 0.000000 20.000000 -0.000003 -34.367348 180.000000 180.000000 128.448975 180.000000 180.000000 145.667023
-182.040268 5.136929 281.647034 114.788948 -177.397491 -178.019409 164.807388 160.457352 -179.467789 30.242453 9.221309 -13.057325 177.836426 -138.518890 -176.141037 138.500977 -159.016022 -177.827927 27.738907 9.775239 3.488125 60.523796 5.846236 10.387655 176.801636 175.327805 -179.631638 176.802185 175.393616 -179.208298 164.913025 176.460785 179.811218 0.000097 -0.957895 -1.211940 0.000117 -1.117540 -1.255190 1.356215 -0.805082 -0.755966 5.292968 -9.056340 5.683195 29.794006 -0.683547 74.014259 16.438974 2.439377 3.779454 175.399536 179.830215 167.658203 23.823381 57.780533 -10.967024 0.000000 0.000000 34.564705 0.000002 0.000001 12.987940 0.000000 -0.000000 0.000000 15.000000 -0.000003 25.362646 0.000000 0.000002 20.751249 0.000000 -0.000000 14.525887 0.000000 -0.000000 0.000000 0.000002 -0.000002 28.275326 180.000000 180.000000 -145.993423 0.000000 0.000001 22.648382 0.000000 -0.000000 0.000000 170.000000 -180.000000 -151.376602 180.000000 180.000000 -142.261566 0.000003 -0.000002 25.133795 0.000000 -0.000000 0.000000 160.000015 -179.999985 -156.131714 180.000000 180.000000 -144.197586 180.000000 -180.000000 -156.155594 3.657523 -5.907966 -10.821910 160.264877 168.432968 108.895836 161.859222 -171.666397 176.790619 179.120468 -139.365784 -167.598831 125.724976 120.237007 164.825378 0.000005 -0.000000 -34.381413 0.000001 0.000004 -12.190708 0.000000 -0.000000 0.000000 165.000015 180.000000 146.562546 0.000005 -0.000000 -27.357912 180.000000 -179.999985 160.849472 0.000000 -0.000000 0.000000 0.000003 -0.000004 -31.700670 0.000001 -0.000002 -47.551010 0.000003 0.000001 -31.668968 0.000000 -0.000000 0.000000 9.999999 0.000003 -31.037947 180.000000 180.000000 133.443069 0.000000 -0.000001 -31.006907 0.000000 -0.000000 0.000000 19.999996 0.000005 -34.179256 0.000000 0.000000 -51.268887 0.000003 0.000001 -34.145081
-182.072205 5.165876 281.634521 114.530914 -177.286377 -177.968063 164.815430 159.758636 -179.830551 29.855320 9.499002 -13.635867 176.783630 -139.161026 -175.541351 138.678146 -159.634262 -178.364151 26.611380 9.689528 3.164868 60.534203 5.906429 9.932449 176.806213 175.368958 -179.650055 176.806747 175.434830 -179.240829 164.940842 176.504608 179.783936 0.000108 -0.912636 -1.201407 0.000114 -1.064735 -1.244293 1.457146 -0.765033 -0.749942 5.275778 -8.993266 5.691211 29.436766 -0.553403 74.113266 16.385841 2.578112 3.786839 175.404999 179.840424 167.636551 23.597395 57.516041 -11.178357 0.000002 0.000002 34.638947 0.000000 -0.000000 13.053947 0.000000 -0.000000 0.000000 15.000002 -0.000002 25.423712 180.000000 179.999985 -159.198792 0.000003 -0.000002 14.560852 0.000000 -0.000000 0.000000 180.000000 180.000000 -151.712524 0.000001 0.000003 34.107655 0.000000 -0.000000 22.715704 0.000000 -0.000000 0.000000 170.000000 -180.000000 -151.370865 180.000000 179.999985 -142.174789 0.000003 -0.000001 25.191603 0.000000 -0.000000 0.000000 160.000000 180.000000 -156.080124 180.000000 -180.000000 -144.120178 0.000003 -0.000002 23.895956 3.695011 -5.867591 -10.795473 160.730682 168.272675 108.719475 162.198944 -171.765030 176.812775 179.383011 -139.739243 -168.177368 124.624985 120.499519 163.817657 180.000000 180.000000 145.408218 180.000000 180.000000 167.704117 0.000001 0.000002 0.000003 165.000015 179.999985 146.544510 180.000000 179.999985 152.627319 0.000003 0.000004 -19.160870 0.000001 0.000002 0.000003 0.000004 0.000000 -31.630047 0.000001 0.000002 -47.445076 0.000000 -0.000001 -31.598425 0.000001 0.000002 0.000003 10.000009 -0.000001 -30.979528 180.000000 -180.000000 133.530716 0.000006 0.000002 -30.948540 0.000001 0.000002 0.000003 20.000002 -0.000002 -34.053635 0.000003 0.000001 -51.080460 0.000001 -0.000002 -34.019585
-182.089005 5.196402 281.623810 114.381271 -177.152328 -177.917099 164.676331 158.950272 179.687241 29.396893 9.837879 -14.277092 175.932648 -139.947006 -175.008865 138.713470 -160.191483 -178.901932 25.464170 9.826088 2.919237 60.552750 6.026562 9.375850 176.802917 175.381683 -179.667130 176.803482 175.447968 -179.269638 164.930084 176.527512 179.751144 0.000116 -0.902179 -1.169966 0.000119 -1.052534 -1.211747 1.456665 -0.756466 -0.730420 5.155058 -8.998047 5.725570 28.900705 -0.366117 74.250801 16.360090 2.790518 3.847340 175.459061 179.769409 167.620514 23.318958 57.212036 -11.414296 180.000000 -180.000000 -145.237595 180.000000 180.000000 -166.835861 0.000000 -0.000000 0.000000 15.000004 -0.000001 25.500595 180.000000 -180.000000 -159.135880 180.000000 180.000000 -165.395111 0.000000 -0.000000 0.000000 180.000000 179.999985 -151.705902 0.000002 0.000001 34.163136 0.000000 0.000001 22.752647 0.000000 -0.000000 0.000000 170.000000 180.000000 -151.367325 180.000000 180.000000 -142.120758 180.000000 180.000000 -154.772415 0.000000 -0.000000 0.000000 160.000015 180.000000 -156.044205 180.000000 -179.999985 -144.066330 180.000000 -180.000000 -156.068176 3.636225 -5.907584 -10.731678 161.114136 168.102585 108.526833 162.596573 -171.811966 176.852509 179.576569 -140.110748 -168.783997 123.600800 120.576309 162.794510 180.000000 -180.000000 145.232178 180.000000 -179.999985 167.616074 0.000000 -0.000000 0.000000 165.000015 -179.999985 146.539566 180.000000 180.000000 152.623291 0.000003 0.000001 -19.163692 0.000000 -0.000000 0.000000 0.000000 -0.000002 -31.582989 0.000002 0.000004 -47.374489 0.000000 -0.000000 -31.551413 0.000000 -0.000000 0.000000 10.000001 -0.000001 -30.885841 180.000000 -179.999985 133.671234 180.000000 -180.000000 149.145035 0.000000 -0.000000 0.000000 19.999998 0.000003 -33.945072 180.000000 -179.999985 129.082397 0.000000 0.000000 -33.911129
-182.088333 5.227573 281.615509 114.356735 -176.996002 -177.869095 164.399353 158.128189 179.189774 28.971901 10.121913 -14.888227 175.395126 -141.081985 -174.707077 138.614487 -160.626480 -179.352707 24.360506 10.285271 2.667022 60.579884 6.226806 8.733247 176.785370 175.377258 -179.681320 176.785934 175.444016 -179.292145 164.850815 176.535904 179.716110 0.000088 -0.907264 -1.133557 0.000097 -1.058472 -1.174044 1.415537 -0.761828 -0.707637 5.019688 -9.006323 5.760118 28.304893 -0.162091 74.396500 16.281364 2.896547 3.905567 175.538193 179.651962 167.635361 23.552418 57.331924 -11.199134 0.000000 0.000001 34.777782 0.000001 0.000002 13.172257 0.000000 -0.000000 0.000000 15.000002 -0.000002 25.547358 180.000000 -180.000000 -159.097610 0.000003 -0.000000 14.631667 0.000000 -0.000000 0.000000 180.000000 -179.999985 -151.699631 180.000000 179.999985 -145.783646 180.000000 -180.000000 -157.211914 0.000000 -0.000000 0.000000 170.000000 180.000000 -151.367615 0.000001 -0.000002 37.874790 0.000006 -0.000003 25.224602 0.000000 -0.000000 0.000000 160.000015 179.999985 -156.054413 180.000000 -180.000000 -144.081619 180.000000 -180.000000 -156.078354 3.554858 -5.952894 -10.666570 161.336243 167.945282 108.359558 162.941544 -171.796646 176.900894 179.885239 -140.484100 -169.443039 123.237442 120.608261 162.479401 180.000000 180.000000 145.264359 180.000000 180.000000 167.632187 0.000000 -0.000000 0.000000 165.000015 179.999985 146.677795 0.000001 0.000004 -27.263630 0.000000 0.000000 -19.084536 0.000000 -0.000000 0.000000 0.000002 -0.000001 -31.451473 0.000001 0.000002 -47.177219 180.000000 180.000000 148.579971 0.000000 -0.000000 0.000000 10.000004 -0.000000 -30.754730 0.000000 -0.000000 -46.132099 0.000006 0.000002 -30.723980 0.000000 -0.000000 0.000000 20.000000 0.000000 -33.742180 180.000000 180.000000 129.386719 180.000000 179.999985 146.291565
-182.077377 5.257603 281.607971 114.379356 -176.817184 -177.816833 164.151184 157.785950 178.665298 28.481829 10.930326 -15.251842 175.229767 -141.836838 -174.533035 138.450851 -161.157822 179.968750 23.382010 10.786260 2.542097 60.577888 6.301091 7.965606 176.752853 175.386124 -179.698944 176.753418 175.453125 -179.320145 164.702927 176.556229 179.672653 0.000132 -0.899991 -1.093862 0.000135 -1.049987 -1.132924 1.393552 -0.756575 -0.683076 4.924477 -8.948090 5.784859 27.607073 0.097103 74.583504 16.261610 3.112594 3.977011 175.534149 179.723114 167.661255 23.584839 57.223297 -11.151362 0.000002 -0.000000 34.893742 0.000001 -0.000001 13.270114 0.000000 0.000000 -0.000003 15.000006 0.000002 25.643143 0.000003 -0.000001 20.980757 0.000000 -0.000000 14.686527 0.000000 0.000000 -0.000003 180.000000 180.000000 -151.693436 180.000000 180.000000 -145.730942 0.000000 0.000001 22.823185 0.000000 0.000000 -0.000003 170.000000 179.999985 -151.373138 180.000000 180.000000 -142.209641 180.000000 -180.000000 -154.831619 0.000000 0.000000 -0.000003 160.000000 180.000000 -156.067703 0.000001 -0.000001 35.898460 0.000004 0.000001 23.908369 3.499985 -5.927028 -10.591208 161.448181 167.797989 108.204102 163.240829 -171.801682 176.966599 0.318669 -39.212349 9.845453 122.319809 120.447380 161.504852 0.000002 0.000001 -34.750355 180.000000 180.000000 167.624817 0.000000 -0.000000 0.000000 165.000015 -180.000000 146.857574 0.000002 -0.000003 -27.116531 0.000001 -0.000003 -18.981569 0.000000 -0.000000 0.000000 180.000000 179.999985 148.734436 180.000000 -179.999985 133.101639 0.000000 -0.000000 -31.234301 0.000000 -0.000000 0.000000 10.000000 0.000002 -30.526527 0.000004 -0.000001 -45.789772 180.000000 -180.000000 149.504013 0.000000 -0.000000 0.000000 20.000006 -0.000001 -33.468533 0.000000 -0.000001 -50.202808 0.000000 0.000000 -33.435066
-182.057831 5.283539 281.602875 114.471184 -176.649353 -177.775116 163.850357 157.550903 178.211655 27.869347 12.089024 -15.717333 175.289719 -142.296188 -174.134781 138.296387 -161.584625 179.335831 22.692997 11.374178 2.460023 60.594433 6.510885 7.306609 176.716431 175.394836 -179.712067 176.716980 175.461838 -179.340408 164.535736 176.572784 179.636902 0.000142 -0.896803 -1.053707 0.000149 -1.046269 -1.091324 1.319166 -0.755548 -0.657780 4.760388 -8.918968 5.810015 26.789501 0.451537 74.818626 16.263506 3.419382 4.062832 175.595947 179.667923 167.708588 23.547262 57.029144 -11.169104 0.000002 0.000002 35.034321 0.000002 -0.000001 13.390427 0.000000 -0.000000 0.000000 15.000004 -0.000003 25.670341 180.000000 180.000000 -158.996994 0.000000 -0.000000 14.702106 0.000000 -0.000000 0.000000 0.000001 0.000001 28.297356 0.000000 0.000001 34.190819 0.000003 -0.000002 22.771084 0.000000 -0.000000 0.000000 170.000000 179.999985 -151.377136 180.000000 179.999985 -142.269714 180.000000 180.000000 -154.871628 0.000000 -0.000000 0.000000 160.000015 180.000000 -156.085922 180.000000 180.000000 -144.128906 0.000004 0.000000 23.890154 3.363303 -5.928695 -10.491056 161.491791 167.655945 108.048462 163.526810 -171.856689 177.051910 0.575472 -39.005390 9.289631 121.370384 120.183693 160.456375 180.000000 -179.999985 145.267853 180.000000 -180.000000 167.633926 0.000000 -0.000000 0.000000 165.000015 179.999985 147.018814 0.000001 0.000004 -26.984612 180.000000 180.000000 161.110779 0.000000 -0.000000 0.000000 0.000002 -0.000002 -31.099552 0.000000 0.000000 -46.649311 180.000000 180.000000 148.931549 0.000000 -0.000000 0.000000 9.999997 -0.000002 -30.363001 180.000000 180.000000 134.455490 180.000000 -180.000000 149.667374 0.000000 -0.000000 0.000000 20.000000 -0.000001 -33.154465 0.000002 0.000003 -49.731693 180.000000 -180.000000 146.878677
-182.037384 5.304084 281.597412 114.554314 -176.478073 -177.725800 163.552795 157.316025 177.747238 27.323599 13.181959 -16.129332 175.367477 -142.825623 -173.558609 138.354904 -161.925858 178.674561 22.257746 12.222165 2.400620 60.624924 6.866436 6.597426 176.681900 175.416504 -179.727386 176.682404 175.483398 -179.364899 164.378525 176.600342 179.600067 0.000154 -0.873344 -1.021249 0.000166 -1.018899 -1.057691 1.218154 -0.737109 -0.636324 4.629320 -8.831352 5.815344 26.159840 0.778905 75.022575 16.074135 3.417719 4.117826 175.689423 179.529816 167.788422 23.916559 57.244743 -10.862099 0.000000 -0.000000 34.974209 0.000000 0.000000 13.329679 0.000000 -0.000000 0.000000 15.000008 0.000004 25.756649 180.000000 179.999985 -158.926376 180.000000 179.999985 -165.248459 0.000000 -0.000000 0.000000 0.000001 0.000001 28.296190 0.000004 0.000001 34.180923 0.000000 -0.000000 22.764496 0.000000 -0.000000 0.000000 170.000000 -179.999985 -151.384003 180.000000 179.999985 -142.371155 180.000000 180.000000 -154.939178 0.000000 -0.000000 0.000000 160.000015 179.999985 -156.172974 0.000000 -0.000003 35.740532 0.000000 0.000001 23.803192 3.238113 -5.870561 -10.407370 161.381439 167.537552 107.936508 163.749329 -171.874207 177.134979 0.887903 -38.723244 8.805202 122.250809 120.463280 161.502899 0.000001 -0.000001 -34.637367 180.000000 180.000000 167.681305 0.000000 -0.000000 0.000000 165.000015 180.000000 147.151291 0.000000 -0.000002 -26.876223 180.000000 -179.999985 161.186646 0.000000 -0.000000 0.000000 180.000000 -180.000000 149.057358 0.000001 -0.000002 -46.413960 0.000003 0.000002 -30.911705 0.000000 -0.000000 0.000000 9.999994 -0.000003 -30.176600 180.000000 180.000000 134.735092 0.000006 0.000002 -30.146429 0.000000 -0.000000 0.000000 20.000002 0.000002 -32.880405 0.000003 0.000001 -49.320610 0.000000 -0.000001 -32.847523
-182.023926 5.318405 281.592377 114.605995 -176.358292 -177.687775 163.330719 157.219391 177.417770 26.708347 14.503917 -16.598148 175.431168 -142.849487 -172.780243 138.697510 -162.275162 177.928329 21.584124 13.287438 2.312553 60.619896 7.133376 5.643399 176.651154 175.467438 -179.740280 176.651642 175.533691 -179.386658 164.239624 176.646286 179.575134 0.000164 -0.825466 -0.998916 0.000174 -0.963041 -1.034560 1.117035 -0.697292 -0.620530 4.524201 -8.711928 5.818001 25.430752 1.231343 75.254494 16.035074 3.564102 4.159389 175.673721 179.568802 167.916870 24.017708 57.158310 -10.783582 180.000000 -180.000000 -144.961899 0.000003 0.000000 13.380248 0.000000 -0.000001 0.000000 15.000008 0.000002 25.816450 0.000000 0.000002 21.122559 180.000000 -180.000000 -165.214203 0.000000 -0.000001 0.000000 0.000001 -0.000001 28.285341 180.000000 179.999985 -145.910202 0.000000 -0.000000 22.703804 0.000000 -0.000001 0.000000 170.000000 -180.000000 -151.404510 0.000002 -0.000001 37.337143 0.000000 0.000000 24.866539 0.000000 -0.000001 0.000000 160.000015 -179.999985 -156.354019 180.000000 179.999985 -144.531021 180.000000 -180.000000 -156.377655 3.127430 -5.794007 -10.331724 161.132843 167.447006 107.868767 163.918304 -171.899612 177.211945 1.193420 -38.552784 8.462382 120.756653 119.986191 159.847855 0.000002 0.000004 -34.547615 0.000000 -0.000002 -12.273806 0.000000 -0.000000 0.000000 165.000015 -180.000000 147.278625 0.000003 -0.000005 -26.772036 0.000000 -0.000002 -18.740421 0.000000 -0.000000 0.000000 0.000000 0.000000 -30.865318 0.000001 0.000001 -46.297981 0.000000 0.000000 -30.834446 0.000000 -0.000000 0.000000 9.999999 0.000001 -30.034828 180.000000 -180.000000 134.947754 0.000000 -0.000000 -30.004791 0.000000 -0.000000 0.000000 20.000000 -0.000003 -32.839142 0.000000 -0.000001 -49.258732 180.000000 -180.000000 147.193680
-182.020950 5.327713 281.584412 114.565163 -176.230286 -177.636429 163.134109 157.486206 176.606339 26.206305 16.228239 -16.569271 175.291702 -142.241989 -171.610947 139.199112 -162.695251 177.074570 20.923882 14.172608 2.317374 60.655903 7.861316 4.605008 176.630630 175.534851 -179.757065 176.631104 175.600433 -179.416138 164.150269 176.707260 179.548935 0.000120 -0.748466 -0.984604 0.000128 -0.873210 -1.019755 1.005062 -0.632362 -0.609254 4.435805 -8.543860 5.813185 24.631628 1.786952 75.501137 16.049210 3.780966 4.189006 175.729950 179.529022 168.045624 24.072170 57.000370 -10.750590 180.000000 180.000000 -144.874924 0.000000 -0.000000 13.451170 0.000000 -0.000000 0.000000 15.000002 0.000004 25.759264 0.000000 -0.000000 21.075764 180.000000 -180.000000 -165.246964 0.000000 -0.000000 0.000000 0.000000 0.000001 28.255533 180.000000 180.000000 -146.155243 0.000006 -0.000003 22.540611 0.000000 -0.000000 0.000000 170.000000 180.000000 -151.420547 0.000001 -0.000001 37.119709 180.000000 -180.000000 -155.278275 0.000000 -0.000000 0.000000 160.000015 -179.999985 -156.338776 180.000000 180.000000 -144.508163 0.000003 -0.000002 23.637569 3.029916 -5.696496 -10.261546 160.867020 167.370270 107.800186 164.017212 -172.057007 177.311386 1.435973 -38.463467 8.295500 120.401619 119.731728 159.440063 180.000000 -179.999985 145.593811 0.000000 -0.000002 -12.203101 0.000000 -0.000000 0.000000 165.000000 179.999985 147.398682 180.000000 -180.000000 153.326187 0.000003 0.000002 -18.671663 0.000000 -0.000000 0.000000 0.000001 0.000004 -30.780056 180.000000 180.000000 133.829910 180.000000 -180.000000 149.250717 0.000000 -0.000000 0.000000 10.000000 0.000004 -30.004898 180.000000 -179.999985 134.992645 180.000000 -180.000000 150.025085 0.000000 -0.000000 0.000000 19.999996 0.000002 -32.654549 0.000000 0.000000 -48.981834 0.000007 0.000001 -32.621899
-182.024963 5.334231 281.575195 114.470352 -176.112320 -177.587280 163.077927 157.986191 175.882324 25.789270 18.091003 -16.389557 175.060135 -141.605743 -170.322723 139.757462 -163.092606 176.343185 20.045370 15.139318 2.191458 60.715538 9.254272 3.259991 176.628738 175.583099 -179.769943 176.629196 175.648346 -179.439377 164.146500 176.751678 179.532806 0.000132 -0.675895 -0.981214 0.000156 -0.788546 -1.016235 0.856035 -0.571693 -0.604631 4.330986 -8.411990 5.801065 23.938482 2.321980 75.705452 15.926908 3.767330 4.189354 175.850098 179.393646 168.193924 24.490402 57.208248 -10.433257 180.000000 -180.000000 -144.985504 180.000000 -180.000000 -166.655899 0.000002 0.000002 -0.000003 15.000002 0.000003 25.806793 0.000003 -0.000001 21.114656 0.000000 0.000002 14.780261 0.000002 0.000002 -0.000003 180.000000 179.999985 -151.761566 0.000002 -0.000000 33.707523 0.000000 0.000001 22.449207 0.000002 0.000002 -0.000003 170.000000 -180.000000 -151.439285 0.000001 -0.000004 36.876495 180.000000 180.000000 -155.440262 0.000002 0.000002 -0.000003 160.000015 179.999985 -156.503998 180.000000 -179.999985 -144.756012 0.000004 0.000001 23.472498 2.915009 -5.648454 -10.213543 160.456314 167.365616 107.779938 164.121033 -172.130829 177.386505 1.601344 -38.259586 8.332833 121.013359 119.911743 160.134155 0.000001 0.000002 -34.399139 180.000000 -180.000000 167.800430 0.000000 -0.000000 0.000000 165.000015 -180.000000 147.380081 180.000000 179.999985 153.310989 0.000000 0.000000 -18.682310 0.000000 -0.000000 0.000000 180.000000 -179.999985 149.293472 0.000001 -0.000002 -46.059784 0.000000 -0.000000 -30.675823 0.000000 -0.000000 0.000000 10.000001 -0.000003 -29.940701 0.000003 0.000003 -44.911041 0.000000 -0.000000 -29.910751 0.000000 -0.000000 0.000000 20.000004 -0.000002 -32.576847 180.000000 -180.000000 131.134720 0.000000 -0.000001 -32.544266
-182.032364 5.339707 281.564972 114.339798 -175.985443 -177.542938 162.982361 158.759430 174.991013 25.673656 20.301800 -15.894820 174.690155 -140.402466 -169.014954 140.214355 -163.606461 175.590790 19.047173 16.124062 1.994999 60.666962 10.694010 1.500045 176.631546 175.621277 -179.781906 176.632004 175.686386 -179.460938 164.163956 176.788391 179.517792 0.000122 -0.598127 -0.976079 0.000149 -0.697818 -1.010914 0.693700 -0.506719 -0.599116 4.258542 -8.289885 5.795454 23.243998 2.894125 75.887886 15.903275 3.806584 4.176533 175.837784 179.451523 168.388000 24.649439 57.048218 -10.357075 180.000000 -180.000000 -144.962631 0.000002 -0.000000 13.354684 0.000000 -0.000000 0.000000 15.000000 -0.000004 25.799393 180.000000 179.999985 -158.891403 0.000003 -0.000004 14.776016 0.000000 -0.000000 0.000000 180.000000 179.999985 -151.789200 0.000000 -0.000000 33.490829 0.000000 -0.000000 22.304886 0.000000 -0.000000 0.000000 170.000000 -180.000000 -151.471786 180.000000 -179.999985 -143.522583 0.000000 0.000000 24.293957 0.000000 -0.000000 0.000000 160.000000 180.000000 -156.670822 180.000000 -180.000000 -145.006241 180.000000 -180.000000 -156.694153 2.839845 -5.624482 -10.168559 159.886108 167.438568 107.803665 164.199219 -172.152527 177.456345 1.794872 -38.201122 8.482512 120.842194 119.599770 159.884949 180.000000 180.000000 145.757446 0.000000 -0.000002 -12.121284 0.000000 -0.000000 0.000000 165.000015 179.999985 147.475525 0.000001 0.000002 -26.610931 0.000000 -0.000002 -18.627653 0.000000 -0.000000 0.000000 180.000000 180.000000 149.243042 180.000000 -179.999985 133.864563 180.000000 -180.000000 149.273804 0.000000 -0.000000 0.000000 10.000000 -0.000003 -29.870920 180.000000 -179.999985 135.193619 180.000000 -180.000000 150.158936 0.000000 -0.000000 0.000000 20.000004 -0.000000 -32.654610 0.000000 -0.000001 -48.981918 180.000000 -180.000000 147.378052
-182.040009 5.344187 281.555847 114.214432 -175.871628 -177.516907 162.843002 159.702271 174.044617 25.790924 22.981752 -15.245563 174.143463 -138.695923 -167.723770 140.486282 -164.148941 174.946747 18.049967 16.863958 1.770125 60.558197 12.894251 -0.615177 176.631241 175.657135 -179.787857 176.631714 175.721863 -179.472290 164.165375 176.818298 179.513336 0.000140 -0.516650 -0.972629 0.000159 -0.602762 -1.007337 0.567727 -0.438094 -0.595151 4.194519 -8.194151 5.797598 22.326935 3.580892 76.083878 16.031298 4.024499 4.162173 175.897675 179.409317 168.555389 24.430588 56.778988 -10.598656 180.000000 180.000000 -144.951340 0.000000 0.000000 13.365693 0.000000 -0.000002 0.000000 15.000006 0.000002 25.723303 0.000001 0.000005 21.046324 180.000000 -179.999985 -165.267578 0.000000 -0.000002 0.000000 0.000002 -0.000000 28.170935 180.000000 -180.000000 -146.811966 0.000000 -0.000000 22.103233 0.000000 -0.000002 0.000000 170.000000 -180.000000 -151.496216 0.000000 -0.000000 36.194263 180.000000 -180.000000 -155.894623 0.000000 -0.000002 0.000000 160.000000 -180.000000 -156.800308 180.000000 179.999985 -145.200470 0.000004 0.000001 23.176487 2.782001 -5.625133 -10.112470 159.357300 167.563171 107.820312 164.138412 -172.334717 177.572861 1.997211 -38.258915 8.807561 120.722679 119.263832 159.677673 180.000000 -180.000000 145.919540 180.000000 180.000000 167.959778 0.000000 -0.000000 0.000000 165.000015 -179.999985 147.562927 0.000002 0.000000 -26.539408 0.000003 0.000004 -18.577583 0.000000 -0.000000 0.000000 180.000000 -180.000000 149.272156 0.000001 0.000001 -46.091743 180.000000 180.000000 149.302887 0.000000 -0.000000 0.000000 10.000001 -0.000002 -29.965883 0.000004 0.000000 -44.948830 180.000000 -180.000000 150.064072 0.000000 -0.000000 0.000000 20.000004 0.000003 -32.663330 180.000000 180.000000 131.005005 0.000004 -0.000001 -32.630665
-182.052139 5.347279 281.546417 114.027229 -175.745514 -177.501678 162.628220 160.983032 172.947449 26.513462 25.781185 -14.128374 173.490662 -137.143280 -166.523026 140.541107 -164.767166 174.409424 17.280886 17.397943 1.486065 60.287731 15.991580 -3.215101 176.632553 175.686523 -179.791946 176.633026 175.750946 -179.480316 164.173492 176.842087 179.511795 0.000118 -0.433177 -0.973481 0.000130 -0.505373 -1.008215 0.532119 -0.366804 -0.594589 4.213079 -8.076020 5.784424 21.593498 4.133851 76.219818 15.923187 3.927390 4.132815 176.038498 179.284470 168.697906 24.689838 57.001957 -10.406989 180.000000 -180.000000 -145.091721 180.000000 -180.000000 -166.761185 0.000000 -0.000000 0.000000 15.000002 0.000002 25.694820 180.000000 180.000000 -158.976959 180.000000 -180.000000 -165.283875 0.000000 -0.000000 0.000000 0.000000 0.000001 28.143597 0.000002 0.000001 32.986618 180.000000 -180.000000 -158.030899 0.000000 -0.000000 0.000000 170.000000 -180.000000 -151.522125 0.000000 0.000001 35.907631 0.000000 0.000002 23.914486 0.000000 -0.000000 0.000000 160.000015 -180.000000 -156.962601 180.000000 -180.000000 -145.443878 180.000000 -180.000000 -156.985626 2.808733 -5.583011 -10.074680 158.780472 167.807602 107.900932 164.113907 -172.444489 177.643204 2.040308 -38.135441 9.403586 121.438522 119.554993 160.461441 0.000004 -0.000001 -34.205509 180.000000 180.000000 167.897247 0.000000 -0.000000 0.000000 165.000015 -179.999985 147.367371 0.000000 -0.000002 -26.699430 0.000000 0.000000 -18.689598 0.000000 -0.000000 0.000000 0.000001 0.000001 -30.772133 0.000001 -0.000001 -46.158215 180.000000 180.000000 149.258636 0.000000 -0.000000 0.000000 10.000002 -0.000004 -30.012835 180.000000 180.000000 134.980759 180.000000 180.000000 150.017166 0.000000 -0.000000 0.000000 20.000002 0.000003 -32.782906 180.000000 180.000000 130.825638 180.000000 -180.000000 147.249878
-182.072891 5.347227 281.538452 113.790886 -175.680939 -177.516296 162.353653 162.337982 172.207047 27.541813 28.752138 -13.155079 172.686005 -135.510818 -165.457596 140.565308 -165.481171 173.966110 16.639441 17.837114 1.128898 59.747837 19.011255 -6.100696 176.645660 175.714874 -179.790268 176.646133 175.778885 -179.479324 164.235672 176.860199 179.524734 0.000093 -0.365974 -0.959531 0.000096 -0.426967 -0.993775 0.487603 -0.309526 -0.585333 4.195081 -7.991130 5.781146 20.838173 4.631331 76.337151 15.884665 3.928409 4.117305 176.032623 179.365601 168.855591 24.514805 56.856266 -10.587420 180.000000 -180.000000 -145.102020 180.000000 -180.000000 -166.767654 0.000000 -0.000000 0.000000 15.000002 0.000005 25.642208 180.000000 179.999985 -159.020004 0.000000 -0.000000 14.685994 0.000000 -0.000000 0.000000 180.000000 -180.000000 -151.892059 0.000001 -0.000002 32.731014 0.000003 -0.000002 21.798855 0.000000 -0.000000 0.000000 170.000000 180.000000 -151.558365 0.000000 -0.000000 35.526783 0.000003 -0.000000 23.660835 0.000000 -0.000000 0.000000 160.000000 179.999985 -157.136368 180.000000 179.999985 -145.704559 180.000000 -180.000000 -157.159241 2.803067 -5.560207 -10.022265 158.126099 168.170731 108.067101 164.057999 -172.489044 177.686264 2.192379 -38.108929 10.029435 121.204559 119.271576 160.174225 0.000001 -0.000001 -34.035145 0.000000 -0.000003 -12.017574 0.000000 -0.000000 0.000000 165.000015 -179.999985 147.325897 180.000000 -179.999985 153.266647 0.000000 0.000000 -18.713348 0.000000 -0.000000 0.000000 0.000001 0.000001 -30.989399 180.000000 -179.999985 133.515900 0.000003 0.000001 -30.958420 0.000000 -0.000000 0.000000 10.000000 -0.000000 -30.095955 0.000003 0.000002 -45.143925 180.000000 -180.000000 149.934143 0.000000 -0.000000 0.000000 20.000002 -0.000002 -33.095829 0.000001 -0.000002 -49.643742 180.000000 -179.999985 146.937271
-182.099335 5.343133 281.531097 113.544746 -175.648254 -177.539322 162.091492 163.705444 171.605392 28.751665 31.912508 -12.189314 171.683731 -133.718506 -164.379929 140.638885 -166.152924 173.670090 16.206638 18.099123 0.768440 58.923378 22.753147 -9.360779 176.642929 175.740524 -179.787872 176.643387 175.803970 -179.476196 164.223312 176.875732 179.534164 0.000073 -0.311791 -0.936816 0.000071 -0.363740 -0.970243 0.563069 -0.262610 -0.571295 4.246456 -7.923356 5.783127 19.994701 5.113856 76.454422 16.046759 4.237533 4.130793 175.953461 179.575882 168.979584 24.264442 56.650726 -10.827306 0.000000 0.000000 34.915718 180.000000 180.000000 -166.748291 0.000000 -0.000000 0.000000 14.999999 0.000002 25.618803 0.000000 -0.000000 20.960825 0.000000 -0.000000 14.672585 0.000000 -0.000000 0.000000 0.000002 -0.000000 28.070963 180.000000 179.999985 -147.526382 180.000000 179.999985 -158.372574 0.000000 -0.000000 0.000000 170.000000 180.000000 -151.588898 180.000000 -179.999985 -144.777832 0.000003 -0.000002 23.457962 0.000000 -0.000000 0.000000 160.000000 -180.000000 -157.290237 180.000000 -179.999985 -145.935379 0.000000 0.000002 22.687040 2.866632 -5.566003 -9.961797 157.619537 168.536667 108.249069 163.762314 -172.721130 177.786865 2.399597 -38.164860 10.786293 120.967461 119.016716 159.898438 180.000000 179.999985 146.134308 180.000000 -179.999985 168.067139 0.000002 0.000002 0.000007 165.000000 180.000000 146.836609 180.000000 -180.000000 152.866333 0.000001 -0.000003 -18.993568 0.000002 0.000002 0.000007 0.000000 -0.000001 -31.134209 180.000000 -179.999985 133.298676 0.000007 0.000001 -31.103060 0.000002 0.000002 0.000007 9.999997 -0.000001 -30.483818 180.000000 -179.999985 134.274277 0.000000 -0.000002 -30.453327 0.000002 0.000002 0.000007 20.000000 0.000001 -33.337189 0.000001 -0.000002 -50.005798 180.000000 -180.000000 146.696136
-182.134171 5.335604 281.523071 113.249832 -175.655319 -177.559967 161.890793 165.278915 171.118134 30.262163 34.887527 -11.003034 170.710159 -132.312469 -163.422577 140.931580 -166.884521 173.446716 15.886696 18.190407 0.390746 57.736847 27.488098 -13.029691 176.634064 175.769241 -179.786804 176.634521 175.832062 -179.475143 164.182755 176.894577 179.539688 0.000026 -0.266165 -0.906696 0.000024 -0.310493 -0.939047 0.725924 -0.222231 -0.553084 4.383410 -7.849119 5.775503 19.262625 5.462709 76.546188 15.888413 4.110230 4.106605 176.182404 179.222763 169.051636 24.408218 56.758484 -10.715628 0.000001 -0.000000 34.860287 180.000000 -180.000000 -166.799301 0.000000 -0.000000 0.000000 15.000002 -0.000000 25.595095 0.000003 -0.000001 20.941442 180.000000 179.999985 -165.341003 0.000000 -0.000000 0.000000 0.000000 0.000002 28.053532 180.000000 -180.000000 -147.645050 180.000000 180.000000 -158.451599 0.000000 -0.000000 0.000000 170.000000 -180.000000 -151.611237 0.000002 -0.000001 35.007534 0.000000 0.000001 23.315025 0.000000 -0.000000 0.000000 160.000015 -180.000000 -157.392502 0.000000 0.000002 33.911263 0.000000 0.000002 22.584892 3.013182 -5.559154 -9.923027 157.126266 168.941772 108.515709 163.494217 -172.857864 177.822433 2.340356 -38.014904 11.841085 121.762642 119.433014 160.763367 180.000000 180.000000 145.893875 180.000000 180.000000 167.946945 0.000000 -0.000000 0.000000 165.000015 180.000000 146.795837 0.000000 -0.000002 -27.167044 0.000000 -0.000002 -19.016928 0.000000 -0.000000 0.000000 0.000001 0.000002 -31.385723 180.000000 -179.999985 132.921417 180.000000 -180.000000 148.645660 0.000000 -0.000000 0.000000 10.000001 -0.000001 -30.603157 180.000000 180.000000 134.095276 0.000000 -0.000000 -30.572552 0.000000 -0.000000 0.000000 20.000000 -0.000000 -33.729889 180.000000 179.999985 129.405167 180.000000 180.000000 146.303833
-182.174911 5.325743 281.514252 112.912987 -175.681366 -177.577316 161.766388 167.176987 170.676544 32.081142 37.800190 -9.499226 169.820465 -131.146606 -162.597351 141.386642 -167.737549 173.226044 15.572751 18.194025 -0.026724 56.306755 31.423456 -16.498497 176.630096 175.786484 -179.787994 176.630569 175.849030 -179.477631 164.165176 176.907486 179.539780 0.000003 -0.233132 -0.872664 180.000000 -179.728058 179.096207 0.885978 -0.192605 -0.532555 4.479519 -7.776389 5.766824 18.612730 5.704405 76.640434 15.762775 4.069112 4.081605 176.159332 179.327484 169.166611 24.347582 56.692665 -10.796854 180.000000 180.000000 -145.171387 180.000000 -180.000000 -166.826447 0.000003 0.000002 0.000000 15.000008 0.000000 25.576164 0.000000 -0.000000 20.925951 180.000000 179.999985 -165.351837 0.000003 0.000002 0.000000 180.000000 180.000000 -151.975800 0.000003 -0.000002 32.158730 0.000000 0.000001 21.417707 0.000003 0.000002 0.000000 170.000000 180.000000 -151.641479 0.000000 0.000001 34.727032 180.000000 -180.000000 -156.871796 0.000003 0.000002 0.000000 160.000015 -180.000000 -157.521347 180.000000 -179.999985 -146.282028 0.000003 -0.000001 22.456175 3.112726 -5.567346 -9.896460 156.588287 169.412445 108.905884 163.217850 -172.902512 177.806564 2.401970 -37.972359 12.835089 121.719162 119.173111 160.658798 180.000000 180.000000 146.034073 180.000000 -179.999985 168.017044 0.000000 -0.000000 0.000000 165.000000 180.000000 146.571030 180.000000 179.999985 152.649017 0.000000 0.000000 -19.145683 0.000000 -0.000000 0.000000 0.000005 0.000001 -31.743130 180.000000 179.999985 132.385315 0.000003 0.000002 -31.711393 0.000000 -0.000000 0.000000 9.999993 0.000001 -30.839527 180.000000 -179.999985 133.740707 0.000003 0.000002 -30.808691 0.000000 -0.000000 0.000000 19.999998 -0.000003 -34.236412 0.000000 -0.000001 -51.354610 180.000000 -180.000000 145.797836
-182.212509 5.314655 281.505920 112.621956 -175.721008 -177.586243 161.735001 168.963867 170.375534 33.649433 40.559414 -8.198446 168.999802 -130.044250 -161.714935 141.888199 -168.516647 173.054993 15.343089 18.119129 -0.378647 54.834393 34.279957 -19.499811 176.616928 175.796295 -179.790604 176.617386 175.858673 -179.481750 164.104385 176.916580 179.532837 180.000000 -179.789474 179.160934 180.000000 -179.754425 179.130981 1.051787 -0.171981 -0.512330 4.515766 -7.705266 5.765768 17.969555 5.904741 76.748665 15.697918 4.113554 4.047256 176.164520 179.328842 169.266083 24.243710 56.557545 -10.935336 0.000001 0.000000 34.789707 0.000001 0.000001 13.139970 0.000000 -0.000000 0.000000 15.000004 0.000000 25.542860 180.000000 -179.999985 -159.101288 180.000000 -180.000000 -165.370895 0.000000 -0.000000 0.000000 0.000005 -0.000000 27.992474 0.000002 -0.000005 31.951269 180.000000 -180.000000 -158.720459 0.000000 -0.000000 0.000000 170.000000 179.999985 -151.669022 180.000000 -180.000000 -145.519348 180.000000 179.999985 -157.035904 0.000000 -0.000000 0.000000 160.000000 180.000000 -157.633240 0.000002 0.000002 33.550140 0.000000 0.000002 22.344393 3.152383 -5.596313 -9.876598 156.195694 169.835968 109.311539 162.696503 -173.119415 177.863892 2.566468 -38.044556 13.859420 121.688156 118.898582 160.537048 180.000000 180.000000 146.128998 0.000002 -0.000002 -11.935494 0.000000 -0.000000 0.000000 165.000000 -180.000000 146.349380 180.000000 179.999985 152.467697 0.000000 0.000000 -19.272617 0.000000 -0.000000 0.000000 0.000001 0.000001 -31.982306 180.000000 -180.000000 132.026550 0.000000 0.000000 -31.950323 0.000000 -0.000000 0.000000 10.000004 -0.000005 -31.191919 180.000000 -179.999985 133.212128 0.000003 0.000002 -31.160719 0.000000 -0.000000 0.000000 20.000002 -0.000003 -34.618259 180.000000 179.999985 128.072601 0.000000 0.000000 -34.583641
-182.240433 5.303791 281.499054 112.417038 -175.754074 -177.589233 161.814697 170.781937 170.210587 35.074619 42.989632 -6.897008 168.370239 -129.375565 -160.939056 142.303558 -169.105148 172.940262 15.206071 18.172937 -0.691984 53.325737 36.041542 -22.252066 176.580948 175.803741 -179.792572 176.581421 175.865784 -179.483582 163.936600 176.923691 179.520111 179.999985 -179.811417 179.176865 180.000000 -179.779984 179.147491 1.262928 -0.151212 -0.503048 4.669725 -7.640430 5.753097 17.515310 6.019487 76.832909 15.496862 3.851481 3.990278 176.230911 179.219467 169.346390 24.685436 56.893425 -10.562532 0.000001 -0.000000 34.674099 180.000000 180.000000 -166.968063 0.000000 -0.000000 0.000000 15.000002 -0.000001 25.514755 180.000000 179.999985 -159.124283 0.000000 -0.000000 14.612995 0.000000 -0.000000 0.000000 0.000003 0.000004 27.967966 0.000004 -0.000005 31.794077 180.000000 180.000000 -158.825150 0.000000 -0.000000 0.000000 170.000000 179.999985 -151.692673 0.000000 0.000001 34.275589 180.000000 180.000000 -157.172455 0.000000 -0.000000 0.000000 160.000000 -180.000000 -157.719986 0.000002 -0.000002 33.420006 0.000003 -0.000002 22.257732 3.260440 -5.611982 -9.890121 155.748230 170.258560 109.776848 162.294464 -173.197830 177.866730 2.470001 -37.894958 15.094718 122.553375 119.321381 161.419373 0.000001 -0.000003 -34.209564 0.000000 0.000000 -12.104782 0.000000 -0.000000 0.000000 165.000000 -180.000000 145.870834 0.000002 -0.000001 -27.923851 0.000000 0.000000 -19.546700 0.000000 -0.000000 0.000000 180.000000 179.999985 147.752197 180.000000 -179.999985 131.628296 180.000000 -179.999985 147.784439 0.000000 -0.000000 0.000000 9.999998 0.000005 -31.463253 180.000000 179.999985 132.805115 0.000000 0.000000 -31.431793 0.000000 -0.000000 0.000000 19.999996 0.000005 -35.045002 0.000002 -0.000004 -52.567497 0.000003 0.000001 -35.009945
-182.260086 5.294850 281.493774 112.249527 -175.770752 -177.603729 162.010406 172.774765 170.148422 36.551052 45.195210 -5.443713 167.900055 -129.074692 -160.295624 142.837646 -170.001434 172.713043 14.896297 17.971346 -0.996565 52.315708 36.175209 -24.007687 176.557861 175.796188 -179.791077 176.558334 175.858109 -179.479630 163.827820 176.917267 179.514877 0.000013 -0.164941 -0.816072 0.000012 -0.192433 -0.845203 1.310637 -0.130505 -0.498573 4.626228 -7.559745 5.770300 17.075460 6.073357 76.900681 15.244972 3.560071 3.934684 176.348160 179.087982 169.416824 24.775126 56.919437 -10.523911 180.000000 -180.000000 -145.396942 0.000001 0.000000 12.967788 0.000000 -0.000000 0.000000 15.000006 -0.000000 25.499208 0.000000 -0.000000 20.862988 0.000003 -0.000000 14.604092 0.000000 -0.000000 0.000000 0.000001 -0.000002 27.948599 180.000000 -180.000000 -148.328110 0.000003 -0.000000 21.093481 0.000000 -0.000000 0.000000 170.000000 179.999985 -151.712891 180.000000 180.000000 -145.895432 0.000000 0.000000 22.713642 0.000000 -0.000000 0.000000 160.000000 179.999985 -157.792801 180.000000 180.000000 -146.689194 180.000000 180.000000 -157.815002 3.227723 -5.624185 -9.915897 155.282227 170.698746 110.285416 161.920715 -173.292862 177.870087 2.538520 -37.877052 16.132366 122.289566 119.078720 161.033997 0.000001 -0.000002 -34.224400 0.000000 -0.000002 -12.112198 0.000000 -0.000000 0.000000 165.000000 -180.000000 145.677597 180.000000 -179.999985 151.918030 0.000000 -0.000002 -19.657377 0.000000 -0.000000 0.000000 0.000004 0.000000 -32.590672 0.000004 -0.000000 -48.886002 0.000003 0.000002 -32.558071 0.000000 -0.000000 0.000000 10.000000 -0.000001 -31.651756 0.000000 -0.000001 -47.477612 180.000000 180.000000 148.379898 0.000000 -0.000000 0.000000 20.000002 0.000003 -35.532234 180.000000 -179.999985 126.701660 0.000000 0.000000 -35.496693
-182.269012 5.289624 281.490326 112.163719 -175.771072 -177.619385 162.226944 174.484894 170.170685 37.793865 46.893894 -4.221202 167.523483 -129.089737 -159.750687 143.249023 -170.800598 172.492844 14.602069 17.751028 -1.229598 51.887299 34.479111 -24.789576 176.528595 175.781281 -179.786331 176.529083 175.843002 -179.469666 163.688995 176.902878 179.512665 0.000035 -0.137241 -0.827341 0.000050 -0.160128 -0.856868 1.304910 -0.106615 -0.504918 4.500561 -7.464394 5.798063 16.595507 6.103689 76.956543 15.231202 3.619963 3.928407 176.244263 179.331696 169.487320 25.184771 57.055290 -10.222459 180.000000 180.000000 -145.484375 180.000000 -180.000000 -167.118683 0.000000 -0.000000 0.000000 15.000000 -0.000001 25.488590 0.000003 -0.000001 20.854296 180.000000 180.000000 -165.401993 0.000000 -0.000000 0.000000 180.000000 -180.000000 -152.074936 180.000000 -179.999985 -148.474518 180.000000 -180.000000 -159.004028 0.000000 -0.000000 0.000000 170.000000 -179.999985 -151.727158 0.000004 -0.000004 33.986008 180.000000 180.000000 -157.365311 0.000000 -0.000000 0.000000 160.000000 179.999985 -157.825256 180.000000 -179.999985 -146.737885 180.000000 180.000000 -157.847427 3.119664 -5.630977 -9.940480 154.766953 171.175262 110.798523 161.509109 -173.483063 177.935013 2.834590 -37.950821 17.015293 121.794182 118.877899 160.425262 180.000000 179.999985 145.720016 180.000000 179.999985 167.860016 180.000000 179.999985 -180.000000 165.000000 179.999985 145.504562 0.000002 -0.000001 -28.223539 0.000003 0.000001 -19.756477 180.000000 179.999985 -180.000000 0.000001 0.000001 -32.743156 0.000001 -0.000002 -49.114731 0.000003 0.000001 -32.710407 180.000000 179.999985 -180.000000 10.000002 0.000004 -31.949783 0.000000 -0.000001 -47.924667 0.000003 0.000002 -31.917833 180.000000 179.999985 -180.000000 20.000004 -0.000000 -35.786713 0.000003 0.000001 -53.680065 180.000000 180.000000 144.249069
-182.270325 5.288830 281.488281 112.137001 -175.762436 -177.633194 162.511124 176.071579 170.296265 38.822666 48.173752 -3.122189 167.306793 -129.494720 -159.381363 143.584274 -171.611618 172.264557 14.306314 17.457968 -1.414735 51.734764 31.933439 -25.204172 176.486084 175.763184 -179.780365 176.486603 175.824585 -179.456848 163.487717 176.885223 179.508301 0.000057 -0.111026 -0.848757 0.000068 -0.129548 -0.879046 1.354732 -0.083326 -0.517449 4.456522 -7.382989 5.824552 16.178198 6.113665 76.989677 15.179869 3.513043 3.927722 176.319443 179.227798 169.522217 25.633528 57.357437 -9.817434 0.000000 -0.000000 34.462101 180.000000 180.000000 -167.172577 0.000000 0.000000 -0.000007 15.000008 -0.000003 25.537603 180.000000 180.000000 -159.105591 0.000003 -0.000002 14.626087 0.000000 0.000000 -0.000007 0.000001 -0.000003 27.930937 0.000001 -0.000001 31.561815 0.000003 -0.000001 21.020170 0.000000 0.000000 -0.000007 170.000000 179.999985 -151.723129 180.000000 -179.999985 -145.980728 180.000000 -180.000000 -157.343155 0.000000 0.000000 -0.000007 160.000000 -180.000000 -157.842209 0.000002 0.000001 33.236679 0.000000 -0.000000 22.135626 3.096473 -5.642844 -9.961844 154.136673 171.669083 111.269928 161.313553 -173.568893 177.991821 2.953349 -37.754688 17.951118 122.584900 119.367416 161.263611 180.000000 180.000000 145.370544 0.000002 0.000001 -12.314725 0.000000 -0.000000 0.000000 165.000015 -180.000000 145.070755 180.000000 180.000000 151.421539 180.000000 -179.999985 159.995071 0.000000 -0.000000 0.000000 0.000003 0.000002 -32.964985 180.000000 -180.000000 130.552521 180.000000 -180.000000 147.067993 0.000000 -0.000000 0.000000 9.999998 -0.000005 -32.148823 0.000002 -0.000000 -48.223225 0.000006 0.000002 -32.116673 0.000000 -0.000000 0.000000 20.000002 -0.000005 -36.075138 0.000003 0.000001 -54.112705 180.000000 180.000000 143.960938
-182.268936 5.292307 281.486633 112.126198 -175.752670 -177.644623 162.889786 177.758835 170.502975 40.063328 48.976875 -1.768950 167.134232 -130.436783 -159.263214 143.953812 -172.543671 172.036362 13.951384 17.071827 -1.626515 51.836372 29.155294 -25.263908 176.447021 175.746475 -179.774826 176.447540 175.807587 -179.444977 163.302689 176.868866 179.504272 0.000051 -0.070454 -0.871546 0.000060 -0.082210 -0.902646 1.335225 -0.048280 -0.530378 4.390758 -7.309826 5.856293 15.762935 6.135522 77.007278 15.208697 3.513127 3.958084 176.337158 179.302704 169.567749 25.881613 57.350216 -9.639383 180.000000 180.000000 -145.544647 0.000000 -0.000000 12.813011 0.000000 -0.000000 0.000000 15.000002 -0.000000 25.583977 0.000003 -0.000002 20.932339 180.000000 -179.999985 -165.347366 0.000000 -0.000000 0.000000 0.000004 0.000001 27.935987 180.000000 -180.000000 -148.406830 180.000000 -180.000000 -158.958969 0.000000 -0.000000 0.000000 170.000000 180.000000 -151.731934 0.000003 -0.000003 33.946800 180.000000 180.000000 -157.391434 0.000000 -0.000000 0.000000 160.000000 179.999985 -157.834259 180.000000 180.000000 -146.751389 0.000000 -0.000000 22.143591 3.055704 -5.662106 -9.953502 153.371704 172.229279 111.721512 161.302795 -173.597626 178.036407 3.240689 -37.650631 18.612206 122.180870 119.313217 160.797928 0.000000 0.000000 -34.725590 0.000000 0.000000 -12.362798 0.000000 -0.000000 0.000000 165.000015 -179.999985 144.849091 0.000002 -0.000007 -28.759840 0.000004 -0.000001 -20.131882 0.000000 -0.000000 0.000000 180.000000 180.000000 146.738663 180.000000 180.000000 130.108002 0.000006 0.000003 -33.228077 0.000000 -0.000000 0.000000 9.999994 0.000001 -32.312290 180.000000 179.999985 131.531555 0.000000 0.000000 -32.279976 0.000000 -0.000000 0.000000 20.000000 -0.000003 -36.445854 0.000000 -0.000000 -54.668793 180.000000 180.000000 143.590591
-182.272568 5.296189 281.487854 112.025757 -175.742401 -177.745651 163.388687 179.140427 170.833252 41.130093 49.006020 -0.621785 167.028793 -131.914688 -159.336731 144.455231 -173.645432 171.884262 13.497058 16.491812 -1.820550 52.278618 26.208035 -24.836847 176.422134 175.725586 -179.753448 176.422668 175.785950 -179.407272 163.180435 176.835037 179.534470 0.000023 -0.031123 -0.889666 0.000039 -0.036320 -0.921414 1.361841 -0.013922 -0.540381 4.258587 -7.226869 5.896052 15.272669 6.194553 77.036804 15.355747 3.715925 4.013604 176.370163 179.304382 169.609940 26.027369 57.313133 -9.550733 0.000000 -0.000000 34.441467 0.000000 -0.000000 12.795194 0.000000 -0.000000 0.000000 15.000000 0.000004 25.574343 180.000000 -179.999985 -159.075531 0.000000 0.000002 14.647119 0.000000 -0.000000 0.000000 0.000000 -0.000000 27.925842 180.000000 179.999985 -148.469742 0.000000 0.000000 20.999161 0.000000 -0.000000 0.000000 170.000000 -180.000000 -151.731812 180.000000 -179.999985 -146.052063 180.000000 -180.000000 -157.390686 0.000000 -0.000000 0.000000 160.000015 -179.999985 -157.835022 180.000000 -180.000000 -146.752502 180.000000 179.999985 -157.857178 2.997854 -5.700590 -9.908416 152.770599 172.751129 112.057709 161.143845 -173.854645 178.156860 3.738763 -37.608932 19.069658 121.942184 119.403931 160.573135 0.000004 -0.000001 -34.805946 0.000002 -0.000004 -12.402971 0.000000 -0.000000 0.000000 165.000015 -179.999985 144.623947 0.000002 0.000004 -28.944033 0.000000 -0.000002 -20.260828 0.000000 -0.000000 0.000000 180.000000 180.000000 146.560364 0.000002 0.000003 -50.159466 180.000000 180.000000 146.593796 0.000000 -0.000000 0.000000 10.000002 -0.000001 -32.547565 180.000000 180.000000 131.178635 0.000003 0.000001 -32.515022 0.000000 -0.000000 0.000000 20.000000 0.000001 -36.635715 0.000003 0.000002 -54.953564 0.000000 -0.000001 -36.599079
-182.280533 5.295053 281.491486 111.911850 -175.766510 -177.869553 163.958008 -179.542648 171.208359 42.014320 48.672565 0.459965 167.055222 -133.679031 -159.593155 144.912384 -174.551666 171.893784 13.125931 16.066628 -2.046645 53.021049 22.742140 -23.971247 176.393326 175.713013 -179.727829 176.393890 175.772263 -179.362671 163.039124 176.802750 179.573486 0.000000 0.003898 -0.895356 0.000001 0.004548 -0.927307 1.438756 0.016975 -0.543076 4.273802 -7.198398 5.918775 14.980755 6.253953 77.060051 15.405159 3.603770 4.045871 176.422302 179.215958 169.658203 26.289858 57.586430 -9.288837 180.000000 -180.000000 -145.611420 180.000000 180.000000 -167.252106 0.000000 -0.000000 0.000000 15.000004 -0.000001 25.578222 0.000000 -0.000000 20.927641 180.000000 -179.999985 -165.350647 0.000000 -0.000000 0.000000 180.000000 179.999985 -152.076828 180.000000 -180.000000 -148.486206 0.000003 -0.000001 20.988184 0.000000 -0.000000 0.000000 170.000000 180.000000 -151.735443 180.000000 -180.000000 -146.081863 0.000000 0.000002 22.589479 0.000000 -0.000000 0.000000 160.000015 179.999985 -157.877411 180.000000 -180.000000 -146.816132 0.000000 0.000003 22.100456 3.032850 -5.767761 -9.836519 152.078857 173.322830 112.349136 161.210678 -173.944153 178.225189 4.025842 -37.314442 19.572397 122.965836 119.959381 161.727798 180.000000 -179.999985 144.957199 0.000000 0.000000 -12.552125 0.000002 0.000000 -0.000002 165.000015 179.999985 144.276337 0.000001 0.000004 -29.228439 0.000001 -0.000003 -20.459908 0.000002 0.000000 -0.000002 0.000001 -0.000002 -33.697010 0.000001 -0.000002 -50.545498 0.000004 0.000000 -33.663300 0.000002 0.000000 -0.000002 10.000005 -0.000005 -32.761059 180.000000 -180.000000 130.858398 0.000000 0.000000 -32.728287 0.000002 0.000000 -0.000002 20.000004 0.000001 -36.957973 180.000000 -179.999985 124.563034 0.000003 0.000001 -36.921024
-182.293442 5.284517 281.498230 111.776665 -175.827042 -178.032944 164.683243 -178.080002 171.628967 42.863159 47.909203 1.702033 167.160950 -135.909225 -160.033951 145.477081 -175.550858 171.975510 12.756279 15.601975 -2.279015 53.838078 19.440109 -22.947054 176.373413 175.712784 -179.695251 176.373993 175.770477 -179.307404 162.938507 176.772186 179.631409 179.999985 179.968750 179.114822 179.999985 179.963531 179.083237 1.492725 0.040858 -0.536416 4.263245 -7.186452 5.944622 14.678990 6.369861 77.085381 15.536790 3.611480 4.086084 176.441116 179.279648 169.713989 26.357302 57.643299 -9.236649 0.000001 -0.000000 34.353313 0.000000 -0.000000 12.716844 0.000000 -0.000000 0.000000 15.000000 -0.000002 25.556559 180.000000 -179.999985 -159.090088 0.000007 -0.000001 14.636930 0.000000 -0.000000 0.000000 0.000000 0.000002 27.912769 0.000000 0.000002 31.449907 0.000003 -0.000001 20.945641 0.000000 -0.000000 0.000000 170.000000 179.999985 -151.747772 0.000004 -0.000004 33.818020 0.000003 -0.000002 22.522802 0.000000 -0.000000 0.000000 160.000015 -179.999985 -157.944061 180.000000 179.999985 -146.916092 0.000001 0.000003 22.033892 3.037956 -5.858930 -9.738979 151.572571 173.822311 112.529869 161.175827 -174.099472 178.286179 4.347354 -37.101456 19.965570 122.961967 120.137291 161.818466 0.000000 -0.000001 -35.038189 180.000000 -179.999985 167.461731 0.000000 -0.000000 0.000000 165.000015 179.999985 144.011993 180.000000 -180.000000 150.555283 0.000003 0.000004 -20.611303 0.000000 -0.000000 0.000000 0.000002 -0.000001 -33.944107 0.000002 0.000003 -50.916161 180.000000 180.000000 146.089828 0.000000 -0.000000 0.000000 9.999997 -0.000000 -33.009647 180.000000 180.000000 130.485535 0.000000 0.000000 -32.976643 0.000000 -0.000000 0.000000 20.000002 -0.000002 -37.286896 0.000001 -0.000001 -55.930347 0.000004 -0.000000 -37.249615
-182.309219 5.263319 281.507599 111.634628 -175.908005 -178.216568 165.400879 -176.799484 172.008850 43.487389 46.287716 2.745745 167.376801 -138.791855 -160.690613 146.036530 -176.423080 172.124390 12.456175 15.213450 -2.476523 54.814587 16.004616 -21.615601 176.357925 175.711700 -179.658905 176.358536 175.767670 -179.246094 162.857803 176.737152 179.697540 179.999969 179.953842 179.134491 179.999969 179.946136 179.103592 1.533119 0.053709 -0.524124 4.193472 -7.184650 5.987630 14.509457 6.469179 77.100311 15.655096 3.591981 4.114484 176.462570 179.289917 169.759277 26.367857 57.642063 -9.236101 0.000001 0.000000 34.339466 0.000001 -0.000000 12.704577 0.000000 -0.000002 -0.000003 15.000006 -0.000004 25.528021 0.000001 0.000003 20.886559 180.000000 -180.000000 -165.379410 0.000000 -0.000002 -0.000003 0.000002 -0.000006 27.899813 0.000001 -0.000002 31.370913 0.000003 -0.000001 20.893032 0.000000 -0.000002 -0.000003 170.000000 -180.000000 -151.756058 0.000001 0.000002 33.751484 0.000000 0.000000 22.478491 0.000000 -0.000002 -0.000003 160.000015 -180.000000 -157.963837 0.000002 0.000000 33.054256 0.000004 0.000001 22.014135 2.987684 -5.974163 -9.617578 151.212479 174.316544 112.639702 160.989334 -174.371307 178.346069 4.669982 -37.024464 20.357794 123.024002 120.276955 161.977737 0.000000 -0.000000 -34.983810 0.000002 -0.000001 -12.491902 0.000000 -0.000000 0.000000 165.000015 -180.000000 143.746246 0.000000 -0.000002 -29.662155 180.000000 179.999985 159.236496 0.000000 -0.000000 0.000000 180.000000 180.000000 145.819946 0.000000 -0.000001 -51.270081 0.000000 0.000000 -34.145870 0.000000 -0.000000 0.000000 10.000003 0.000002 -33.220367 0.000003 -0.000002 -49.830551 0.000000 0.000000 -33.187149 0.000000 -0.000000 0.000000 20.000002 -0.000003 -37.650936 180.000000 -179.999985 123.523613 180.000000 -180.000000 142.386734
-182.328537 5.230912 281.521088 111.486847 -176.035950 -178.441513 166.017746 -175.806961 172.369324 43.780209 44.332375 3.445231 167.694916 -141.745697 -161.442245 146.602631 -177.212509 172.334778 12.248401 14.916833 -2.614563 55.926308 12.127594 -19.993515 176.344223 175.714676 -179.612946 176.344864 175.768372 -179.169037 162.783569 176.695526 179.783661 179.999954 179.963669 179.165283 179.999954 179.957596 179.135468 1.588985 0.045308 -0.505735 4.169259 -7.217484 6.038322 14.468653 6.534604 77.100304 15.697028 3.391888 4.117546 176.512482 179.125153 169.787811 26.463594 57.755241 -9.133838 0.000001 -0.000000 34.323372 180.000000 -180.000000 -167.309479 0.000000 -0.000000 0.000000 15.000000 -0.000004 25.514269 0.000000 0.000002 20.875319 0.000003 -0.000000 14.612717 0.000000 -0.000000 0.000000 0.000001 0.000003 27.896542 0.000001 -0.000001 31.351070 0.000000 0.000001 20.879812 0.000000 -0.000000 0.000000 170.000000 -180.000000 -151.760376 0.000001 -0.000001 33.716976 180.000000 -179.999985 -157.544495 0.000000 -0.000000 0.000000 160.000000 -180.000000 -157.987930 0.000003 -0.000001 33.018108 0.000003 -0.000001 21.990059 2.979903 -6.110816 -9.502872 150.887589 174.781296 112.706062 160.837509 -174.544357 178.374100 4.688543 -36.769848 20.899130 123.938660 120.589981 162.948883 180.000000 180.000000 144.880875 180.000000 180.000000 167.397202 0.000000 -0.000000 0.000000 165.000015 -180.000000 143.491547 0.000005 0.000003 -29.870556 180.000000 -180.000000 159.090607 0.000000 -0.000000 0.000000 0.000003 0.000001 -34.455936 0.000000 0.000000 -51.683929 0.000000 0.000000 -34.421494 0.000000 -0.000000 0.000000 9.999996 0.000003 -33.493191 180.000000 -180.000000 129.760193 0.000004 0.000000 -33.459709 0.000000 -0.000000 0.000000 20.000002 -0.000001 -38.095516 0.000000 -0.000000 -57.143299 180.000000 -180.000000 141.942566
-182.345535 5.189468 281.536163 111.426697 -176.218231 -178.615616 166.479950 -174.900452 172.651031 43.773331 41.820992 3.888480 168.161026 -145.097672 -162.313934 147.164322 -177.952881 172.500381 12.039198 14.685238 -2.707212 56.905678 8.570919 -18.536875 176.325531 175.734970 -179.574112 176.326202 175.786438 -179.104370 162.688522 176.672180 179.858261 179.999954 179.982117 179.202744 179.999954 179.979111 179.174255 1.568044 0.028681 -0.483492 4.090740 -7.234272 6.104283 14.575480 6.532902 77.075676 15.688854 3.141799 4.105250 176.525650 179.191574 169.819565 26.927704 58.205368 -8.656226 180.000000 -180.000000 -145.729050 0.000000 -0.000000 12.642241 0.000000 -0.000000 0.000000 14.999999 -0.000006 25.515671 180.000000 179.999985 -159.123550 180.000000 -180.000000 -165.386475 0.000000 -0.000000 0.000000 0.000003 -0.000002 27.893063 180.000000 180.000000 -148.669968 0.000007 -0.000001 20.865810 0.000000 -0.000000 0.000000 170.000000 -179.999985 -151.767303 180.000000 180.000000 -146.337921 180.000000 -180.000000 -157.581055 0.000000 -0.000000 0.000000 160.000015 -180.000000 -158.014160 180.000000 -180.000000 -147.021210 0.000000 -0.000000 21.963873 2.918798 -6.226618 -9.396891 150.495453 175.278915 112.782127 160.703644 -174.602890 178.356659 4.666173 -36.629257 21.470760 123.698418 120.672997 162.792130 0.000002 -0.000000 -35.060902 180.000000 -180.000000 167.456345 0.000000 -0.000000 0.000000 165.000015 -180.000000 143.190857 180.000000 -180.000000 149.883438 0.000000 -0.000002 -21.081596 0.000000 -0.000000 0.000000 0.000001 0.000002 -34.673466 180.000000 -179.999985 127.989807 0.000000 0.000000 -34.638794 0.000000 -0.000000 0.000000 9.999996 -0.000000 -33.770973 180.000000 -179.999985 129.343536 180.000000 -180.000000 146.262787 0.000000 -0.000000 0.000000 20.000000 0.000003 -38.403461 0.000000 -0.000000 -57.605213 180.000000 -179.999985 141.634933
-182.360275 5.142783 281.551758 111.389549 -176.401749 -178.774109 167.169037 -173.635773 172.857391 43.549129 38.899014 4.577673 168.779938 -149.154617 -163.359528 147.659088 -178.535843 172.638779 11.891073 14.570882 -2.733342 57.872997 5.054235 -16.963152 176.310486 175.743546 -179.537567 176.311218 175.793076 -179.043198 162.610672 176.642838 179.926727 179.999969 -179.979752 179.241592 179.999969 -179.976379 179.214508 1.538811 -0.004991 -0.460806 3.939174 -7.244596 6.185883 14.707943 6.495655 77.038467 15.686156 2.920443 4.089900 176.551285 179.158081 169.843231 25.129019 57.401939 -10.365457 0.000000 0.000001 34.082279 180.000000 -180.000000 -167.480316 0.000000 -0.000000 0.000000 15.000000 0.000005 25.524794 0.000003 -0.000002 20.883932 0.000000 -0.000000 14.618752 0.000000 -0.000000 0.000000 0.000002 0.000001 27.892611 0.000004 -0.000000 31.327379 0.000000 0.000003 20.864035 0.000000 -0.000000 0.000000 170.000000 180.000000 -151.770996 180.000000 179.999985 -146.367065 0.000003 -0.000003 22.399527 0.000000 -0.000000 0.000000 160.000015 180.000000 -158.057999 0.000001 0.000002 32.913029 180.000000 -180.000000 -158.079926 2.785905 -6.350888 -9.288584 150.212555 175.709091 112.839882 160.350159 -174.775833 178.316101 4.628438 -36.597763 22.104767 123.295296 120.679276 162.427292 0.000002 -0.000000 -35.025673 180.000000 -180.000000 167.487167 0.000000 -0.000000 0.000000 165.000015 180.000000 142.883301 180.000000 179.999985 149.631790 0.000004 -0.000003 -21.257746 0.000000 -0.000000 0.000000 180.000000 179.999985 145.063507 180.000000 179.999985 127.595253 0.000000 0.000000 -34.901558 0.000000 -0.000000 0.000000 9.999996 -0.000004 -33.967167 0.000000 0.000000 -50.950748 0.000010 0.000004 -33.933201 0.000000 -0.000000 0.000000 19.999998 0.000001 -38.789829 180.000000 -179.999985 121.815247 180.000000 -180.000000 141.248947
-182.373489 5.093371 281.568146 111.370766 -176.598236 -178.932602 167.747620 -172.441254 173.065796 43.153248 36.107067 5.121044 169.460815 -153.105637 -164.385834 148.126419 -179.030136 172.754349 11.748222 14.564320 -2.716176 58.882332 1.126686 -15.217892 176.295685 175.741547 -179.500839 176.296432 175.789322 -178.981277 162.533279 176.605911 179.993195 179.999954 -179.927200 179.283508 179.999969 -179.915085 179.257904 1.509861 -0.051045 -0.436592 3.819940 -7.287469 6.272895 14.993962 6.387269 76.996025 15.570783 2.462675 4.044974 176.580109 179.165863 169.854843 25.573027 57.815475 -9.916874 180.000000 180.000000 -145.952698 0.000000 -0.000000 12.485406 0.000000 -0.000000 0.000000 15.000004 -0.000001 25.486115 0.000000 0.000002 20.852282 0.000007 -0.000001 14.596596 0.000000 -0.000000 0.000000 180.000000 179.999985 -152.117615 0.000003 -0.000001 31.265694 180.000000 179.999985 -159.177048 0.000000 -0.000000 0.000000 170.000000 -180.000000 -151.773560 180.000000 180.000000 -146.387390 180.000000 -179.999985 -157.613998 0.000000 -0.000000 0.000000 160.000000 180.000000 -158.041504 180.000000 -179.999985 -147.062271 0.000003 -0.000002 21.936531 2.684169 -6.493910 -9.188630 149.802109 176.136734 112.901588 160.116989 -174.813690 178.277115 4.359484 -36.392323 22.809855 123.913963 120.773781 162.999344 0.000000 -0.000000 -35.163853 180.000000 180.000000 167.369827 0.000000 -0.000000 0.000000 165.000015 -180.000000 142.665283 180.000000 179.999985 149.453400 0.000003 0.000001 -21.382607 0.000000 -0.000000 0.000000 0.000001 -0.000003 -35.206329 180.000000 -179.999985 127.190514 0.000000 0.000000 -35.171116 0.000000 -0.000000 0.000000 9.999999 0.000002 -34.235641 180.000000 179.999985 128.646545 0.000003 0.000002 -34.201408 0.000000 -0.000000 0.000000 20.000010 -0.000006 -39.182323 180.000000 179.999985 121.226501 0.000003 0.000001 -39.143147
-182.387436 5.042104 281.585602 111.352959 -176.817459 -179.109451 168.227951 -171.373108 173.290375 42.639904 32.992851 5.563933 170.131058 -157.254776 -165.440140 148.618164 -179.543259 172.864609 11.617048 14.599982 -2.665197 59.719963 -2.376489 -13.757875 176.288940 175.748642 -179.460175 176.289749 175.794403 -178.913605 162.493393 176.571716 -179.928070 179.999954 -179.881439 179.326218 179.999954 -179.861679 179.302155 1.423552 -0.091724 -0.411596 3.678222 -7.307924 6.353210 14.742694 6.398399 76.954742 15.727916 2.514592 4.076088 176.603088 179.168976 169.863373 25.976889 58.179741 -9.508299 0.000000 -0.000000 34.017338 180.000000 -180.000000 -167.544083 0.000000 -0.000000 0.000000 15.000006 -0.000007 25.492523 0.000000 -0.000000 20.857517 0.000003 -0.000000 14.600264 0.000000 -0.000000 0.000000 0.000000 -0.000000 27.892076 0.000001 0.000002 31.324043 0.000000 -0.000000 20.861811 0.000000 -0.000000 0.000000 170.000000 -180.000000 -151.772171 180.000000 -179.999985 -146.376266 180.000000 179.999985 -157.606583 0.000000 -0.000000 0.000000 160.000000 -180.000000 -157.995453 0.000004 0.000001 33.006805 0.000003 -0.000002 21.982534 2.560898 -6.616458 -9.101069 149.352310 176.510254 112.950096 159.841751 -174.857391 178.232025 4.154428 -36.271137 23.475615 123.354340 120.716179 162.446625 0.000000 -0.000001 -35.139034 180.000000 -180.000000 167.399918 180.000000 -180.000000 -179.999985 165.000000 -180.000000 142.368179 0.000001 0.000004 -30.789669 180.000000 -180.000000 158.447235 180.000000 -180.000000 -179.999985 180.000000 -179.999985 144.612457 0.000002 0.000003 -53.081318 0.000003 0.000003 -35.352161 180.000000 -180.000000 -179.999985 9.999995 0.000000 -34.483891 180.000000 -179.999985 128.274170 180.000000 180.000000 145.550598 180.000000 -180.000000 -179.999985 20.000002 -0.000004 -39.415192 180.000000 -179.999985 120.877220 0.000004 0.000000 -39.375778
-182.401382 4.990820 281.601135 111.331833 -177.008362 -179.262512 168.788666 -170.070038 173.515579 42.114651 29.532764 6.247537 170.741760 -162.005798 -166.616470 149.041336 -179.972458 172.937836 11.522934 14.659256 -2.585903 60.468472 -5.714504 -12.259870 176.286255 175.742004 -179.425919 176.287125 175.786331 -178.856201 162.473114 176.534424 -179.863693 179.999954 -179.836197 179.366638 179.999969 -179.808914 179.344025 1.345674 -0.131809 -0.387852 3.503118 -7.312580 6.432723 14.400687 6.400517 76.920700 15.926618 2.637275 4.123733 176.610977 179.384277 169.868942 26.602545 58.746326 -8.866761 0.000000 -0.000000 33.973694 0.000000 -0.000000 12.413400 0.000000 -0.000000 0.000000 14.999999 0.000006 25.499353 0.000000 -0.000000 20.863117 180.000000 -180.000000 -165.395813 0.000000 -0.000000 0.000000 0.000000 -0.000000 27.891788 0.000004 -0.000000 31.322355 180.000000 180.000000 -159.139313 0.000000 -0.000000 0.000000 170.000000 -179.999985 -151.764740 180.000000 180.000000 -146.317627 180.000000 -179.999985 -157.567535 0.000000 -0.000000 0.000000 160.000015 -180.000000 -157.916656 180.000000 179.999985 -146.874985 180.000000 -180.000000 -157.938736 2.411664 -6.739726 -9.007788 148.964630 176.820023 112.986206 159.404861 -175.033173 178.143936 4.019493 -36.189732 24.141233 122.817879 120.680443 161.920395 0.000002 0.000001 -35.123974 180.000000 180.000000 167.422195 0.000000 -0.000000 0.000000 165.000000 -180.000000 142.073105 180.000000 179.999985 148.968933 0.000004 -0.000003 -21.721760 0.000000 -0.000000 0.000000 0.000000 0.000000 -35.625595 0.000001 -0.000002 -53.438396 180.000000 -179.999985 144.410034 0.000000 -0.000000 0.000000 9.999995 0.000006 -34.642067 0.000002 0.000003 -51.963093 0.000001 -0.000002 -34.607433 0.000000 -0.000000 0.000000 19.999996 -0.000002 -39.755745 180.000000 180.000000 120.366386 0.000000 0.000000 -39.715992
-182.417648 4.942036 281.614441 111.285027 -177.180984 -179.405075 169.370102 -168.780212 173.714890 41.623745 26.495983 7.037082 171.227112 -166.395142 -167.743469 149.378342 179.600540 172.979095 11.544068 14.717216 -2.488016 61.175861 -9.248597 -10.504264 176.287064 175.723312 -179.396149 176.287979 175.766647 -178.805862 162.469208 176.493423 -179.809601 179.999939 -179.795410 179.407547 179.999954 -179.761322 179.386398 1.294271 -0.167830 -0.363709 3.379605 -7.350685 6.506160 14.006421 6.417058 76.901260 16.118574 2.709502 4.173217 176.645889 179.463486 169.868790 23.288298 56.571178 -12.156908 180.000000 -180.000000 -146.282715 0.000000 -0.000000 12.252572 0.000000 0.000000 -0.000003 15.000002 -0.000001 25.505648 0.000000 -0.000000 20.868250 180.000000 179.999985 -165.392227 0.000000 0.000000 -0.000003 0.000003 -0.000001 27.899670 180.000000 -180.000000 -148.629913 180.000000 180.000000 -159.107529 0.000000 0.000000 -0.000003 170.000000 -180.000000 -151.757080 0.000001 -0.000002 33.743401 0.000006 -0.000003 22.473104 0.000000 0.000000 -0.000003 160.000000 -180.000000 -157.892181 180.000000 -180.000000 -146.838287 0.000002 -0.000006 22.085699 2.316701 -6.886244 -8.915147 148.525711 177.077667 112.990768 159.057129 -175.159271 178.083282 3.724927 -35.934692 24.774233 123.619255 120.763840 162.667740 180.000000 -180.000000 144.746017 0.000001 -0.000002 -12.700964 0.000000 -0.000000 0.000000 165.000015 -180.000000 141.897980 180.000000 -179.999985 148.825607 180.000000 -180.000000 158.177933 0.000000 -0.000000 0.000000 0.000001 -0.000003 -35.882278 180.000000 -179.999985 126.176582 180.000000 180.000000 144.153595 0.000000 -0.000000 0.000000 10.000004 0.000002 -34.889660 180.000000 180.000000 127.665512 180.000000 180.000000 145.145218 0.000000 -0.000000 0.000000 20.000002 -0.000002 -40.109707 0.000003 0.000008 -60.164555 0.000010 0.000003 -40.069599
-182.437729 4.897656 281.625946 111.207893 -177.350418 -179.548691 169.738678 -167.972794 173.925781 41.131927 23.049381 7.598697 171.571579 -170.748566 -168.896378 149.669510 179.095657 173.002533 11.669322 14.751873 -2.384700 61.708984 -12.255262 -9.043516 176.295013 175.715958 -179.367813 176.295990 175.758270 -178.758820 162.499863 176.462204 -179.753372 179.999924 -179.777298 179.447067 179.999939 -179.740204 179.427307 1.230954 -0.184365 -0.339856 3.264920 -7.369263 6.565269 13.584166 6.445356 76.892830 16.326981 2.841420 4.231716 176.668549 179.603958 169.866028 23.751299 57.037338 -11.600508 180.000000 180.000000 -146.132355 180.000000 180.000000 -167.625320 0.000000 -0.000000 0.000000 15.000004 0.000003 25.543522 0.000000 -0.000000 20.899240 0.000003 -0.000002 14.629470 0.000000 -0.000000 0.000000 180.000000 180.000000 -152.098999 180.000000 179.999985 -148.621902 0.000000 0.000000 20.897818 0.000000 -0.000000 0.000000 170.000000 179.999985 -151.757950 0.000003 -0.000003 33.736347 180.000000 180.000000 -157.531586 0.000000 -0.000000 0.000000 160.000015 -179.999985 -157.854172 180.000000 179.999985 -146.781235 180.000000 -180.000000 -157.876312 2.244213 -7.000019 -8.829204 148.051025 177.316254 112.978615 158.748001 -175.289719 178.005203 3.499964 -35.757050 25.341675 123.300224 120.810982 162.376175 0.000000 -0.000001 -35.276039 0.000001 0.000000 -12.710217 0.000000 -0.000000 0.000000 165.000015 -180.000000 141.588806 180.000000 179.999985 148.572662 179.999985 179.999985 158.000870 0.000000 -0.000000 0.000000 0.000002 -0.000001 -36.075512 180.000000 180.000000 125.991653 0.000003 0.000001 -35.990700 0.000000 -0.000000 0.000000 9.999996 0.000005 -35.130592 180.000000 180.000000 127.304115 180.000000 -180.000000 144.904541 0.000000 -0.000000 0.000000 20.000000 0.000002 -40.296841 180.000000 -179.999985 119.554741 180.000000 -179.999985 139.743454
-182.459259 4.859406 281.633911 111.116470 -177.479538 -179.660736 170.075882 -167.395187 174.049942 40.477077 18.980789 8.172308 171.850143 -175.511597 -170.201874 149.865738 178.617081 173.003540 11.847397 14.746159 -2.294410 62.067638 -14.943076 -7.378308 176.304306 175.706406 -179.348877 176.305344 175.748169 -178.727356 162.538681 176.438568 -179.715485 179.999924 -179.772888 179.483231 179.999924 -179.735031 179.464783 1.200555 -0.188835 -0.317820 3.145033 -7.355562 6.614323 13.164272 6.474678 76.894966 16.533947 3.057887 4.298096 176.694107 179.658081 169.872986 24.286303 57.478378 -11.027348 180.000000 180.000000 -146.048508 0.000000 -0.000000 12.438231 0.000000 -0.000000 0.000000 15.000002 0.000004 25.535521 0.000000 -0.000000 20.892702 180.000000 180.000000 -165.375107 0.000000 -0.000000 0.000000 180.000000 -180.000000 -152.107849 0.000003 -0.000003 31.324440 180.000000 179.999985 -159.137924 0.000000 -0.000000 0.000000 170.000000 -179.999985 -151.767044 0.000002 0.000000 33.664047 0.000003 -0.000002 22.420259 0.000000 -0.000000 0.000000 160.000000 180.000000 -157.904556 0.000002 0.000001 33.143154 180.000000 -180.000000 -157.926666 2.177608 -7.083619 -8.748044 147.588654 177.531708 112.942589 158.384171 -175.490021 177.898010 3.341402 -35.657166 25.880087 123.107231 120.893829 162.216156 180.000000 180.000000 144.686813 0.000000 0.000000 -12.733085 0.000000 -0.000000 0.000000 165.000015 -179.999985 141.324753 180.000000 -180.000000 148.356628 0.000000 0.000000 -22.150366 0.000000 -0.000000 0.000000 0.000001 -0.000003 -36.552334 0.000001 -0.000002 -54.059074 0.000004 -0.000001 -36.157589 0.000000 -0.000000 0.000000 9.999996 -0.000000 -35.245277 180.000000 179.999985 127.132088 180.000000 -179.999985 144.789963 0.000000 -0.000000 0.000000 19.999996 -0.000002 -40.594555 180.000000 -180.000000 119.108162 180.000000 -180.000000 139.446030
-182.483047 4.828001 281.638336 110.997658 -177.577820 -179.747330 170.451874 -166.823120 174.132156 39.776810 15.502074 8.813179 172.086655 -179.733841 -171.439438 150.030182 178.075470 172.997101 12.044438 14.696660 -2.242523 62.303352 -17.809614 -5.324065 176.316116 175.691528 -179.339508 176.317184 175.733261 -178.711700 162.591019 176.420624 -179.696533 179.999908 -179.781265 179.523483 179.999908 -179.744812 179.506470 1.201422 -0.182154 -0.293202 3.062477 -7.358748 6.663189 13.219141 6.395177 76.911560 16.459518 2.877326 4.287430 176.716995 179.760223 169.888336 24.275728 57.550907 -11.018166 0.000000 -0.000001 33.939251 0.000000 0.000001 12.429866 0.000000 -0.000000 0.000000 15.000006 0.000001 25.574455 180.000000 179.999985 -159.075455 180.000000 -180.000000 -165.352814 0.000000 -0.000000 0.000000 180.000000 -180.000000 -152.108459 180.000000 -180.000000 -148.679153 0.000003 -0.000004 20.859682 0.000000 -0.000000 0.000000 170.000000 -179.999985 -151.779541 180.000000 179.999985 -146.434097 180.000000 -180.000000 -157.645111 0.000000 -0.000000 0.000000 160.000015 179.999985 -157.970291 0.000001 0.000002 33.044559 0.000000 0.000002 22.007673 2.147497 -7.162400 -8.663958 147.140732 177.708389 112.871399 158.117279 -175.641556 177.827621 3.066182 -35.410328 26.328888 124.025864 120.956383 163.075928 0.000000 -0.000001 -35.416508 0.000000 0.000000 -12.838175 0.000000 -0.000000 0.000000 165.000000 179.999985 141.233795 0.000003 0.000001 -31.717808 180.000000 -180.000000 157.797531 0.000000 -0.000000 0.000000 0.000006 0.000002 -36.998528 180.000000 -180.000000 125.896545 180.000000 -179.999985 143.688858 0.000000 -0.000000 0.000000 9.999996 0.000000 -35.437237 180.000000 -179.999985 126.844154 180.000000 -179.999985 144.598190 0.000000 -0.000000 0.000000 20.000002 0.000004 -40.855526 0.000001 -0.000001 -61.283279 180.000000 -179.999985 139.185333
-182.507370 4.803020 281.640656 110.873932 -177.659775 -179.822708 170.675369 -166.532089 174.203125 38.936142 12.019796 9.351460 172.378769 176.316589 -172.682480 150.219528 177.412231 173.004974 12.219642 14.629217 -2.242017 62.419624 -20.325777 -3.517783 176.329605 175.687347 -179.334503 176.330688 175.729111 -178.703827 162.652908 176.414322 -179.683105 179.999908 -179.809662 179.563828 179.999908 -179.777939 179.548264 1.197770 -0.158268 -0.268170 2.975938 -7.357493 6.687642 13.160881 6.429085 76.932739 16.488064 2.885874 4.318146 176.716034 179.775986 169.908508 23.565746 57.546051 -11.537469 180.000000 180.000000 -146.052475 180.000000 -180.000000 -167.539566 0.000002 -0.000000 0.000000 15.000006 0.000001 25.614943 180.000000 179.999985 -159.042328 180.000000 179.999985 -165.329636 0.000002 -0.000000 0.000000 180.000000 179.999985 -152.107056 0.000007 -0.000001 31.329268 180.000000 180.000000 -159.134705 0.000002 -0.000000 0.000000 170.000000 -179.999985 -151.784836 0.000002 0.000002 33.524685 0.000003 -0.000001 22.327442 0.000002 -0.000000 0.000000 160.000000 -180.000000 -157.991776 180.000000 179.999985 -146.987686 180.000000 -179.999985 -158.013794 2.110942 -7.214698 -8.585784 146.766769 177.848389 112.795525 157.889664 -175.795868 177.721268 2.835323 -35.245338 26.713070 123.923645 121.035637 163.001877 0.000001 0.000000 -35.453495 180.000000 -180.000000 167.136810 0.000000 -0.000000 0.000000 165.000015 -180.000000 140.992737 0.000000 0.000000 -31.915026 0.000002 0.000007 -22.340523 0.000000 -0.000000 0.000000 180.000000 180.000000 142.811600 0.000003 0.000002 -54.121452 0.000007 0.000001 -36.375717 0.000000 -0.000000 0.000000 9.999995 -0.000001 -35.622414 180.000000 -179.999985 126.566368 0.000000 -0.000001 -35.586777 0.000000 -0.000000 0.000000 20.000002 0.000001 -40.940136 180.000000 179.999985 118.589798 0.000000 0.000000 -40.899193
-182.528000 4.783981 281.641174 110.769806 -177.707077 -179.877975 170.807724 -166.291016 174.287231 37.841019 8.388221 9.939445 172.786926 172.218201 -174.028259 150.393845 176.775192 173.035049 12.344391 14.560738 -2.285612 62.378376 -22.762852 -1.589242 176.341537 175.685455 -179.337753 176.342606 175.727570 -178.709763 162.709366 176.417236 -179.685837 179.999908 -179.846481 179.605621 179.999908 -179.820892 179.591537 1.194494 -0.127136 -0.242142 2.855465 -7.348156 6.696322 13.065490 6.519204 76.981430 16.532574 2.998115 4.360567 176.725708 179.745178 169.935928 23.374611 57.432457 -11.654123 180.000000 -180.000000 -145.935425 0.000000 -0.000001 12.564104 0.000002 -0.000000 0.000000 15.000006 0.000000 25.604715 0.000006 -0.000003 20.949305 0.000003 -0.000000 14.664522 0.000002 -0.000000 0.000000 180.000000 180.000000 -152.117142 0.000002 -0.000004 31.268572 0.000003 -0.000001 20.824867 0.000002 -0.000000 0.000000 170.000000 179.999985 -151.788086 180.000000 -180.000000 -146.500626 180.000000 -179.999985 -157.689407 0.000002 -0.000000 0.000000 160.000000 -180.000000 -157.961990 180.000000 -180.000000 -146.942978 180.000000 180.000000 -157.984024 2.038341 -7.241484 -8.496157 146.469772 177.949432 112.665367 157.629791 -176.006683 177.594040 2.638617 -35.161823 27.078852 123.805756 121.145958 162.923615 0.000000 0.000000 -35.501892 180.000000 -180.000000 167.104050 0.000000 -0.000000 0.000000 165.000015 -179.999985 140.767654 0.000000 0.000000 -32.099190 0.000003 0.000004 -22.469435 0.000000 -0.000000 0.000000 0.000002 -0.000005 -37.578156 180.000000 179.999985 125.843246 0.000003 0.000001 -36.506878 0.000000 -0.000000 0.000000 9.999996 -0.000001 -35.680645 180.000000 -179.999985 126.479027 0.000001 -0.000002 -35.644970 0.000000 -0.000000 0.000000 20.000002 -0.000004 -41.147827 0.000004 0.000000 -61.721714 180.000000 180.000000 138.893326
-182.540039 4.770809 281.640991 110.717636 -177.709839 -179.919937 170.566483 -166.341919 174.477463 36.967159 5.279032 10.311567 173.273743 168.788376 -175.226318 150.579285 176.091415 173.092041 12.430444 14.544283 -2.363975 62.241772 -25.437714 0.497327 176.348328 175.676758 -179.349136 176.349380 175.719604 -178.728638 162.743088 176.422577 -179.707687 179.999924 -179.887390 179.651794 179.999908 -179.868622 179.639374 1.168571 -0.092586 -0.213408 2.728323 -7.349312 6.715693 12.907539 6.654667 77.040726 16.563082 3.129925 4.407654 176.720703 179.727554 169.983597 23.755951 57.556694 -11.332733 0.000000 -0.000000 34.071346 180.000000 -180.000000 -167.440079 0.000000 -0.000000 0.000000 15.000000 -0.000002 25.618479 180.000000 -180.000000 -159.039413 180.000000 179.999985 -165.327591 0.000000 -0.000000 0.000000 180.000000 179.999985 -152.122696 180.000000 179.999985 -148.764755 0.000000 0.000002 20.802671 0.000000 -0.000000 0.000000 170.000000 -179.999985 -151.801132 0.000002 0.000002 33.399086 0.000000 0.000001 22.243793 0.000000 -0.000000 0.000000 160.000000 179.999985 -158.014343 0.000001 0.000002 32.978493 180.000000 179.999985 -158.036331 1.943471 -7.257193 -8.389443 146.215485 178.007263 112.491943 157.453949 -176.154846 177.522247 2.376728 -34.958221 27.312078 124.543869 121.154182 163.603500 180.000000 180.000000 144.444778 0.000000 0.000000 -12.958094 0.000002 -0.000000 0.000000 165.000000 180.000000 140.747849 0.000000 0.000000 -32.115391 180.000000 -180.000000 157.519226 0.000002 -0.000000 0.000000 0.000002 -0.000001 -37.924950 0.000002 0.000003 -54.186378 180.000000 -179.999985 143.377991 0.000002 -0.000000 0.000000 10.000004 0.000000 -35.827503 0.000001 -0.000002 -53.741268 180.000000 -179.999985 144.208328 0.000002 -0.000000 0.000000 20.000002 -0.000000 -41.347351 0.000005 0.000005 -62.021008 180.000000 -180.000000 138.694016
-182.548157 4.764033 281.643341 110.717697 -177.674774 -179.959183 170.097763 -166.529877 174.793793 36.133514 2.613901 10.547523 173.897293 165.858978 -176.284866 150.777130 175.313751 173.168686 12.512070 14.624857 -2.460709 62.193279 -27.887939 1.959733 176.350830 175.665848 -179.362045 176.351837 175.709488 -178.749786 162.756912 176.427521 -179.734497 179.999939 -179.933319 179.692581 179.999939 -179.922195 179.681595 1.102868 -0.053799 -0.187826 2.605309 -7.339732 6.741083 12.612787 6.821965 77.075317 16.636152 3.357226 4.487672 176.685974 179.664963 170.049088 25.867220 58.043270 -9.553890 0.000000 -0.000000 34.182129 0.000000 0.000000 12.596570 0.000000 -0.000000 0.000000 15.000004 0.000003 25.594696 180.000000 180.000000 -159.058884 0.000007 0.000001 14.658778 0.000000 -0.000000 0.000000 0.000003 -0.000002 27.860271 180.000000 -180.000000 -148.866089 0.000004 0.000000 20.735189 0.000000 -0.000000 0.000000 170.000000 180.000000 -151.814896 0.000005 -0.000001 33.294338 180.000000 -180.000000 -157.825974 0.000000 -0.000000 0.000000 160.000015 -180.000000 -158.076401 0.000002 -0.000000 32.885399 0.000000 0.000001 21.901682 1.817089 -7.265191 -8.285037 146.074966 177.998627 112.288422 157.300018 -176.318008 177.436691 2.121716 -34.805389 27.500957 124.381241 121.273834 163.474670 180.000000 180.000000 144.368896 180.000000 180.000000 166.986893 0.000000 -0.000000 0.000000 165.000000 179.999985 140.525589 180.000000 -179.999985 147.702759 180.000000 -179.999985 157.391937 0.000000 -0.000000 0.000000 180.000000 -179.999985 142.022385 0.000002 -0.000003 -54.190723 180.000000 -180.000000 143.360626 0.000000 -0.000000 0.000000 9.999993 0.000004 -35.975304 0.000001 -0.000002 -53.962952 180.000000 180.000000 144.060684 0.000000 -0.000000 0.000000 20.000002 0.000004 -41.360958 0.000002 -0.000003 -62.041451 0.000003 0.000001 -41.319603
-182.553268 4.764309 281.649536 110.780914 -177.612167 -179.987335 169.535477 -166.805405 175.144684 35.246246 0.038576 10.803943 174.579590 163.070801 -177.334778 150.933411 174.622955 173.247391 12.560266 14.793170 -2.553330 62.183537 -30.159946 3.090735 176.350449 175.656876 -179.380798 176.351425 175.701492 -178.780563 162.758606 176.438950 -179.773285 179.999954 -179.978760 179.732117 179.999939 -179.975204 179.722534 0.987500 -0.015520 -0.163036 2.409741 -7.359612 6.750024 12.224854 7.061779 77.131981 16.742699 3.654013 4.606187 176.667175 179.571625 170.120392 26.645622 58.151897 -8.873224 0.000001 0.000001 34.299786 0.000000 -0.000000 12.674721 0.000000 -0.000000 0.000000 14.999999 0.000001 25.549030 180.000000 180.000000 -159.096268 0.000003 -0.000000 14.632622 0.000000 -0.000000 0.000000 180.000000 180.000000 -152.163727 180.000000 -180.000000 -149.007004 180.000000 -180.000000 -159.358688 0.000000 -0.000000 0.000000 170.000000 -179.999985 -151.833359 180.000000 -180.000000 -146.843872 0.000000 0.000000 22.081980 0.000000 -0.000000 0.000000 160.000015 -179.999985 -158.124496 180.000000 -180.000000 -147.186737 0.000000 -0.000000 21.853638 1.643101 -7.261267 -8.174660 146.027069 177.931549 112.087059 157.148453 -176.537140 177.288589 1.897550 -34.712826 27.610174 124.237450 121.353020 163.332596 180.000000 180.000000 144.273743 180.000000 180.000000 166.912476 0.000000 0.000000 -0.000002 165.000015 179.999985 140.319550 180.000000 -179.999985 147.534180 180.000000 -179.999985 157.260727 0.000000 0.000000 -0.000002 180.000000 -179.999985 141.783600 0.000000 0.000000 -54.209927 0.000003 0.000001 -36.717621 0.000000 0.000000 -0.000002 9.999994 -0.000001 -35.967083 0.000000 0.000000 -53.950638 180.000000 180.000000 144.068878 0.000000 0.000000 -0.000002 20.000002 0.000002 -41.492680 0.000003 0.000002 -62.239033 0.000000 -0.000001 -41.451191
-182.558044 4.772379 281.662598 110.929893 -177.508331 179.986008 169.024826 -167.190231 175.492584 34.470009 -1.882787 10.937669 175.191422 160.983627 -178.190536 151.050598 173.953598 173.330643 12.589361 15.126651 -2.635484 62.245529 -32.304649 3.944946 176.345352 175.646393 -179.405197 176.346298 175.692184 -178.820450 162.739395 176.454285 -179.824997 179.999969 179.974030 179.770065 179.999939 179.969727 179.761841 0.806009 0.024160 -0.139317 2.188732 -7.349825 6.793438 11.945139 7.226809 77.180450 16.705978 3.838812 4.695896 176.713623 179.448959 170.187729 26.588652 58.213669 -8.909335 180.000000 -180.000000 -145.728668 0.000000 -0.000000 12.653808 0.000000 -0.000000 0.000000 14.999995 -0.000003 25.615463 0.000000 0.000002 20.958111 0.000000 -0.000000 14.670672 0.000000 -0.000000 0.000000 180.000000 -179.999985 -152.179382 0.000001 0.000002 30.902006 180.000000 -180.000000 -159.419266 0.000000 -0.000000 0.000000 170.000000 -179.999985 -151.846161 0.000002 0.000002 33.061573 0.000000 0.000001 22.019003 0.000000 -0.000000 0.000000 160.000000 -180.000000 -158.180450 180.000000 180.000000 -147.270660 0.000000 -0.000000 21.797747 1.438314 -7.224424 -8.052676 145.927490 177.830032 111.836716 157.094574 -176.672531 177.246201 1.713148 -34.542992 27.515732 124.818100 121.259148 163.831985 0.000000 -0.000001 -35.729191 0.000001 0.000001 -13.108733 0.000000 -0.000000 0.000000 165.000000 179.999985 140.380539 0.000000 0.000000 -32.415928 0.000002 0.000007 -22.694328 0.000000 -0.000000 0.000000 0.000007 0.000001 -38.309078 0.000001 -0.000002 -54.217167 180.000000 -179.999985 143.252182 0.000000 -0.000000 0.000000 10.000001 -0.000000 -36.028374 0.000001 0.000006 -54.003151 0.000006 0.000004 -35.974049 0.000000 -0.000000 0.000000 20.000002 0.000001 -41.507580 180.000000 180.000000 117.738640 180.000000 -180.000000 138.533920
-182.563843 4.789346 281.683441 111.166222 -177.353378 179.954971 168.672867 -167.699661 175.823914 33.882114 -3.288820 10.970176 175.505768 159.532837 -178.908279 151.168167 173.209198 173.439484 12.601468 15.642911 -2.724232 62.606144 -33.923752 3.887578 176.331970 175.624420 -179.427521 176.332870 175.671402 -178.855942 162.680161 176.459259 -179.878021 179.999969 179.931091 179.796936 179.999954 179.919632 179.789658 0.587393 0.060311 -0.122566 1.984430 -7.340356 6.836192 11.565291 7.397781 77.198494 16.693750 4.101862 4.814779 176.680099 179.334824 170.273987 26.736965 58.217758 -8.800312 180.000000 -180.000000 -145.737411 180.000000 -180.000000 -167.358383 0.000000 -0.000000 0.000000 15.000002 0.000001 25.571020 0.000003 -0.000001 20.921743 0.000000 0.000002 14.645217 0.000000 -0.000000 0.000000 180.000000 -180.000000 -152.186508 180.000000 -179.999985 -149.139099 0.000000 0.000001 20.553360 0.000000 -0.000000 0.000000 170.000000 -180.000000 -151.861694 180.000000 -180.000000 -147.051849 0.000003 -0.000000 21.943466 0.000000 -0.000000 0.000000 160.000015 -180.000000 -158.270279 0.000000 -0.000005 32.594574 0.000003 -0.000002 21.707987 1.246621 -7.198263 -7.953406 145.869247 177.661591 111.594467 157.115906 -176.812393 177.203140 1.542582 -34.409908 27.340780 124.852196 121.244247 163.799454 0.000001 -0.000001 -35.843166 180.000000 180.000000 166.790848 0.000000 -0.000000 0.000000 165.000000 179.999985 140.298813 0.000006 -0.000002 -32.482796 0.000003 0.000004 -22.754555 0.000000 -0.000000 0.000000 180.000000 -180.000000 141.922974 0.000005 0.000006 -54.198818 180.000000 -179.999985 143.327988 0.000000 -0.000000 0.000000 10.000000 0.000004 -35.985767 0.000000 0.000000 -53.978657 0.000007 0.000000 -35.949787 0.000000 -0.000000 0.000000 20.000002 -0.000001 -41.330860 180.000000 179.999985 118.003716 180.000000 -179.999985 138.710480
-182.574341 4.814767 281.709808 111.421486 -177.193558 179.921448 168.578720 -168.204819 176.076416 33.460915 -4.360058 11.010605 175.458038 158.480972 -179.569611 151.275406 172.563766 173.565308 12.568048 16.228098 -2.805881 63.049831 -34.648426 3.285131 176.323105 175.614410 -179.451996 176.323990 175.662537 -178.895798 162.643448 176.474823 -179.931076 179.999969 179.883026 179.820251 179.999924 179.863556 179.813797 0.332054 0.100974 -0.108349 1.772055 -7.317936 6.874278 11.183170 7.582091 77.229233 16.655531 4.353004 4.919191 176.678070 179.217285 170.348450 26.640024 58.148678 -8.875938 0.000000 -0.000000 34.305000 0.000000 -0.000000 12.679284 0.000000 -0.000000 0.000000 15.000004 0.000001 25.527952 0.000003 -0.000002 20.886501 180.000000 180.000000 -165.379456 0.000000 -0.000000 0.000000 0.000002 0.000001 27.791105 180.000000 -179.999985 -149.267075 180.000000 179.999985 -159.531860 0.000000 -0.000000 0.000000 170.000000 -180.000000 -151.883484 0.000000 -0.000000 32.791763 180.000000 -180.000000 -158.160690 0.000000 -0.000000 0.000000 160.000015 180.000000 -158.317291 180.000000 -180.000000 -147.475937 0.000003 -0.000001 21.661024 1.048216 -7.169710 -7.858834 145.806488 177.450470 111.351875 157.256012 -176.942764 177.137100 1.422648 -34.315800 27.068638 125.057701 121.214264 163.916107 180.000000 -180.000000 144.033234 0.000001 0.000002 -13.323221 0.000000 -0.000000 0.000000 165.000015 179.999985 140.351135 0.000000 0.000000 -32.439983 0.000003 0.000004 -22.715992 0.000000 -0.000000 0.000000 0.000004 -0.000001 -37.861507 180.000000 -180.000000 125.818916 0.000004 -0.000001 -36.601063 0.000000 -0.000000 0.000000 10.000000 -0.000001 -35.836559 0.000002 -0.000004 -53.754845 180.000000 180.000000 144.199280 0.000000 -0.000000 0.000000 19.999994 -0.000003 -41.143963 0.000001 -0.000001 -61.715942 0.000003 0.000002 -41.102814
-182.585739 4.848249 281.741089 111.716148 -177.000275 179.869598 168.793686 -168.773193 176.277985 33.216019 -4.898324 10.899524 175.038559 157.984360 179.927597 151.415146 171.917770 173.756424 12.457296 16.962910 -2.910557 63.601757 -34.652096 2.128839 176.316437 175.612152 -179.479477 176.317261 175.661423 -178.941101 162.618103 176.498734 -179.987473 179.999924 179.822845 179.842117 179.999893 179.793320 179.836456 0.049413 0.152146 -0.095431 1.523251 -7.257049 6.918303 10.750180 7.815198 77.256340 16.615459 4.590796 5.025886 176.704102 179.103104 170.416031 26.593451 58.091900 -8.943240 0.000000 -0.000000 34.279343 0.000000 -0.000000 12.657310 0.000000 0.000000 -0.000003 15.000006 0.000001 25.527470 0.000003 -0.000001 20.886097 0.000000 0.000002 14.620269 0.000000 0.000000 -0.000003 0.000005 -0.000003 27.778938 180.000000 -179.999985 -149.335876 0.000006 -0.000004 20.422306 0.000000 0.000000 -0.000003 170.000000 179.999985 -151.904526 0.000003 -0.000002 32.643204 180.000000 180.000000 -158.259628 0.000000 0.000000 -0.000003 160.000015 180.000000 -158.408035 0.000004 0.000001 32.387936 0.000000 -0.000000 21.570370 0.836723 -7.085169 -7.748207 145.770569 177.224792 111.092285 157.458984 -177.066666 177.125610 1.442102 -34.209984 26.597151 125.559425 121.118965 164.365692 0.000000 0.000000 -35.912579 180.000000 180.000000 166.706879 0.000000 -0.000000 0.000000 165.000015 180.000000 140.594757 0.000003 0.000001 -32.240643 0.000003 0.000001 -22.568455 0.000000 -0.000000 0.000000 0.000003 0.000001 -37.401016 0.000002 0.000003 -54.140995 180.000000 180.000000 143.552505 0.000000 -0.000000 0.000000 9.999996 -0.000000 -35.644676 0.000002 0.000003 -53.467014 180.000000 180.000000 144.390961 0.000000 -0.000000 0.000000 20.000000 -0.000001 -40.820644 180.000000 -179.999985 118.769043 180.000000 180.000000 139.220184
-182.595963 4.891734 281.778290 112.081192 -176.739868 179.796600 169.177353 -169.480530 176.495361 33.360870 -5.035450 10.556520 174.108383 157.973541 179.602036 151.565247 171.175446 174.019470 12.284034 17.894894 -3.048940 64.277466 -34.057674 0.358714 176.298431 175.592926 -179.500748 176.299255 175.643204 -178.974701 162.537308 176.504639 179.960785 179.999878 179.765228 179.848343 179.999863 179.726105 179.842896 179.805969 179.798599 179.907532 1.367120 -7.181642 6.969884 10.256183 8.052758 77.253426 16.586323 4.791034 5.114990 176.680481 179.049316 170.473373 26.385017 57.942646 -9.142180 0.000000 -0.000000 34.296677 0.000000 0.000000 12.675106 0.000000 -0.000000 0.000000 15.000002 -0.000001 25.489676 0.000001 0.000003 20.855185 0.000000 -0.000000 14.598628 0.000000 -0.000000 0.000000 180.000000 -180.000000 -152.246948 0.000000 -0.000000 30.519192 180.000000 -180.000000 -159.674225 0.000000 -0.000000 0.000000 170.000000 -180.000000 -151.923264 0.000001 0.000004 32.513245 180.000000 -179.999985 -158.346191 0.000000 -0.000000 0.000000 160.000015 180.000000 -158.492569 0.000003 -0.000001 32.261127 0.000003 -0.000001 21.485912 0.698720 -7.028336 -7.655514 145.728943 176.962769 110.796280 157.794708 -177.132065 177.157639 1.441021 -34.093296 26.101690 126.102737 121.189087 164.841476 180.000000 -179.999985 143.945160 180.000000 -180.000000 166.573441 0.000000 -0.000000 0.000000 165.000000 -179.999985 140.825409 0.000000 0.000000 -32.051949 0.000003 0.000004 -22.436357 0.000000 -0.000000 0.000000 180.000000 -179.999985 143.074875 180.000000 -179.999985 125.903648 0.000001 -0.000002 -36.286049 0.000000 -0.000000 0.000000 10.000004 0.000001 -35.397701 180.000000 180.000000 126.903427 0.000000 0.000000 -35.362309 0.000000 -0.000000 0.000000 20.000002 -0.000005 -40.489151 179.999985 -179.999985 119.266266 180.000000 180.000000 139.551331
-182.602051 4.946620 281.814178 112.413353 -176.466995 179.713867 169.630951 -170.179886 176.708969 33.802345 -4.928891 10.224647 172.831543 158.119995 179.312408 151.700653 170.497452 174.289444 12.103745 18.813623 -3.179985 64.847557 -32.812275 -1.668647 176.285538 175.585007 -179.521835 176.286316 175.636200 -179.008804 162.481110 176.518600 179.913574 179.999847 179.694077 179.850571 179.999817 179.643097 179.845184 179.594849 179.737610 179.907654 1.254109 -7.104458 7.019053 9.686435 8.328859 77.236725 16.528770 4.919182 5.191932 176.648254 178.934433 170.534821 26.009270 57.764782 -9.477243 180.000000 180.000000 -145.690277 180.000000 -180.000000 -167.305893 0.000000 -0.000000 0.000000 15.000000 0.000003 25.454378 180.000000 -180.000000 -159.173691 0.000007 -0.000001 14.578417 0.000000 -0.000000 0.000000 0.000001 0.000005 27.727993 0.000001 0.000004 30.380955 180.000000 179.999985 -159.766281 0.000000 -0.000000 0.000000 170.000000 -179.999985 -151.951477 0.000002 0.000000 32.321060 180.000000 -180.000000 -158.474167 0.000000 -0.000000 0.000000 160.000000 180.000000 -158.571716 180.000000 -180.000000 -147.857590 180.000000 -180.000000 -158.593155 0.615989 -6.964819 -7.584843 145.782608 176.672882 110.471222 158.264008 -177.197495 177.180557 1.440972 -34.001572 25.559349 126.951767 121.353157 165.637283 0.000002 0.000002 -36.220512 0.000001 0.000000 -13.583917 0.000000 -0.000000 0.000000 165.000000 -179.999985 141.107071 0.000002 0.000004 -31.821465 180.000000 -180.000000 157.724976 0.000000 -0.000000 0.000000 180.000000 179.999985 143.672653 0.000001 -0.000002 -54.035568 180.000000 -179.999985 143.920807 0.000000 -0.000000 0.000000 9.999999 0.000004 -35.157482 180.000000 180.000000 127.263756 0.000003 0.000002 -35.122334 0.000000 -0.000000 0.000000 20.000004 -0.000000 -40.082939 0.000000 -0.000000 -60.124401 180.000000 -179.999985 139.957153
-182.595520 5.012974 281.839752 112.652908 -176.116913 179.610550 170.171570 -170.979080 176.957397 34.317249 -4.629258 9.813268 171.493927 158.258865 179.123093 151.845139 169.807953 174.548798 11.918240 19.861040 -3.306350 65.291718 -31.118820 -3.902382 176.291763 175.561569 -179.544373 176.292496 175.614182 -179.045502 162.514130 176.524033 179.866318 179.999847 179.613205 179.850449 179.999817 179.548752 179.845062 179.398117 179.668228 179.905914 1.116087 -6.978007 7.081477 9.177087 8.581339 77.218216 16.361820 4.914927 5.211136 176.686569 178.827118 170.575989 26.019989 57.801807 -9.470321 180.000000 -180.000000 -145.717438 180.000000 180.000000 -167.328598 0.000000 -0.000000 0.000000 15.000000 0.000003 25.418154 180.000000 179.999985 -159.203323 0.000003 -0.000004 14.557673 0.000000 -0.000000 0.000000 0.000000 -0.000000 27.701088 0.000001 -0.000002 30.234615 180.000000 180.000000 -159.863754 0.000000 -0.000000 0.000000 170.000000 -180.000000 -151.982513 0.000001 -0.000001 32.114433 0.000000 0.000001 21.388214 0.000000 -0.000000 0.000000 160.000015 -180.000000 -158.629852 0.000000 -0.000000 32.055214 180.000000 -180.000000 -158.651230 0.510226 -6.843892 -7.513322 146.009689 176.404846 110.134354 158.717026 -177.331024 177.218933 1.613479 -34.014149 24.883633 127.203148 121.357437 165.924423 0.000002 -0.000001 -36.117325 0.000000 -0.000002 -13.499235 0.000002 0.000002 0.000000 165.000000 179.999985 141.410355 0.000001 0.000004 -31.573338 0.000000 0.000000 -22.101337 0.000002 0.000002 0.000000 0.000003 0.000001 -35.841228 0.000002 0.000005 -53.761822 0.000003 0.000003 -35.805382 0.000002 0.000002 0.000000 9.999998 0.000004 -34.833233 180.000000 -179.999985 127.750191 0.000004 0.000000 -34.798374 0.000002 0.000002 0.000000 20.000004 0.000004 -39.624008 0.000000 -0.000001 -59.436012 0.000004 0.000000 -39.584396
-182.575745 5.089700 281.854767 112.816528 -175.680573 179.483063 170.758438 -171.922165 177.274933 34.848057 -4.207595 9.339625 170.166199 158.431671 178.994263 151.997040 169.102829 174.814743 11.766712 21.211468 -3.428243 65.795891 -29.640213 -6.391660 176.305161 175.500885 -179.559753 176.305939 175.555313 -179.069061 162.577362 176.497391 179.826660 179.999847 179.547333 179.835800 179.999847 179.471863 179.829910 179.279434 179.611649 179.895523 1.025412 -6.894783 7.125898 8.605314 8.859906 77.177475 16.209736 4.955465 5.238737 176.748672 178.715378 170.624512 25.702381 57.803425 -9.673588 180.000000 180.000000 -145.650604 180.000000 180.000000 -167.260651 0.000000 -0.000000 0.000000 15.000004 -0.000002 25.375517 0.000000 -0.000000 20.761780 0.000003 -0.000000 14.533242 0.000000 -0.000000 0.000000 0.000002 -0.000000 27.668015 0.000001 0.000002 30.057606 0.000003 -0.000003 20.018364 0.000000 -0.000000 0.000000 170.000000 -180.000000 -152.004349 0.000003 -0.000001 31.971777 0.000010 -0.000004 21.293203 0.000000 -0.000000 0.000000 160.000015 -180.000000 -158.729828 0.000001 -0.000004 31.905266 0.000003 -0.000001 21.248909 0.445902 -6.751848 -7.458044 146.448441 176.104248 109.737785 159.198029 -177.465073 177.292709 1.680645 -33.964947 24.243246 128.382965 121.688087 167.112579 0.000000 0.000000 -36.266277 180.000000 -179.999985 166.357300 0.000000 -0.000000 0.000000 165.000015 -179.999985 141.758499 0.000003 0.000001 -31.288496 0.000000 0.000000 -21.901943 0.000000 -0.000000 0.000000 0.000001 -0.000002 -35.604767 180.000000 179.999985 126.592842 0.000000 0.000000 -35.569168 0.000000 -0.000000 0.000000 10.000002 -0.000001 -34.566956 0.000003 0.000002 -51.850437 0.000000 0.000000 -34.532394 0.000000 -0.000000 0.000000 19.999994 0.000003 -39.281769 180.000000 179.999985 121.077332 180.000000 -180.000000 140.757507
-182.549881 5.171867 281.862091 112.908928 -175.267426 179.364105 171.213898 -172.787399 177.574524 35.516510 -3.581672 8.996921 168.868958 158.536118 178.854721 152.082077 168.562073 175.029434 11.680461 22.576435 -3.524200 66.232262 -28.367353 -8.841767 176.326019 175.454498 -179.573822 176.326782 175.510529 -179.091553 162.675797 176.479599 179.795090 179.999847 179.476257 179.817932 179.999847 179.388947 179.811386 179.198120 179.550735 179.883224 0.964357 -6.850442 7.141541 8.133400 9.144228 77.172241 15.947237 4.928315 5.199708 176.907562 178.589233 170.694550 25.482622 57.924198 -9.737859 0.000001 -0.000001 34.468895 180.000000 180.000000 -167.147293 0.000000 -0.000000 0.000000 15.000002 -0.000003 25.371304 180.000000 -179.999985 -159.241653 180.000000 -180.000000 -165.469162 0.000000 -0.000000 0.000000 0.000000 -0.000005 27.651003 180.000000 179.999985 -150.032211 0.000000 -0.000000 19.958555 0.000000 -0.000000 0.000000 170.000000 -180.000000 -152.044754 180.000000 -180.000000 -148.286331 180.000000 180.000000 -158.878693 0.000000 -0.000000 0.000000 160.000015 179.999985 -158.877365 0.000000 -0.000000 31.683950 0.000000 0.000002 21.101505 0.404249 -6.677062 -7.415916 146.973343 175.775284 109.334587 159.828415 -177.420410 177.356583 1.638102 -33.950089 23.598791 129.596115 122.088242 168.367462 0.000001 0.000001 -36.391712 180.000000 -180.000000 166.235229 0.000000 -0.000000 0.000000 165.000000 -180.000000 142.033035 180.000000 -180.000000 148.936111 180.000000 179.999985 158.255280 0.000000 -0.000000 0.000000 0.000005 0.000002 -35.391254 180.000000 -180.000000 126.913124 0.000000 0.000000 -35.355858 0.000000 -0.000000 0.000000 10.000004 0.000000 -34.359192 0.000002 -0.000005 -51.538788 0.000000 0.000000 -34.324825 0.000000 -0.000000 0.000000 20.000002 -0.000001 -38.907574 0.000001 -0.000002 -58.361362 180.000000 180.000000 141.131332
-182.518707 5.252349 281.863586 112.942429 -174.868515 179.234161 171.435989 -173.640533 177.913910 36.097694 -2.926542 8.725561 167.841019 158.302338 178.646912 152.106094 168.259140 175.273743 11.756143 24.276979 -3.602387 66.784607 -27.329939 -11.760735 176.357544 175.421692 -179.586243 176.358322 175.479187 -179.112503 162.824539 176.470093 179.773926 179.999847 179.400208 179.799210 179.999832 179.300232 179.792007 179.130249 179.485519 179.870239 0.861025 -6.757205 7.154473 7.780563 9.382199 77.175629 15.576350 4.859597 5.098507 176.903656 178.485214 170.779633 25.801928 58.052830 -9.468413 0.000000 0.000000 34.444962 0.000000 -0.000000 12.824738 0.000000 -0.000000 0.000000 15.000008 -0.000001 25.369156 0.000001 -0.000002 20.756586 180.000000 180.000000 -165.470383 0.000000 -0.000000 0.000000 180.000000 -179.999985 -152.383575 0.000006 -0.000004 29.787552 180.000000 -180.000000 -160.161484 0.000000 -0.000000 0.000000 170.000000 179.999985 -152.093872 180.000000 179.999985 -148.590622 180.000000 180.000000 -159.081345 0.000000 -0.000000 0.000000 160.000015 179.999985 -158.966583 0.000000 0.000002 31.550119 180.000000 179.999985 -158.987610 0.305332 -6.535466 -7.368391 147.778030 175.429825 108.909004 160.295120 -177.505981 177.429794 1.754376 -34.179119 22.872276 129.134537 122.000031 167.998016 180.000000 180.000000 143.801544 0.000001 -0.000002 -13.586213 0.000000 -0.000000 0.000000 165.000015 179.999985 142.285538 180.000000 179.999985 149.142715 180.000000 -179.999985 158.399902 0.000000 -0.000000 0.000000 0.000003 -0.000004 -35.193207 0.000003 0.000002 -52.789806 0.000000 0.000000 -35.158012 0.000000 -0.000000 0.000000 9.999998 -0.000002 -34.140709 0.000002 0.000003 -51.211071 179.999985 -180.000000 145.893433 0.000000 -0.000000 0.000000 20.000000 0.000003 -38.582554 0.000001 -0.000002 -57.873840 180.000000 180.000000 141.456024
-182.483612 5.324768 281.863434 112.960365 -174.457504 179.076721 171.489090 -174.584015 178.362808 36.768448 -2.163205 8.399151 166.893494 158.101334 178.429916 152.093185 168.188126 175.640244 12.028491 26.537977 -3.679797 67.515572 -26.766455 -15.009993 176.386887 175.364044 -179.587021 176.387680 175.422867 -179.112930 162.958740 176.432556 179.769501 179.999847 179.353607 179.771347 179.999847 179.245850 179.763168 179.119904 179.445602 179.852493 0.774603 -6.738693 7.128440 7.551911 9.603791 77.223427 15.191231 4.808680 4.969287 176.803268 178.428955 170.865356 26.002369 58.192455 -9.265128 0.000001 0.000000 34.457565 0.000000 -0.000000 12.832587 0.000000 -0.000000 0.000000 15.000000 0.000000 25.356325 180.000000 -180.000000 -159.253906 0.000000 -0.000000 14.522254 0.000000 -0.000000 0.000000 0.000003 0.000006 27.575245 0.000004 0.000001 29.576994 0.000003 -0.000003 19.698278 0.000000 -0.000000 0.000000 170.000000 -180.000000 -152.124542 0.000003 0.000003 31.224182 0.000003 -0.000002 20.795311 0.000000 -0.000000 0.000000 160.000015 -179.999985 -159.135941 180.000000 -179.999985 -148.703903 180.000000 180.000000 -159.156815 0.197314 -6.444035 -7.308850 148.646164 175.075684 108.496796 160.785034 -177.418747 177.489777 1.718221 -34.307728 22.225689 129.873123 122.418999 168.849823 0.000002 0.000001 -36.278198 180.000000 179.999985 166.345291 0.000000 -0.000000 0.000000 165.000015 -180.000000 142.496017 0.000003 0.000001 -30.685089 0.000003 0.000001 -21.479563 0.000000 -0.000000 0.000000 0.000002 0.000001 -35.005028 0.000004 0.000008 -52.507542 180.000000 180.000000 145.029984 0.000000 -0.000000 0.000000 10.000000 0.000003 -34.000862 0.000001 -0.000002 -51.001301 0.000000 -0.000001 -33.966862 0.000000 -0.000000 0.000000 20.000002 -0.000001 -38.323235 0.000001 -0.000001 -57.484844 180.000000 -180.000000 141.715088
-182.456421 5.383136 281.870270 113.019730 -174.148193 178.931366 171.312622 -175.392609 178.796783 37.672340 -1.261597 8.166681 165.833160 157.652573 178.137604 151.996948 168.390289 176.052521 12.409282 28.862644 -3.737849 68.330673 -26.523190 -18.354609 176.404984 175.333130 -179.587997 176.405762 175.392715 -179.114243 163.041901 176.412979 179.766953 179.999893 179.314148 179.752762 179.999878 179.199829 179.743927 179.118439 179.411850 179.840698 0.723354 -6.791134 7.084745 7.415797 9.840473 77.310539 14.858911 4.751002 4.860086 176.655380 178.368546 170.933167 26.174789 58.282406 -9.124064 180.000000 -180.000000 -145.580170 0.000000 -0.000000 12.796719 0.000000 -0.000000 0.000000 15.000002 0.000003 25.356916 180.000000 179.999985 -159.253448 0.000004 0.000001 14.522595 0.000000 -0.000000 0.000000 180.000000 180.000000 -152.434875 180.000000 -180.000000 -150.474136 0.000000 0.000001 19.664225 0.000000 -0.000000 0.000000 170.000000 -179.999985 -152.172684 0.000000 0.000001 30.940872 180.000000 179.999985 -159.393372 0.000000 -0.000000 0.000000 160.000015 -180.000000 -159.286514 0.000000 -0.000000 31.070236 0.000003 -0.000001 20.692780 0.101660 -6.398505 -7.223698 149.599045 174.625259 108.063065 161.292419 -177.194733 177.544281 1.539715 -34.411861 21.553991 130.047623 122.765533 169.167389 0.000003 -0.000000 -36.326786 0.000000 -0.000001 -13.684569 0.000000 -0.000000 0.000000 165.000015 -179.999985 142.606308 0.000002 0.000004 -30.594845 180.000000 -180.000000 158.583618 0.000000 -0.000000 0.000000 180.000000 180.000000 145.089340 180.000000 180.000000 127.634010 180.000000 -179.999985 145.124252 0.000000 -0.000000 0.000000 10.000000 -0.000002 -33.834915 0.000003 0.000002 -50.752384 0.000000 -0.000001 -33.801083 0.000000 -0.000000 0.000000 20.000000 -0.000002 -38.151005 0.000001 -0.000002 -57.226498 0.000000 -0.000000 -38.112850
-182.441544 5.424615 281.892700 113.207924 -173.916977 178.777451 170.928955 -176.022034 179.166580 38.472755 -0.405357 8.065636 164.903854 156.365540 177.605850 151.780334 168.942352 176.606674 12.861578 31.590860 -3.831241 69.234161 -26.377851 -22.092049 176.406830 175.326279 -179.589584 176.407623 175.386063 -179.116669 163.050720 176.409851 179.763184 179.999985 179.279678 179.749313 179.999985 179.159637 179.740356 179.069199 179.382401 179.837723 0.630203 -6.815980 7.067082 7.395856 10.034693 77.412254 14.544375 4.634973 4.755818 176.412369 178.313202 170.956543 26.608841 58.284554 -8.848096 180.000000 180.000000 -145.684891 180.000000 180.000000 -167.307434 0.000000 -0.000000 0.000000 15.000000 -0.000002 25.414677 0.000000 -0.000000 20.793827 0.000000 -0.000000 14.555677 0.000000 -0.000000 0.000000 180.000000 -179.999985 -152.492340 0.000000 -0.000000 29.240347 180.000000 179.999985 -160.525925 0.000000 -0.000000 0.000000 170.000000 -180.000000 -152.217743 180.000000 -179.999985 -149.317230 0.000003 -0.000001 20.434732 0.000000 -0.000000 0.000000 160.000015 -179.999985 -159.346497 180.000000 180.000000 -149.019745 0.000004 0.000001 20.632847 179.955612 -173.672989 172.890518 150.529724 174.109085 107.674034 161.596451 -176.998245 177.594574 1.557647 -34.767994 20.764671 128.675873 122.376213 167.851242 0.000001 0.000001 -36.055275 180.000000 180.000000 166.571396 0.000000 -0.000000 0.000000 165.000000 180.000000 142.815460 180.000000 -180.000000 149.576294 0.000000 0.000000 -21.296593 0.000000 -0.000000 0.000000 179.999985 -180.000000 145.176193 0.000004 -0.000000 -52.235710 180.000000 180.000000 145.211029 0.000000 -0.000000 0.000000 10.000000 0.000001 -33.737751 0.000000 0.000000 -50.606625 180.000000 -179.999985 146.295990 0.000000 -0.000000 0.000000 20.000004 -0.000002 -37.992039 0.000001 -0.000001 -56.988041 180.000000 -179.999985 142.045975
-182.433456 5.450408 281.924530 113.447517 -173.714264 178.618362 170.487640 -176.574203 179.505432 39.232006 0.412307 8.052894 164.038971 154.822708 176.887283 151.511429 169.479965 177.132019 13.415228 34.614552 -3.879780 70.306908 -26.525536 -26.019136 176.399765 175.302872 -179.587387 176.400574 175.362869 -179.111649 163.015747 176.391632 179.759933 0.000062 0.723823 -0.251390 0.000055 0.844454 -0.260366 179.011719 179.379654 179.836853 0.568867 -6.889669 7.042794 7.475745 10.175480 77.523628 14.209393 4.530567 4.582853 176.156418 178.333923 171.012604 27.050438 58.397038 -8.554828 180.000000 -180.000000 -145.844421 180.000000 -180.000000 -167.455261 0.000000 -0.000000 0.000000 15.000002 0.000001 25.272818 180.000000 -179.999985 -159.322250 180.000000 179.999985 -165.525558 0.000000 -0.000000 0.000000 180.000000 -180.000000 -152.489243 0.000000 0.000002 29.255589 0.000003 -0.000004 19.484219 0.000000 -0.000000 0.000000 170.000000 -179.999985 -152.233612 0.000000 -0.000000 30.593670 180.000000 -180.000000 -159.624603 0.000000 -0.000000 0.000000 160.000015 -180.000000 -159.298798 0.000003 0.000003 31.051823 0.000001 0.000003 20.680508 179.827621 -173.674942 172.993866 151.389145 173.533951 107.333984 161.798752 -176.839737 177.633224 1.502643 -35.034084 20.043077 127.997810 122.359886 167.245880 0.000001 -0.000001 -36.006557 0.000001 -0.000002 -13.369008 0.000000 -0.000000 0.000000 165.000015 -179.999985 142.877472 0.000000 0.000000 -30.372971 180.000000 -180.000000 158.738922 0.000000 -0.000000 0.000000 180.000000 179.999985 145.371552 0.000002 0.000005 -51.942684 180.000000 180.000000 145.406158 0.000000 -0.000000 0.000000 10.000003 0.000001 -33.643593 0.000001 -0.000002 -50.465389 180.000000 -180.000000 146.390030 0.000000 -0.000000 0.000000 20.000002 -0.000002 -37.707897 0.000004 0.000000 -56.561863 180.000000 180.000000 142.329803
-182.433456 5.463548 281.966583 113.756790 -173.570953 178.452438 170.056198 -176.958939 179.774612 40.002708 1.308977 8.204033 163.183990 152.566299 175.735214 151.342270 170.451721 177.879501 13.711405 37.904362 -4.069890 71.231491 -26.642601 -29.563303 176.387894 175.280029 -179.585220 176.388702 175.340179 -179.106415 162.958084 176.373688 179.755081 0.000097 0.716961 -0.232812 0.000098 0.836439 -0.241121 178.878357 179.385864 179.847031 0.527765 -7.003890 7.030381 7.604081 10.264055 77.637329 13.952525 4.414616 4.436643 176.080093 178.358459 171.064041 27.311964 58.603085 -8.361905 0.000000 -0.000000 34.000973 180.000000 180.000000 -167.589676 0.000000 -0.000000 0.000000 15.000002 -0.000002 25.270161 0.000000 0.000002 20.675583 0.000000 0.000002 14.472910 0.000000 -0.000000 0.000000 180.000000 180.000000 -152.544373 180.000000 180.000000 -151.011597 180.000000 179.999985 -160.693726 0.000000 -0.000000 0.000000 170.000000 180.000000 -152.254959 0.000002 -0.000004 30.474802 0.000000 -0.000000 20.296219 0.000000 -0.000000 0.000000 160.000015 -179.999985 -159.500977 0.000002 0.000001 30.748545 180.000000 -180.000000 -159.521469 179.709366 -173.610031 173.093521 152.012543 172.841125 107.074333 161.996170 -176.535507 177.655228 1.342786 -35.135262 19.341360 127.084587 122.059509 166.304611 180.000000 180.000000 144.117935 0.000002 0.000000 -13.252950 0.000000 -0.000000 0.000000 165.000015 -180.000000 142.991684 180.000000 -179.999985 149.720474 0.000000 0.000000 -21.195660 0.000000 -0.000000 0.000000 0.000005 0.000001 -34.490616 0.000003 0.000001 -51.735931 180.000000 -179.999985 145.543869 0.000000 -0.000000 0.000000 9.999997 -0.000000 -33.426937 180.000000 -179.999985 129.859619 180.000000 -179.999985 146.606506 0.000000 -0.000000 0.000000 20.000002 -0.000000 -37.472168 0.000003 0.000002 -56.208233 0.000003 0.000001 -37.434677
-182.443741 5.467652 282.020935 114.162224 -173.497177 178.285278 169.967972 -177.724792 -179.792236 40.193676 1.814618 7.866782 162.510193 149.047028 174.020020 151.259888 171.659790 178.707779 13.781022 41.454887 -4.323292 72.150482 -26.800007 -33.085125 176.371689 175.274323 -179.584763 176.372513 175.334335 -179.104492 162.881546 176.368851 179.749176 0.000115 0.709590 -0.202644 0.000120 0.827833 -0.209871 178.648254 179.392563 179.863205 0.438718 -7.066857 7.058709 7.757060 10.286300 77.725616 13.800175 4.354900 4.293017 176.058456 178.424179 171.087006 27.491627 58.605297 -8.238110 180.000000 180.000000 -146.027084 0.000000 -0.000000 12.380901 0.000000 -0.000000 0.000000 15.000000 -0.000000 25.187403 180.000000 -179.999985 -159.392120 180.000000 180.000000 -165.574478 0.000000 -0.000000 0.000000 0.000002 0.000001 27.430613 180.000000 180.000000 -151.130600 180.000000 180.000000 -160.772980 0.000000 -0.000000 0.000000 170.000000 180.000000 -152.267166 180.000000 180.000000 -149.592438 180.000000 179.999985 -159.748566 0.000000 -0.000000 0.000000 160.000015 -179.999985 -159.458450 180.000000 179.999985 -149.187668 0.000000 -0.000000 20.521011 179.551987 -173.557541 173.191422 152.514755 172.056396 106.895416 161.941711 -176.381775 177.674606 1.361951 -35.379524 18.634718 125.913582 121.502060 165.052536 0.000002 -0.000003 -35.608845 180.000000 180.000000 166.982590 0.000000 -0.000000 0.000000 165.000000 -179.999985 143.289551 180.000000 -179.999985 149.964172 0.000003 0.000001 -21.025070 0.000000 -0.000000 0.000000 0.000004 0.000003 -34.218979 180.000000 -179.999985 128.671539 0.000004 -0.000001 -34.184753 0.000000 -0.000000 0.000000 10.000002 -0.000005 -33.178822 0.000004 -0.000001 -49.768223 0.000000 -0.000001 -33.145630 0.000000 -0.000000 0.000000 20.000002 -0.000000 -37.068851 180.000000 -180.000000 124.396744 0.000000 -0.000001 -37.031765
-182.457962 5.466636 282.077911 114.539688 -173.450775 178.138855 170.107620 -178.528107 -179.370743 40.119953 2.212492 7.474070 161.952667 145.423523 172.059128 151.376389 173.190628 179.628387 13.690897 45.551414 -4.599483 73.141457 -27.076208 -36.554703 176.361191 175.267075 -179.584167 176.362015 175.327042 -179.102661 162.831680 176.362885 179.744965 0.000072 0.691472 -0.183938 0.000086 0.806703 -0.190497 178.402908 179.408508 179.872330 0.407543 -7.097717 7.087262 7.915762 10.210320 77.768784 13.658592 4.288778 4.153348 176.113525 178.450378 171.076981 27.778297 58.838383 -7.986191 180.000000 180.000000 -146.124817 0.000000 0.000000 12.295480 0.000000 -0.000000 0.000000 15.000008 -0.000001 25.334644 0.000000 -0.000000 20.728348 0.000000 0.000003 14.509842 0.000000 -0.000000 0.000000 0.000002 -0.000000 27.485176 0.000002 -0.000000 29.130812 180.000000 -180.000000 -160.598877 0.000000 -0.000000 0.000000 170.000000 -180.000000 -152.242401 180.000000 -180.000000 -149.455475 0.000003 -0.000001 20.342649 0.000000 -0.000000 0.000000 160.000000 179.999985 -159.444092 180.000000 180.000000 -149.166122 180.000000 180.000000 -159.464645 179.463821 -173.494965 173.229736 152.723328 171.311768 106.828362 161.876801 -176.246414 177.676559 1.330888 -35.527130 18.096479 125.355019 121.139671 164.392334 0.000002 -0.000001 -35.495674 0.000001 0.000001 -12.926396 0.000003 -0.000000 0.000000 165.000000 179.999985 143.582504 0.000000 -0.000002 -29.796129 180.000000 180.000000 159.142731 0.000003 -0.000000 0.000000 0.000003 -0.000004 -33.965576 180.000000 180.000000 129.051636 0.000003 0.000003 -33.931599 0.000003 -0.000000 0.000000 10.000003 -0.000003 -32.893688 0.000001 -0.000002 -49.340527 180.000000 179.999985 147.139221 0.000003 -0.000000 0.000000 20.000000 -0.000001 -36.715771 180.000000 180.000000 124.926331 0.000000 0.000000 -36.679073
-182.479050 5.464187 282.144440 115.004486 -173.465179 177.976532 170.165115 -179.272675 -178.926651 40.041046 2.650456 7.108964 161.359711 141.363144 169.798508 151.472885 174.694855 -179.525085 13.464081 49.265480 -4.842654 74.017715 -27.363134 -39.413311 176.344666 175.271881 -179.572754 176.345505 175.331024 -179.083008 162.751572 176.354874 179.762558 0.000054 0.674780 -0.168355 0.000056 0.787231 -0.174357 178.110931 179.423325 179.879166 0.423863 -7.125249 7.103958 7.945146 10.095588 77.795525 13.654439 4.415912 3.995419 176.157471 178.590546 171.099289 28.182137 59.167854 -7.615884 0.000000 -0.000000 33.762695 180.000000 180.000000 -167.802856 0.000000 -0.000000 0.000000 15.000004 0.000003 25.161734 180.000000 -180.000000 -159.413132 180.000000 -180.000000 -165.589188 0.000000 -0.000000 0.000000 0.000000 -0.000000 27.447987 0.000003 -0.000003 28.951904 180.000000 180.000000 -160.718033 0.000000 -0.000000 0.000000 170.000000 -179.999985 -152.189423 0.000001 -0.000008 30.844130 0.000007 -0.000001 20.542196 0.000000 -0.000000 0.000000 160.000015 -179.999985 -159.415237 0.000001 0.000005 30.877165 180.000000 -179.999985 -159.435806 179.430420 -173.428467 173.217926 152.738235 170.610657 106.840401 161.875244 -176.050964 177.656479 1.194606 -35.497379 17.734257 125.410522 121.013603 164.397827 180.000000 -180.000000 144.543686 0.000003 0.000005 -12.900707 0.000000 -0.000000 0.000000 165.000015 180.000000 143.847687 180.000000 179.999985 150.420837 180.000000 -180.000000 159.294601 0.000000 -0.000000 0.000000 180.000000 -180.000000 146.256699 180.000000 -179.999985 129.385040 0.000007 0.000002 -33.709568 0.000000 -0.000000 0.000000 10.000001 0.000004 -32.712513 0.000003 0.000002 -49.068779 0.000006 0.000003 -32.679813 0.000000 -0.000000 0.000000 20.000002 -0.000005 -36.388798 180.000000 -179.999985 125.416794 180.000000 -180.000000 143.647583
-182.503525 5.463619 282.216614 115.517296 -173.506241 177.801514 170.282883 179.752869 -178.379990 39.776505 2.802155 6.453887 160.682037 136.850479 167.543427 151.611984 176.675110 -178.566010 12.936958 53.194042 -5.208938 74.815392 -27.636324 -41.861359 176.331238 175.279724 -179.555176 176.332108 175.337769 -179.053375 162.684799 176.343109 179.793945 0.000032 0.664122 -0.155368 0.000039 0.774812 -0.160905 177.773834 179.432953 179.883865 0.387314 -7.117457 7.148047 7.873822 9.954615 77.797348 13.908880 4.730713 3.926841 176.108963 178.728592 171.022888 28.205137 59.102413 -7.601460 180.000000 180.000000 -146.197815 0.000000 -0.000000 12.227901 0.000000 -0.000000 0.000000 15.000004 -0.000001 25.102610 180.000000 -179.999985 -159.461487 180.000000 -180.000000 -165.623062 0.000000 -0.000000 0.000000 0.000003 -0.000001 27.452112 180.000000 179.999985 -151.028366 180.000000 180.000000 -160.704895 0.000000 -0.000000 0.000000 170.000000 180.000000 -152.214279 0.000004 -0.000000 30.702431 180.000000 180.000000 -159.552185 0.000000 -0.000000 0.000000 160.000000 180.000000 -159.271759 0.000000 -0.000000 31.092342 0.000000 0.000002 20.707499 179.362152 -173.404617 173.206955 152.792130 169.975815 106.883728 161.740433 -176.013107 177.635437 1.175011 -35.594025 17.429932 125.260094 120.931602 164.256439 180.000000 180.000000 144.630814 0.000000 0.000000 -12.826963 0.000003 -0.000003 -0.000000 165.000000 -179.999985 144.015167 0.000002 0.000004 -29.442125 180.000000 180.000000 159.390503 0.000003 -0.000003 -0.000000 0.000001 0.000004 -33.573090 0.000001 -0.000003 -50.359623 180.000000 -179.999985 146.460495 0.000003 -0.000003 -0.000000 10.000002 0.000004 -32.531471 0.000000 0.000000 -48.797188 0.000003 0.000003 -32.498936 0.000003 -0.000003 -0.000000 20.000006 -0.000005 -36.143082 180.000000 179.999985 125.785378 180.000000 180.000000 143.893051
-182.526779 5.466837 282.285065 115.985054 -173.566818 177.640076 170.413574 178.624313 -177.777603 39.382118 2.804299 5.616345 160.267044 133.263489 165.836853 151.688660 178.596008 -177.846588 12.578729 56.879566 -5.380336 75.596733 -27.939960 -43.954781 176.320633 175.290207 -179.532211 176.321518 175.346893 -179.015045 162.630081 176.328156 179.837418 0.000011 0.654049 -0.157891 0.000021 0.763068 -0.163527 177.485748 179.442139 179.879593 0.436644 -7.095379 7.176662 8.169238 9.705507 77.696129 14.053365 4.662702 3.927013 176.145065 178.738449 170.876404 28.563932 59.395367 -7.262798 0.000000 -0.000000 33.716621 180.000000 -180.000000 -167.846939 0.000000 -0.000000 0.000000 14.999999 0.000003 25.063208 180.000000 180.000000 -159.493744 180.000000 179.999985 -165.645630 0.000000 -0.000000 0.000000 0.000004 0.000001 27.470360 0.000003 -0.000001 29.059187 0.000003 -0.000001 19.353420 0.000000 -0.000000 0.000000 170.000000 180.000000 -152.158722 0.000003 -0.000002 31.022095 0.000003 -0.000001 20.660717 0.000000 -0.000000 0.000000 160.000015 -180.000000 -159.172424 0.000001 -0.000002 31.241358 0.000004 0.000001 20.806747 179.388763 -173.422882 173.172867 152.785599 169.531189 106.943092 161.675980 -175.916733 177.618973 1.120381 -35.570663 17.240639 126.146179 121.228142 165.225845 0.000002 -0.000001 -35.407661 0.000000 -0.000002 -12.864627 0.000000 -0.000000 0.000000 165.000015 -180.000000 144.146454 0.000002 -0.000001 -29.334723 0.000006 0.000003 -20.534306 0.000000 -0.000000 0.000000 0.000000 0.000000 -33.504971 180.000000 -179.999985 129.742538 180.000000 180.000000 146.528534 0.000000 -0.000000 0.000000 10.000001 0.000001 -32.453823 0.000001 -0.000002 -48.680733 180.000000 180.000000 147.578629 0.000000 -0.000000 0.000000 20.000002 -0.000000 -36.054104 180.000000 179.999985 125.918839 0.000003 0.000001 -36.018055
-182.544922 5.474450 282.342224 116.348488 -173.623734 177.510284 170.246857 177.985214 -177.466171 39.247387 3.084139 5.310199 160.471252 131.054016 165.175995 151.705826 -179.654388 -177.327850 12.357666 59.859978 -5.416626 76.169426 -28.173664 -45.359043 176.325150 175.295197 -179.510925 176.326050 175.350937 -178.980072 162.646484 176.311707 179.881760 0.000001 0.649932 -0.160555 180.000000 179.241745 179.833710 177.206985 179.446243 179.875244 0.445731 -7.088498 7.196274 8.741770 9.436510 77.555603 14.211846 4.499584 3.948972 176.119766 178.862061 170.749268 29.004705 59.819618 -6.822393 180.000000 180.000000 -146.391815 0.000000 -0.000000 12.060806 0.000000 -0.000000 0.000000 15.000002 -0.000004 25.123894 180.000000 180.000000 -159.444092 0.000000 -0.000000 14.389139 0.000000 -0.000000 0.000000 0.000000 -0.000000 27.518335 180.000000 -180.000000 -150.707123 0.000004 0.000001 19.509047 0.000000 -0.000000 0.000000 170.000000 -179.999985 -152.129486 180.000000 179.999985 -148.805313 180.000000 179.999985 -159.224335 0.000000 -0.000000 0.000000 160.000015 -179.999985 -159.083588 180.000000 179.999985 -148.625366 180.000000 179.999985 -159.104507 179.505341 -173.458542 173.120682 152.867661 169.240082 106.980446 161.700897 -175.807098 177.603012 1.009202 -35.533524 17.092628 127.255524 121.664536 166.470856 0.000001 -0.000003 -35.445030 180.000000 -179.999985 167.099640 0.000003 -0.000000 0.000003 165.000015 180.000000 144.201233 180.000000 -179.999985 150.710098 180.000000 179.999985 159.497070 0.000003 -0.000000 0.000003 0.000002 -0.000007 -33.479710 0.000001 -0.000002 -50.219555 180.000000 -180.000000 146.553787 0.000003 -0.000000 0.000003 10.000005 -0.000001 -32.420753 0.000002 0.000003 -48.631123 0.000000 -0.000001 -32.388329 0.000003 -0.000000 0.000003 20.000004 -0.000005 -36.014725 180.000000 -179.999985 125.977905 0.000000 0.000000 -35.978710
-182.560806 5.486596 282.394562 116.711708 -173.681488 177.380890 169.913254 177.489471 -177.210312 39.127682 3.363278 5.080482 161.200226 129.637558 165.269897 151.527084 -177.929321 -176.972733 12.571137 62.314705 -5.052103 76.488892 -28.292786 -46.188087 176.333145 175.295670 -179.488327 176.334091 175.350632 -178.942871 162.678726 176.291260 179.929123 179.999985 179.341827 179.847382 179.999985 179.232117 179.841919 176.928680 179.439346 179.876785 0.533118 -7.079638 7.227464 9.241886 9.164551 77.384987 14.492017 4.514309 3.960834 176.060287 179.071152 170.623764 28.834682 59.643341 -6.967540 0.000000 0.000000 33.709396 180.000000 -180.000000 -167.854218 0.000000 -0.000000 0.000000 15.000008 0.000004 25.065079 0.000001 -0.000005 20.507797 180.000000 179.999985 -165.644547 0.000000 -0.000000 0.000000 180.000000 179.999985 -152.467285 0.000000 0.000002 29.363966 0.000003 -0.000001 19.556395 0.000000 -0.000000 0.000000 170.000000 179.999985 -152.100754 0.000000 0.000002 31.367487 0.000003 -0.000001 20.890747 0.000000 -0.000000 0.000000 160.000000 -179.999985 -158.910126 0.000002 0.000001 31.634796 180.000000 -180.000000 -158.931213 179.577469 -173.504364 173.102707 153.195465 169.050369 106.976028 161.652817 -175.836929 177.589615 0.966798 -35.691227 16.937481 126.989227 121.632843 166.237915 0.000003 -0.000003 -35.383339 0.000000 0.000000 -12.842594 0.000000 -0.000000 0.000000 165.000015 -179.999985 144.253113 180.000000 -179.999985 150.752548 180.000000 180.000000 159.526779 0.000000 -0.000000 0.000000 0.000001 0.000004 -33.471889 180.000000 180.000000 129.792160 180.000000 -180.000000 146.561569 0.000000 -0.000000 0.000000 9.999997 0.000004 -32.409271 180.000000 180.000000 131.386093 0.000000 -0.000001 -32.376862 0.000000 -0.000000 0.000000 20.000008 0.000001 -36.011772 0.000002 0.000003 -54.017677 180.000000 -180.000000 144.024231
-182.568527 5.502000 282.428833 116.895203 -173.712341 177.307571 169.624161 176.670273 -176.875931 39.024807 3.460665 4.519944 162.372192 129.699646 166.193893 151.402939 -176.058990 -176.766632 13.292404 64.581039 -4.145009 76.604202 -28.309446 -46.634312 176.356766 175.286499 -179.476776 176.357712 175.341446 -178.924530 162.786194 176.275543 179.958069 179.999969 179.318466 179.854904 179.999954 179.204880 179.849701 176.740723 179.419235 179.878281 0.702811 -7.076917 7.254190 10.075109 8.828482 77.162857 14.588504 4.186236 3.983964 176.116776 179.066940 170.439468 29.141562 59.924690 -6.626938 0.000001 0.000000 33.709721 0.000000 0.000000 12.144887 0.000000 -0.000000 0.000000 15.000000 -0.000001 25.050850 180.000000 180.000000 -159.503845 180.000000 179.999985 -165.652695 0.000000 -0.000000 0.000000 0.000002 0.000001 27.562872 0.000001 0.000002 29.514584 0.000003 -0.000002 19.656715 0.000000 -0.000000 0.000000 170.000000 -180.000000 -152.037552 180.000000 -179.999985 -148.240829 180.000000 -179.999985 -158.848404 0.000000 -0.000000 0.000000 160.000000 179.999985 -158.792633 0.000000 -0.000000 31.811029 180.000000 -180.000000 -158.813858 179.734833 -173.557968 173.095276 153.552933 168.981308 106.934761 161.659988 -175.738602 177.577423 0.887486 -35.740311 16.806273 127.808929 121.945244 167.166229 0.000001 0.000000 -35.374649 0.000002 -0.000001 -12.839110 0.000000 -0.000000 0.000000 165.000015 180.000000 144.321655 180.000000 -179.999985 150.808624 0.000003 0.000002 -20.433968 0.000000 -0.000000 0.000000 180.000000 -180.000000 146.570389 0.000000 -0.000001 -50.144424 180.000000 -179.999985 146.603806 0.000000 -0.000000 0.000000 10.000000 -0.000004 -32.402355 0.000003 0.000001 -48.603535 0.000000 0.000000 -32.369957 0.000000 -0.000000 0.000000 19.999998 0.000002 -35.937237 180.000000 -180.000000 126.094147 179.999985 -179.999985 144.098694
-182.570831 5.518482 282.450226 116.976852 -173.727051 177.266937 169.305252 176.016235 -176.628983 38.939404 3.706581 4.099263 163.760986 131.031876 167.483444 151.253372 -174.469498 -176.722900 14.453543 66.133835 -2.808128 76.482330 -28.217770 -46.592529 176.389069 175.269852 -179.473282 176.390015 175.325363 -178.919815 162.935913 176.262787 179.972595 179.999924 179.287872 179.873093 179.999908 179.169205 179.868530 176.587906 179.392563 179.886124 0.964400 -7.086432 7.272063 11.221405 8.416020 76.910645 14.544280 3.620982 4.003552 176.096695 179.190216 170.288269 29.587366 60.291801 -6.147129 180.000000 -180.000000 -146.295822 180.000000 -180.000000 -167.862305 0.000000 -0.000000 0.000000 15.000004 0.000001 25.146410 0.000004 -0.000004 20.574343 0.000003 -0.000000 14.402040 0.000000 -0.000000 0.000000 0.000001 0.000003 27.622030 0.000001 -0.000002 29.816532 0.000000 0.000001 19.857807 0.000000 -0.000000 0.000000 170.000000 -179.999985 -152.008423 0.000002 -0.000004 31.945402 180.000000 180.000000 -158.724365 0.000000 -0.000000 0.000000 160.000000 179.999985 -158.697784 180.000000 -180.000000 -148.046661 180.000000 180.000000 -158.719070 179.983459 -173.616867 173.090698 153.976135 168.982315 106.856361 161.711746 -175.565689 177.569122 0.731341 -35.732193 16.695524 128.134659 122.100014 167.566925 180.000000 180.000000 144.662888 0.000004 -0.000001 -12.807187 0.000000 -0.000000 0.000000 165.000015 180.000000 144.351196 0.000002 0.000000 -29.167192 180.000000 179.999985 159.582977 0.000000 -0.000000 0.000000 180.000000 -180.000000 146.570786 0.000000 0.000000 -50.143814 0.000003 0.000001 -33.395779 0.000000 -0.000000 0.000000 10.000001 -0.000002 -32.367039 0.000003 0.000009 -48.550560 180.000000 -180.000000 147.665329 0.000000 -0.000000 0.000000 20.000004 0.000002 -35.996906 180.000000 180.000000 126.004631 0.000004 0.000000 -35.960903
-182.576553 5.532193 282.471680 117.092964 -173.774017 177.254440 168.905380 175.402969 -176.416779 38.865459 3.867556 3.634700 165.090881 132.957764 168.943207 150.984467 -172.948059 -176.855011 15.983670 67.037216 -0.997828 76.096954 -28.009985 -45.962090 176.418152 175.262390 -179.476013 176.419113 175.318558 -178.925629 163.072601 176.262054 179.975800 179.999863 179.243683 179.904938 179.999847 179.117661 179.901520 176.430084 179.353668 179.901382 1.132056 -7.117905 7.300960 12.104228 8.085467 76.752586 14.719314 3.584991 3.969559 175.976730 179.406723 170.164413 29.257563 59.948387 -6.462729 0.000000 -0.000000 33.839207 0.000000 -0.000000 12.251128 0.000000 -0.000000 0.000000 15.000000 -0.000003 25.133125 0.000002 -0.000000 20.563461 0.000004 0.000001 14.394425 0.000000 -0.000000 0.000000 0.000000 -0.000000 27.644569 180.000000 -179.999985 -150.066025 180.000000 180.000000 -160.063965 0.000000 -0.000000 0.000000 170.000000 -179.999985 -151.982376 180.000000 179.999985 -147.884735 180.000000 -179.999985 -158.611237 0.000000 -0.000000 0.000000 160.000015 -180.000000 -158.532272 180.000000 -179.999985 -147.798416 0.000000 -0.000000 21.446266 0.142138 -6.345091 -6.887555 154.622681 168.989334 106.739830 161.670364 -175.595459 177.561188 0.585119 -35.931465 16.604696 127.109520 121.718781 166.466843 0.000000 0.000002 -35.239689 0.000003 0.000004 -12.718219 0.000000 -0.000000 0.000000 165.000000 179.999985 144.388321 180.000000 180.000000 150.863174 180.000000 -179.999985 159.604218 0.000000 -0.000000 0.000000 0.000003 0.000003 -33.449772 180.000000 180.000000 129.825333 180.000000 -179.999985 146.583679 0.000000 -0.000000 0.000000 10.000001 -0.000001 -32.378414 180.000000 180.000000 131.432373 0.000003 0.000001 -32.346043 0.000000 -0.000000 0.000000 20.000000 -0.000006 -35.987808 0.000001 -0.000001 -53.981709 180.000000 180.000000 144.048187
-182.586899 5.539873 282.496796 117.262680 -173.828690 177.261337 168.410507 174.701111 -176.222961 38.771709 3.921304 3.061029 166.122162 135.122162 170.181137 150.588791 -171.302338 -177.125458 17.571083 67.509590 1.003226 75.502014 -27.718193 -44.752037 176.425980 175.263016 -179.480682 176.426926 175.319473 -178.933899 163.110489 176.267410 179.969421 179.999878 179.182449 179.931763 179.999847 179.046204 179.929291 176.382996 179.300049 179.913986 1.483864 -7.157677 7.281490 12.948294 7.699270 76.642670 14.754080 3.422817 3.911441 175.987289 179.333893 169.999603 29.559071 60.082264 -6.177875 0.000001 -0.000000 33.838230 180.000000 180.000000 -167.754745 0.000000 -0.000000 0.000000 15.000004 -0.000002 25.148077 180.000000 -179.999985 -159.424301 0.000000 -0.000000 14.402986 0.000000 -0.000000 0.000000 0.000002 0.000001 27.737328 180.000000 179.999985 -149.567749 180.000000 180.000000 -159.732117 0.000000 -0.000000 0.000000 170.000000 179.999985 -151.924973 180.000000 179.999985 -147.498520 180.000000 -180.000000 -158.354019 0.000000 -0.000000 0.000000 160.000015 180.000000 -158.411057 180.000000 180.000000 -147.616577 0.000003 -0.000001 21.567352 0.355205 -6.303501 -6.883820 155.189255 168.998581 106.630104 161.636520 -175.515137 177.553467 0.402961 -35.990509 16.555655 127.115486 121.788185 166.530548 180.000000 -179.999985 144.802948 0.000002 0.000002 -12.678418 0.000003 -0.000005 -0.000000 165.000015 179.999985 144.371872 180.000000 -179.999985 150.849701 0.000003 0.000002 -20.405209 0.000003 -0.000005 -0.000000 180.000000 -180.000000 146.577560 180.000000 180.000000 129.866348 180.000000 -180.000000 146.610977 0.000003 -0.000005 -0.000000 10.000007 -0.000002 -32.400444 0.000000 0.000000 -48.600647 0.000003 0.000002 -32.368034 0.000003 -0.000005 -0.000000 20.000004 -0.000001 -35.953243 180.000000 180.000000 126.070129 0.000003 0.000002 -35.917297
-182.600449 5.540171 282.524506 117.460159 -173.887970 177.274185 167.852112 173.912277 -176.026657 38.633961 3.940811 2.400108 167.097214 137.759338 171.444000 150.141479 -169.889877 -177.452103 18.686316 67.472496 2.572353 74.839798 -27.408543 -43.191898 176.419220 175.271164 -179.484756 176.420151 175.327576 -178.940689 163.080276 176.276443 179.960754 179.999908 179.121643 179.952469 179.999893 178.975266 179.950745 176.391785 179.246979 179.923569 1.804479 -7.222204 7.217862 14.047294 7.272685 76.588486 14.711189 3.150308 3.846210 175.902451 179.376297 169.872421 30.080542 60.251259 -5.737344 180.000000 -180.000000 -146.227585 180.000000 180.000000 -167.820526 0.000000 -0.000000 0.000000 15.000000 0.000001 25.227894 180.000000 179.999985 -159.358994 180.000000 -180.000000 -165.551300 0.000000 -0.000000 0.000000 180.000000 -180.000000 -152.264557 0.000003 -0.000001 30.421793 0.000000 -0.000000 20.260918 0.000000 -0.000000 0.000000 170.000000 -179.999985 -151.890289 180.000000 180.000000 -147.256607 180.000000 -180.000000 -158.192902 0.000000 -0.000000 0.000000 160.000000 180.000000 -158.293320 0.000003 -0.000001 32.560005 0.000003 -0.000002 21.684967 0.666619 -6.244021 -6.912992 155.692490 168.975525 106.533989 161.594254 -175.300659 177.544937 0.154895 -35.887611 16.541319 127.106239 121.856148 166.581284 180.000000 -180.000000 144.849304 180.000000 180.000000 167.364777 0.000000 -0.000000 0.000000 165.000000 -179.999985 144.374496 0.000001 0.000002 -29.148136 0.000003 0.000002 -20.403692 0.000000 -0.000000 0.000000 180.000000 -179.999985 146.551392 0.000001 -0.000003 -50.172874 180.000000 -179.999985 146.584869 0.000000 -0.000000 0.000000 10.000002 0.000003 -32.383560 180.000000 -179.999985 131.424652 0.000000 0.000000 -32.351170 0.000000 -0.000000 0.000000 20.000002 -0.000003 -35.998127 180.000000 -180.000000 126.002823 180.000000 180.000000 144.037872
-182.617859 5.532238 282.554688 117.702904 -173.955856 177.305527 167.311157 173.270569 -175.946014 38.448231 3.918381 1.871626 168.106918 140.959503 172.927200 149.519974 -168.519165 -177.834351 19.476328 66.897263 3.809225 73.978973 -26.987848 -41.049957 176.426193 175.273926 -179.494232 176.427109 175.330795 -178.956924 163.115402 176.287354 179.945282 179.999939 179.071350 179.979263 179.999908 178.916580 179.978500 176.267075 179.202942 179.935181 1.905772 -7.319997 7.163225 15.016313 6.875167 76.588852 14.867312 3.203655 3.793435 175.748215 179.536148 169.765808 29.636997 59.773621 -6.208993 180.000000 180.000000 -146.123444 0.000000 0.000000 12.266273 0.000000 -0.000000 0.000000 15.000004 0.000001 25.223692 180.000000 180.000000 -159.362442 180.000000 -180.000000 -165.553711 0.000000 -0.000000 0.000000 0.000000 0.000002 27.768169 0.000002 -0.000004 30.603540 0.000003 -0.000000 20.381956 0.000000 -0.000000 0.000000 170.000000 -180.000000 -151.847504 0.000002 -0.000000 33.051579 180.000000 -180.000000 -157.987640 0.000000 -0.000000 0.000000 160.000000 180.000000 -158.076355 180.000000 179.999985 -147.114548 180.000000 180.000000 -158.098282 0.760366 -6.214000 -6.919842 156.340790 168.910172 106.439850 161.452866 -175.315552 177.535583 179.916687 -143.976669 -163.459686 126.182632 121.498299 165.566040 0.000003 0.000001 -35.080814 180.000000 179.999985 167.427597 0.000000 -0.000000 0.000000 165.000000 -179.999985 144.411453 180.000000 180.000000 150.882095 180.000000 -179.999985 159.617477 0.000000 -0.000000 0.000000 0.000002 -0.000000 -33.463581 0.000000 0.000000 -50.195362 0.000000 -0.000001 -33.430115 0.000000 -0.000000 0.000000 10.000002 0.000003 -32.404076 0.000003 0.000001 -48.606106 0.000000 -0.000000 -32.371670 0.000000 -0.000000 0.000000 19.999992 -0.000001 -36.014473 0.000000 -0.000000 -54.021721 180.000000 -180.000000 144.021530
-182.638672 5.515658 282.585266 117.972176 -174.035461 177.361725 166.697891 172.561340 -175.910309 38.266754 3.807371 1.284087 169.116669 144.172363 174.310242 148.659912 -167.003906 -178.237564 20.269569 65.862534 5.021848 72.819366 -26.323381 -38.302933 176.423309 175.284592 -179.505615 176.424210 175.341736 -178.976105 163.105194 176.304779 179.924393 179.999985 179.024384 179.990372 179.999954 178.861786 179.990021 176.189865 179.162277 179.938080 2.018445 -7.424479 7.068429 15.903696 6.454816 76.623245 14.977835 3.192620 3.756025 175.785583 179.409409 169.618088 29.913431 59.658962 -6.053204 0.000001 0.000000 33.837284 180.000000 180.000000 -167.778427 0.000000 -0.000000 0.000000 14.999995 0.000002 25.260468 0.000002 0.000003 20.667645 180.000000 -180.000000 -165.532639 0.000000 -0.000000 0.000000 0.000001 -0.000004 27.849169 180.000000 180.000000 -148.931564 0.000003 -0.000002 20.691578 0.000000 -0.000000 0.000000 170.000000 -180.000000 -151.783783 180.000000 -180.000000 -146.467102 180.000000 -179.999985 -157.667084 0.000000 -0.000000 0.000000 160.000015 -180.000000 -157.848083 0.000004 -0.000000 33.227898 0.000000 0.000001 22.129778 0.866512 -6.177451 -6.960299 156.847961 168.825089 106.391342 161.330231 -175.238312 177.518295 179.673965 -143.950562 -163.448059 126.197525 121.521301 165.599091 0.000001 0.000002 -35.066921 0.000002 -0.000003 -12.559779 0.000000 -0.000003 0.000000 165.000015 -180.000000 144.410477 180.000000 -179.999985 150.881302 0.000003 0.000002 -20.383089 0.000000 -0.000003 0.000000 0.000001 0.000002 -33.441200 180.000000 -180.000000 129.838211 0.000000 -0.000002 -33.407745 0.000000 -0.000003 0.000000 10.000000 -0.000000 -32.418934 180.000000 -180.000000 131.371613 180.000000 180.000000 147.613495 0.000000 -0.000003 0.000000 20.000006 -0.000006 -35.987373 0.000000 0.000000 -53.981056 0.000000 -0.000001 -35.951382
-182.654999 5.492413 282.605591 118.142685 -174.079086 177.432755 166.264725 172.000732 -175.926697 37.950687 3.848523 0.829118 170.230804 147.824127 175.758240 147.825653 -165.708542 -178.567612 20.906511 64.607201 5.960176 71.631851 -25.534420 -35.570560 176.424744 175.287552 -179.519699 176.425629 175.345276 -178.999771 163.115463 176.319748 179.897858 179.999985 178.993057 179.985825 179.999985 178.825241 179.985306 176.153519 179.135651 179.932953 2.230734 -7.515729 6.938836 16.810743 5.956118 76.647034 15.093186 3.058517 3.743923 175.732407 179.393845 169.483200 30.094103 59.556297 -6.003185 0.000001 0.000001 33.728741 180.000000 180.000000 -167.878052 0.000000 -0.000000 0.000000 15.000006 -0.000000 25.325314 0.000000 0.000002 20.720709 180.000000 -180.000000 -165.495514 0.000000 -0.000000 0.000000 180.000000 -180.000000 -152.114914 0.000000 0.000001 31.281948 180.000000 -180.000000 -159.166214 0.000000 -0.000000 0.000000 170.000000 -180.000000 -151.728470 0.000004 -0.000005 33.975193 180.000000 -179.999985 -157.372513 0.000000 -0.000000 0.000000 160.000000 180.000000 -157.680328 180.000000 -179.999985 -146.520493 0.000000 -0.000000 22.297340 1.070911 -6.107264 -7.036620 157.248932 168.727859 106.374336 161.236038 -175.030502 177.496552 179.422470 -144.046616 -163.452454 126.161354 121.542549 165.567413 180.000000 -180.000000 144.914810 0.000000 -0.000002 -12.573300 0.000000 -0.000000 0.000000 165.000015 179.999985 144.404083 0.000000 -0.000002 -29.123930 0.000000 -0.000002 -20.386751 0.000000 -0.000000 0.000000 180.000000 -179.999985 146.549728 0.000001 -0.000002 -50.175415 0.000007 0.000002 -33.416821 0.000000 -0.000000 0.000000 10.000001 0.000000 -32.397812 0.000003 0.000001 -48.596729 180.000000 -180.000000 147.634583 0.000000 -0.000000 0.000000 19.999992 -0.000000 -36.004784 180.000000 -179.999985 125.992836 180.000000 180.000000 144.031219
-182.667770 5.464752 282.614960 118.228760 -174.126343 177.527893 165.992508 171.635254 -175.982498 37.644043 3.953352 0.503643 171.233383 152.056320 177.295883 146.909286 -164.469193 -178.811127 21.505507 62.954975 6.724780 70.302177 -24.515352 -32.565918 176.447128 175.281021 -179.533157 176.447998 175.339691 -179.023117 163.223328 176.328690 179.877762 0.000025 1.006068 -0.036023 0.000017 1.173760 -0.037309 176.045654 179.137436 179.918259 2.325151 -7.627828 6.816001 17.539055 5.494411 76.644974 15.484226 3.181683 3.780380 175.612930 179.540146 169.334702 29.418867 59.107822 -6.640749 0.000000 0.000000 33.838844 0.000001 0.000001 12.221821 0.000000 -0.000000 0.000000 15.000002 0.000003 25.286301 180.000000 -180.000000 -159.311218 0.000003 -0.000002 14.482149 0.000000 -0.000000 0.000000 180.000000 180.000000 -152.071228 180.000000 -180.000000 -148.451599 0.000000 0.000002 21.011229 0.000000 -0.000000 0.000000 170.000000 -180.000000 -151.674942 180.000000 -180.000000 -145.571091 0.000003 -0.000001 22.929646 0.000000 -0.000000 0.000000 160.000015 179.999985 -157.448105 0.000003 -0.000001 33.827850 180.000000 180.000000 -157.470642 1.156897 -6.074404 -7.123008 157.760712 168.613800 106.353836 161.084961 -175.031235 177.478592 179.229141 -143.927841 -163.500870 125.376976 121.247467 164.691666 0.000000 0.000000 -35.051609 0.000002 0.000000 -12.542184 0.000000 -0.000000 0.000000 165.000015 -180.000000 144.439026 180.000000 -179.999985 150.904663 0.000001 -0.000003 -20.366739 0.000000 -0.000000 0.000000 0.000003 0.000002 -33.444168 180.000000 180.000000 129.833740 0.000000 0.000000 -33.410732 0.000000 -0.000000 0.000000 10.000002 0.000002 -32.385036 180.000000 180.000000 131.422455 0.000003 0.000001 -32.352657 0.000000 -0.000000 0.000000 19.999996 -0.000005 -35.959351 180.000000 -179.999985 126.060974 0.000000 -0.000000 -35.923397
-182.678055 5.434706 282.618195 118.287132 -174.168915 177.617157 165.785248 171.356155 -176.043518 37.282814 4.134123 0.232934 172.124969 156.057999 178.608170 145.854721 -163.187347 -178.997223 21.875277 60.756664 7.256774 68.780518 -23.177755 -29.042961 176.475433 175.270126 -179.543457 176.476273 175.329742 -179.041382 163.358032 176.332077 179.864822 0.000044 0.993394 -0.073307 0.000038 1.158983 -0.075922 175.939255 179.149841 179.895004 2.383527 -7.726861 6.718306 18.192148 5.016401 76.584991 15.836548 3.195963 3.843697 175.716537 179.445526 169.123871 29.473799 58.968956 -6.671620 180.000000 180.000000 -146.206726 0.000000 0.000000 12.177794 0.000000 -0.000000 0.000000 15.000004 -0.000001 25.229156 0.000002 -0.000009 20.642033 180.000000 -180.000000 -165.550583 0.000000 -0.000000 0.000000 0.000002 0.000002 27.976509 180.000000 180.000000 -148.151428 0.000003 -0.000001 21.211140 0.000000 -0.000000 0.000000 170.000000 180.000000 -151.617737 180.000000 179.999985 -145.053650 0.000000 0.000000 23.274273 0.000000 -0.000000 0.000000 160.000000 -180.000000 -157.135300 0.000001 -0.000002 34.297039 0.000003 -0.000001 22.841825 1.199042 -6.030674 -7.211222 158.171082 168.534546 106.355103 161.008316 -174.957306 177.463654 179.058456 -143.909912 -163.587662 125.456726 121.311127 164.776703 0.000001 0.000002 -35.099155 0.000001 0.000004 -12.580936 0.000000 -0.000000 0.000000 165.000000 -180.000000 144.450500 180.000000 180.000000 150.914047 0.000001 -0.000003 -20.360170 0.000000 -0.000000 0.000000 180.000000 180.000000 146.599258 180.000000 -180.000000 129.898895 0.000003 0.000001 -33.367340 0.000000 -0.000000 0.000000 10.000003 0.000000 -32.364624 0.000000 -0.000000 -48.546940 180.000000 180.000000 147.667740 0.000000 -0.000000 0.000000 19.999998 -0.000002 -35.889462 180.000000 -179.999985 126.165794 0.000000 0.000000 -35.853577
-182.685944 5.403193 282.610626 118.243362 -174.242126 177.737061 165.743958 171.292648 -176.132614 36.755039 4.513190 0.073337 173.022873 160.255920 179.815201 144.973740 -162.087692 -179.099899 21.982079 58.492386 7.490967 67.419342 -21.787485 -25.798485 176.495407 175.280167 -179.551605 176.496246 175.340195 -179.056458 163.454407 176.347275 179.857864 0.000037 0.972554 -0.136119 0.000042 1.134672 -0.140973 175.957123 179.170425 179.858459 2.604128 -7.807137 6.593215 18.867594 4.476270 76.461548 16.187721 3.088672 3.925709 175.690750 179.447067 168.915558 29.802601 59.025230 -6.435287 180.000000 -180.000000 -146.287109 180.000000 -180.000000 -167.898041 0.000000 -0.000000 0.000000 15.000002 -0.000001 25.266153 180.000000 -180.000000 -159.327698 0.000003 -0.000000 14.470613 0.000000 -0.000000 0.000000 180.000000 -179.999985 -151.963211 180.000000 180.000000 -147.757568 0.000000 -0.000000 21.473455 0.000000 -0.000000 0.000000 170.000000 180.000000 -151.567932 180.000000 179.999985 -144.570267 0.000000 -0.000000 23.596199 0.000000 -0.000000 0.000000 160.000015 179.999985 -156.909286 0.000001 -0.000001 34.636055 180.000000 179.999985 -156.932373 1.391282 -5.945598 -7.352096 158.546555 168.487442 106.365372 161.007996 -174.780502 177.449036 178.912155 -144.003891 -163.745117 125.674377 121.388290 164.997437 0.000002 0.000001 -35.148754 180.000000 -179.999985 167.376007 0.000000 -0.000000 0.000000 165.000015 -180.000000 144.499817 0.000000 -0.000002 -29.045588 180.000000 -180.000000 159.668091 0.000000 -0.000000 0.000000 0.000000 -0.000001 -33.361153 0.000003 0.000001 -50.041714 0.000000 -0.000001 -33.327778 0.000000 -0.000000 0.000000 10.000001 -0.000004 -32.304710 0.000003 0.000001 -48.457062 0.000000 0.000000 -32.272404 0.000000 -0.000000 0.000000 20.000006 -0.000003 -35.821911 0.000000 -0.000000 -53.732849 0.000003 0.000001 -35.786072
-182.690323 5.371494 282.594116 118.121880 -174.320114 177.861862 165.848221 171.400345 -176.222626 36.229191 4.976008 0.015432 173.773346 164.897888 -178.999466 144.209641 -161.140564 -179.148285 21.855844 55.803207 7.480594 66.073212 -20.183174 -22.409285 176.524185 175.292267 -179.555222 176.524994 175.352585 -179.064590 163.591095 176.360245 179.863205 0.000050 0.946989 -0.214203 0.000050 1.104845 -0.221847 175.996445 179.195572 179.813232 2.777304 -7.885201 6.483212 19.425646 3.987690 76.306290 16.790873 3.185256 4.033121 175.555038 179.563492 168.679062 29.300436 58.756210 -6.847117 0.000001 -0.000000 33.867092 0.000001 0.000001 12.239176 0.000000 -0.000000 0.000000 15.000004 -0.000001 25.226770 180.000000 -180.000000 -159.359909 180.000000 180.000000 -165.551926 0.000000 -0.000000 0.000000 0.000002 0.000003 28.083670 180.000000 179.999985 -147.438858 0.000003 -0.000001 21.685726 0.000000 -0.000000 0.000000 170.000000 180.000000 -151.517700 180.000000 179.999985 -144.044540 180.000000 179.999985 -156.053665 0.000000 -0.000000 0.000000 160.000015 -180.000000 -156.653030 180.000000 -180.000000 -144.979523 180.000000 180.000000 -156.676361 1.531496 -5.872296 -7.497241 159.043472 168.437668 106.342590 160.975983 -174.767487 177.450317 178.857651 -143.909409 -163.984650 125.075424 121.149635 164.333023 0.000003 -0.000003 -35.096775 0.000000 -0.000002 -12.578823 0.000000 -0.000000 0.000000 165.000000 179.999985 144.598099 0.000000 -0.000002 -28.965206 0.000003 0.000002 -20.275644 0.000000 -0.000000 0.000000 0.000001 -0.000004 -33.295113 180.000000 179.999985 130.057327 180.000000 -180.000000 146.738190 0.000000 -0.000000 0.000000 10.000007 0.000002 -32.239735 0.000002 0.000003 -48.359615 180.000000 -180.000000 147.792496 0.000000 -0.000000 0.000000 20.000002 0.000003 -35.713390 0.000000 -0.000000 -53.570080 0.000003 0.000001 -35.677677
-182.692413 5.341015 282.572754 117.972519 -174.395691 177.986359 165.980972 171.505539 -176.310425 35.693851 5.465505 -0.050696 174.429855 169.097076 -178.077896 143.418274 -160.244400 -179.169067 21.686514 52.425217 7.430693 64.657166 -18.176538 -18.561789 176.557159 175.302017 -179.555695 176.557938 175.362579 -179.067551 163.746429 176.368820 179.875534 0.000070 0.923705 -0.301921 0.000065 1.077667 -0.312700 176.063782 179.218933 179.762390 2.899790 -7.976302 6.404200 19.957706 3.492295 76.111649 17.269220 3.225114 4.138657 175.673737 179.472290 168.393250 29.360958 58.756554 -6.812327 180.000000 -180.000000 -146.157272 180.000000 -180.000000 -167.783234 0.000000 -0.000000 0.000000 15.000002 -0.000003 25.224649 0.000003 -0.000001 20.638336 0.000003 -0.000002 14.446838 0.000000 -0.000000 0.000000 0.000001 -0.000003 28.143373 0.000000 -0.000000 32.984962 0.000000 -0.000000 21.967983 0.000000 -0.000000 0.000000 170.000000 -180.000000 -151.462341 0.000002 -0.000001 36.590439 180.000000 -180.000000 -155.630768 0.000000 -0.000000 0.000000 160.000000 179.999985 -156.327866 0.000000 -0.000002 35.508194 0.000000 -0.000000 23.648460 1.616382 -5.802236 -7.630802 159.478699 168.425491 106.311119 161.046707 -174.674240 177.453232 178.796341 -143.896927 -164.257675 125.206230 121.226883 164.463638 180.000000 180.000000 144.835754 0.000001 0.000005 -12.634954 0.000000 -0.000000 0.000000 165.000015 179.999985 144.682343 0.000000 0.000000 -28.896267 0.000000 0.000000 -20.227383 0.000000 -0.000000 0.000000 0.000001 0.000001 -33.201927 180.000000 -179.999985 130.197098 0.000000 -0.000002 -33.168736 0.000000 -0.000000 0.000000 10.000002 0.000004 -32.167522 180.000000 180.000000 131.748703 0.000003 0.000001 -32.135365 0.000000 -0.000000 0.000000 20.000006 0.000000 -35.584915 180.000000 180.000000 126.622635 0.000000 -0.000001 -35.549328
-182.691422 5.312479 282.546295 117.778305 -174.464325 178.105972 166.159973 171.602798 -176.390976 35.110966 6.035329 -0.132471 175.124451 173.279648 -177.338547 142.833710 -159.579681 -179.174103 21.515505 49.115910 7.372026 63.489819 -16.151991 -15.178321 176.586243 175.318558 -179.555283 176.587021 175.379181 -179.069138 163.883850 176.381226 179.889755 0.000083 0.912759 -0.387049 0.000083 1.064885 -0.400867 176.191238 179.231339 179.713226 3.073301 -8.051814 6.343462 20.555193 2.933465 75.868134 17.665535 3.197615 4.241625 175.657104 179.454666 168.144073 29.525471 58.773846 -6.700674 0.000001 -0.000000 33.798443 180.000000 -180.000000 -167.825043 0.000000 -0.000000 0.000000 15.000002 0.000001 25.302135 0.000000 -0.000000 20.701742 0.000003 -0.000000 14.491221 0.000000 -0.000000 0.000000 180.000000 -179.999985 -151.792831 0.000002 0.000001 33.462856 180.000000 -180.000000 -157.713730 0.000000 -0.000000 0.000000 170.000000 -179.999985 -151.411774 180.000000 179.999985 -142.762207 0.000003 -0.000003 24.800371 0.000000 -0.000000 0.000000 160.000015 -180.000000 -156.017120 180.000000 -180.000000 -144.025665 180.000000 -180.000000 -156.041107 1.749592 -5.699684 -7.760466 159.853424 168.428619 106.256889 161.223663 -174.475967 177.467239 178.743805 -143.964493 -164.611938 125.053459 121.254738 164.296021 0.000000 0.000000 -35.240669 180.000000 179.999985 167.305023 0.000000 -0.000000 0.000000 165.000015 179.999985 144.754211 0.000002 -0.000001 -28.837475 0.000000 -0.000002 -20.186230 0.000000 -0.000000 0.000000 0.000000 -0.000001 -33.128433 0.000001 -0.000002 -49.692646 0.000003 0.000001 -33.095306 0.000000 -0.000000 0.000000 10.000000 -0.000001 -32.066738 0.000000 0.000000 -48.100109 0.000000 -0.000000 -32.034668 0.000000 -0.000000 0.000000 20.000004 0.000003 -35.463634 180.000000 -180.000000 126.804535 0.000003 0.000003 -35.428169
-182.689285 5.285935 282.517578 117.584305 -174.533401 178.225311 166.339066 171.699783 -176.471832 34.609192 6.558891 -0.211146 175.841232 177.777969 -176.712112 142.343857 -159.103745 -179.171631 21.612196 45.466873 7.446213 62.452621 -13.922563 -11.896229 176.610229 175.339142 -179.550476 176.611008 175.399521 -179.063309 163.996323 176.392273 179.911636 0.000108 0.910474 -0.470858 0.000111 1.062208 -0.487668 176.358658 179.235779 179.664871 3.221751 -8.132034 6.276689 21.071733 2.431444 75.639206 18.266794 3.345658 4.347602 175.502213 179.518219 167.915863 28.988583 58.512249 -7.119855 0.000002 0.000001 33.981373 0.000000 0.000001 12.338428 0.000000 -0.000000 0.000000 15.000002 -0.000001 25.310726 180.000000 -179.999985 -159.291229 0.000000 0.000002 14.496136 0.000000 -0.000000 0.000000 0.000001 -0.000001 28.257462 180.000000 -179.999985 -146.139618 0.000003 -0.000002 22.551012 0.000000 -0.000000 0.000000 170.000000 -179.999985 -151.371353 0.000001 -0.000002 37.817600 180.000000 -180.000000 -154.813461 0.000000 -0.000000 0.000000 160.000015 180.000000 -155.730194 180.000000 179.999985 -143.595306 0.000003 -0.000003 24.245531 1.862574 -5.623110 -7.890767 160.255539 168.394897 106.158592 161.368088 -174.381485 177.503906 178.820007 -143.913773 -165.078476 124.273613 121.009682 163.467590 180.000000 180.000000 144.839432 0.000000 0.000000 -12.622465 180.000000 180.000000 -180.000000 165.000015 179.999985 144.897537 0.000002 0.000000 -28.720207 0.000000 0.000000 -20.104143 180.000000 180.000000 -180.000000 180.000000 -180.000000 146.976303 180.000000 180.000000 130.464447 0.000000 -0.000001 -32.990685 180.000000 180.000000 -180.000000 10.000001 0.000002 -31.951290 0.000000 0.000000 -47.926933 0.000000 0.000000 -31.919333 180.000000 180.000000 -180.000000 19.999998 -0.000000 -35.286022 0.000000 0.000000 -52.929031 0.000003 0.000003 -35.250740
-182.685379 5.262480 282.491943 117.446892 -174.563080 178.295914 165.901138 170.713013 -176.433899 34.683491 6.370186 -1.010782 176.609848 -178.237198 -176.341446 141.799911 -158.798126 -179.145050 22.118301 41.150650 7.674274 61.500423 -11.402753 -8.276603 176.621841 175.349228 -179.538605 176.622620 175.409103 -179.044617 164.048538 176.389328 179.941162 0.000087 0.918653 -0.543826 0.000097 1.071746 -0.563242 176.575302 179.230392 179.623169 3.355829 -8.214382 6.235482 21.582380 1.917218 75.414261 18.687433 3.451345 4.436724 175.602249 179.408524 167.665756 28.935949 58.432098 -7.180784 0.000002 -0.000000 33.998955 180.000000 180.000000 -167.647324 0.000000 -0.000000 0.000000 15.000006 -0.000002 25.333687 0.000006 -0.000006 20.727556 180.000000 -179.999985 -165.490707 0.000000 -0.000000 0.000000 180.000000 179.999985 -151.689194 0.000003 -0.000003 34.305439 180.000000 179.999985 -157.152573 0.000000 -0.000000 0.000000 170.000000 -179.999985 -151.333633 180.000000 179.999985 -141.570862 0.000000 -0.000000 25.593809 0.000000 -0.000000 0.000000 160.000000 179.999985 -155.436951 180.000000 -180.000000 -143.155426 180.000000 180.000000 -155.461517 1.966218 -5.564202 -7.988800 160.562302 168.354736 106.041794 161.581223 -174.267258 177.545486 178.881027 -143.918884 -165.559448 123.656670 120.982391 162.835175 0.000000 0.000000 -35.220722 180.000000 180.000000 167.338562 0.000000 -0.000000 0.000000 165.000000 -180.000000 144.982788 180.000000 -180.000000 151.349564 180.000000 180.000000 159.944702 0.000000 -0.000000 0.000000 180.000000 179.999985 147.115082 0.000002 0.000003 -49.327385 180.000000 180.000000 147.147964 0.000000 -0.000000 0.000000 10.000001 -0.000001 -31.837042 0.000003 0.000001 -47.755562 0.000003 0.000002 -31.805206 0.000000 -0.000000 0.000000 19.999998 0.000006 -35.084614 0.000001 -0.000002 -52.626930 0.000000 0.000000 -35.049538
-182.681259 5.242749 282.469757 117.360626 -174.576141 178.337097 165.413849 169.701126 -176.385971 34.689728 6.264324 -1.830654 177.730957 -174.282181 -176.280960 141.359665 -158.684906 -179.112061 22.833727 37.140610 7.894421 60.835682 -9.133143 -5.169348 176.618790 175.358414 -179.521652 176.619598 175.417404 -179.016602 164.030762 176.380554 179.975632 0.000084 0.930684 -0.604361 0.000080 1.085781 -0.625936 176.816803 179.220764 179.589111 3.517012 -8.297223 6.212657 22.134483 1.339352 75.171303 18.989004 3.508105 4.510302 175.569397 179.362289 167.473038 28.935534 58.361206 -7.220954 0.000000 -0.000000 33.970947 0.000002 -0.000000 12.326998 0.000000 -0.000000 0.000000 15.000000 -0.000000 25.394934 180.000000 -179.999985 -159.222336 0.000000 0.000002 14.544362 0.000000 -0.000000 0.000000 180.000000 179.999985 -151.640411 0.000002 0.000001 34.736835 180.000000 180.000000 -156.865265 0.000000 -0.000000 0.000000 170.000000 -179.999985 -151.306900 180.000000 -180.000000 -141.079529 0.000000 -0.000000 25.921032 0.000000 -0.000000 0.000000 160.000015 180.000000 -155.220306 180.000000 179.999985 -142.830460 0.000003 -0.000002 24.754915 2.099413 -5.513634 -8.072464 160.785263 168.292282 105.914795 161.864395 -174.088226 177.591064 178.947632 -144.064163 -166.112228 122.979111 120.929237 162.140289 180.000000 179.999985 144.743820 0.000000 0.000000 -12.679744 0.000000 -0.000000 0.000000 165.000000 -180.000000 145.049454 180.000000 -179.999985 151.404114 180.000000 179.999985 159.982880 0.000000 -0.000000 0.000000 180.000000 -179.999985 147.222519 0.000001 -0.000002 -49.166206 0.000000 0.000000 -32.744701 0.000000 -0.000000 0.000000 10.000002 0.000002 -31.687304 180.000000 180.000000 132.469040 180.000000 -179.999985 148.344391 0.000000 -0.000000 0.000000 20.000002 -0.000004 -34.885162 0.000000 0.000000 -52.327732 0.000000 0.000000 -34.850277
-182.670685 5.225410 282.431091 117.072914 -174.575470 178.451309 165.102112 168.491608 -176.372894 34.763130 5.958232 -2.791836 179.157700 -170.044189 -176.587540 141.231750 -158.702698 -179.104736 23.866297 33.028973 7.971625 60.349010 -7.051763 -2.142987 176.635162 175.367203 -179.521164 176.635956 175.426163 -179.017014 164.107971 176.387100 179.983948 0.000062 0.943496 -0.656138 0.000081 1.100728 -0.679565 177.084564 179.209702 179.560776 3.702958 -8.370023 6.171213 22.602755 0.830127 74.964546 19.490685 3.661458 4.568110 175.391724 179.381851 167.302475 28.433031 58.092167 -7.619597 0.000001 -0.000001 34.138199 180.000000 -180.000000 -167.522705 0.000000 -0.000000 0.000000 15.000000 0.000002 25.346333 0.000000 -0.000000 20.737915 0.000004 0.000001 14.516536 0.000000 -0.000000 0.000000 180.000000 179.999985 -151.609848 180.000000 179.999985 -144.979187 0.000000 -0.000000 23.323868 0.000000 -0.000000 0.000000 170.000000 -180.000000 -151.285675 0.000001 -0.000001 39.358887 180.000000 -180.000000 -153.786987 0.000000 -0.000000 0.000000 160.000015 -180.000000 -155.001083 180.000000 179.999985 -142.501617 0.000003 -0.000002 24.973921 2.262947 -5.493774 -8.165722 161.008484 168.177917 105.777023 162.072342 -174.013168 177.649902 179.155411 -144.175629 -166.758316 122.440704 120.765556 161.594208 0.000000 0.000002 -35.139027 0.000002 0.000002 -12.577822 0.000000 -0.000000 0.000000 165.000015 -179.999985 145.228058 0.000000 0.000000 -28.449772 0.000010 0.000005 -19.914837 0.000000 -0.000000 0.000000 180.000000 -179.999985 147.365509 180.000000 -179.999985 131.048279 0.000003 0.000002 -32.601856 0.000000 -0.000000 0.000000 9.999997 0.000004 -31.527668 180.000000 -179.999985 132.708481 180.000000 -179.999985 148.503860 0.000000 -0.000000 0.000000 20.000002 -0.000000 -34.634464 180.000000 -179.999985 128.048294 0.000000 0.000000 -34.599831
-182.660095 5.210421 282.395416 116.845551 -174.567581 178.538651 164.707840 167.151154 -176.339645 34.816277 5.615054 -3.850500 0.807407 -13.794130 2.811538 141.034958 -158.859329 -179.031784 25.233734 28.432816 7.809818 59.959442 -5.101056 1.328934 176.640198 175.377518 -179.519180 176.640991 175.436264 -179.014389 164.131683 176.392822 179.991714 0.000038 0.959077 -0.692433 0.000050 1.118911 -0.717156 177.359299 179.195419 179.541794 3.882247 -8.431241 6.152032 23.013458 0.325795 74.784416 19.845842 3.779510 4.604944 175.468262 179.277145 167.083755 28.130030 57.924500 -7.920510 180.000000 -180.000000 -145.881851 0.000000 0.000001 12.465322 0.000000 -0.000000 0.000000 15.000002 0.000001 25.297344 0.000001 0.000003 20.697821 0.000000 -0.000000 14.488479 0.000000 -0.000000 0.000000 180.000000 180.000000 -151.550552 180.000000 -180.000000 -144.392914 180.000000 -180.000000 -156.285690 0.000000 -0.000000 0.000000 170.000000 -180.000000 -151.261627 0.000002 -0.000001 39.930958 180.000000 180.000000 -153.405975 0.000000 -0.000000 0.000000 160.000000 -180.000000 -154.767609 180.000000 179.999985 -142.151413 180.000000 -180.000000 -154.792831 2.428830 -5.493811 -8.236917 161.177780 168.052795 105.655403 162.283920 -173.956955 177.701416 179.337402 -144.335678 -167.359177 122.024254 120.746841 161.173889 0.000000 0.000000 -35.155045 180.000000 -180.000000 167.416290 180.000000 180.000000 -180.000000 165.000000 179.999985 145.343430 0.000005 0.000001 -28.355373 180.000000 180.000000 160.151245 180.000000 180.000000 -180.000000 180.000000 179.999985 147.537567 0.000003 0.000001 -48.693653 180.000000 180.000000 147.570038 180.000000 180.000000 -180.000000 10.000000 0.000003 -31.371998 0.000000 -0.000000 -47.057987 180.000000 180.000000 148.659393 180.000000 180.000000 -180.000000 20.000000 0.000002 -34.385937 180.000000 180.000000 128.421082 0.000000 0.000000 -34.351559
-182.649292 5.197727 282.360504 116.618156 -174.560059 178.626022 164.292206 165.760162 -176.319046 34.780033 5.375422 -4.969814 2.861460 -17.726215 1.760289 140.938309 -159.087463 -178.944702 26.668158 24.392721 7.440156 59.719547 -3.637899 4.351941 176.637222 175.395462 -179.519302 176.637985 175.453888 -179.015106 164.118713 176.404984 179.994278 0.000025 0.973598 -0.723755 0.000029 1.135847 -0.749598 177.647064 179.181564 179.526199 4.096205 -8.487146 6.150120 23.429558 -0.211673 74.602692 20.104841 3.829366 4.626227 175.441772 179.208084 166.894333 27.798449 57.770409 -8.265216 0.000000 -0.000000 34.041161 0.000004 0.000001 12.406447 0.000000 -0.000000 0.000000 15.000000 0.000001 25.344444 0.000000 -0.000000 20.736370 0.000000 -0.000000 14.515458 0.000000 -0.000000 0.000000 0.000002 -0.000001 28.499821 180.000000 180.000000 -143.850479 180.000000 180.000000 -155.924423 0.000000 -0.000000 0.000000 170.000000 -180.000000 -151.244324 0.000002 -0.000001 40.419422 0.000000 -0.000000 26.919331 0.000000 -0.000000 0.000000 160.000015 -179.999985 -154.536819 0.000004 0.000001 38.194794 180.000000 180.000000 -154.562256 2.635818 -5.497800 -8.299153 161.335205 167.926117 105.555603 162.529099 -173.893799 177.738800 179.499725 -144.567108 -167.960190 121.925407 120.737404 161.073608 180.000000 -180.000000 144.845764 0.000002 0.000002 -12.581484 0.000002 0.000003 0.000007 165.000015 179.999985 145.493317 0.000002 0.000000 -28.232738 0.000000 0.000000 -19.762917 0.000002 0.000003 0.000007 0.000000 0.000000 -32.314285 180.000000 -180.000000 131.528580 180.000000 180.000000 147.718048 0.000002 0.000003 0.000007 9.999999 0.000003 -31.207350 0.000000 0.000000 -46.811005 180.000000 -180.000000 148.823868 0.000002 0.000003 0.000007 20.000004 0.000004 -34.162933 180.000000 -180.000000 128.755585 0.000000 -0.000001 -34.128780
-182.626633 5.187521 282.306091 116.143066 -174.510132 178.745605 164.639923 165.277466 -176.371078 34.266617 5.761834 -5.423406 5.229973 -21.919416 0.237596 141.152573 -159.442276 -178.878647 28.239021 20.574123 6.806200 59.530884 -2.518773 7.165831 176.658417 175.406540 -179.528442 176.659164 175.465378 -179.031937 164.220963 176.421799 179.985382 0.000014 0.986208 -0.760673 0.000013 1.150551 -0.787832 177.981033 179.168976 179.508011 4.380070 -8.512892 6.116148 23.759846 -0.663295 74.463043 20.558567 3.917313 4.636068 175.312057 179.217880 166.694870 27.397614 57.600494 -8.550182 0.000002 -0.000000 34.196327 180.000000 180.000000 -167.453064 0.000000 -0.000000 0.000000 15.000004 -0.000001 25.314644 0.000000 -0.000000 20.711981 180.000000 -179.999985 -165.501602 0.000000 -0.000000 0.000000 0.000001 0.000003 28.494026 0.000001 0.000002 36.084690 0.000000 -0.000000 24.032398 0.000000 -0.000000 0.000000 170.000000 179.999985 -151.228455 180.000000 179.999985 -139.035309 180.000000 -180.000000 -152.717499 0.000000 -0.000000 0.000000 160.000015 -179.999985 -154.276123 180.000000 179.999985 -141.414169 0.000003 -0.000002 25.698160 2.918431 -5.496045 -8.388466 161.520920 167.785614 105.486244 162.695007 -173.893616 177.764526 179.779297 -144.765656 -168.591293 121.926796 120.663696 161.093201 180.000000 -179.999985 144.959793 0.000000 0.000000 -12.520095 0.000000 -0.000000 0.000000 165.000000 -180.000000 145.694031 0.000002 -0.000003 -28.068521 0.000004 -0.000001 -19.647959 0.000000 -0.000000 0.000000 0.000000 -0.000001 -32.135445 0.000003 0.000001 -48.203178 180.000000 -179.999985 147.896683 0.000000 -0.000000 0.000000 9.999997 0.000003 -31.022306 0.000000 0.000000 -46.533463 180.000000 -179.999985 149.008698 0.000000 -0.000000 0.000000 20.000000 -0.000001 -33.900570 180.000000 179.999985 129.149139 180.000000 180.000000 146.133331
-182.597931 5.180056 282.242706 115.602806 -174.451645 178.874542 164.980896 164.710175 -176.455353 33.773937 6.186004 -5.932107 7.545023 -25.707815 -1.379132 141.434586 -159.918518 -178.829605 29.999857 16.616385 5.955341 59.347740 -1.619678 10.138098 176.695786 175.410309 -179.546051 176.696533 175.470261 -179.063446 164.400589 176.441620 179.963547 180.000000 179.008362 179.218307 180.000000 178.843109 179.190384 178.255417 179.162323 179.498932 4.594046 -8.557148 6.116836 24.049149 -1.054123 74.355431 20.904932 3.967011 4.636916 175.419220 179.156342 166.443985 27.217884 57.503281 -8.707498 0.000000 0.000001 34.220188 0.000000 -0.000000 12.570632 0.000000 -0.000000 0.000000 15.000002 -0.000001 25.370090 0.000000 -0.000000 20.757347 180.000000 -179.999985 -165.469864 0.000000 -0.000000 0.000000 180.000000 -179.999985 -151.455124 180.000000 180.000000 -143.321564 180.000000 -180.000000 -155.572159 0.000000 -0.000000 0.000000 170.000000 180.000000 -151.213974 180.000000 -180.000000 -138.371521 0.000003 -0.000001 27.724564 0.000000 -0.000000 0.000000 160.000015 -180.000000 -153.962006 180.000000 179.999985 -140.943024 180.000000 -180.000000 -153.988052 3.136075 -5.519737 -8.442911 161.715088 167.659576 105.436951 162.846115 -173.891724 177.789612 0.033396 -35.051346 10.858729 122.022682 120.669350 161.200302 180.000000 180.000000 144.982437 0.000001 0.000005 -12.508782 0.000000 -0.000000 0.000000 165.000015 -179.999985 145.857437 180.000000 -179.999985 152.065186 0.000004 -0.000001 -19.554375 0.000000 -0.000000 0.000000 0.000001 0.000002 -31.973125 0.000001 -0.000002 -47.959675 0.000000 -0.000001 -31.941147 0.000000 -0.000000 0.000000 10.000007 -0.000000 -30.846941 180.000000 180.000000 133.729568 0.000003 0.000002 -30.816095 0.000000 -0.000000 0.000000 19.999998 0.000000 -33.676212 0.000003 0.000002 -50.514332 0.000000 0.000000 -33.642540
-182.567215 5.176659 282.184814 115.156769 -174.378967 178.932785 165.255081 164.313614 -176.510788 33.176147 6.946834 -6.343838 9.743368 -29.389359 -2.931322 141.696945 -160.448868 -178.791687 31.513756 13.435995 5.099963 59.213600 -0.970773 12.428765 176.707321 175.428604 -179.545258 176.708038 175.488342 -179.063385 164.455521 176.454254 179.972702 179.999969 178.995865 179.179977 179.999985 178.828552 179.150681 178.600464 179.149323 179.480255 4.864111 -8.582890 6.107478 24.351496 -1.435949 74.262123 21.158043 3.986025 4.643335 175.358994 179.136108 166.247559 27.221773 57.451950 -8.723152 180.000000 -180.000000 -145.780823 180.000000 -180.000000 -167.431717 0.000000 -0.000000 0.000000 15.000008 0.000001 25.480301 0.000002 -0.000007 20.847527 0.000003 -0.000000 14.593267 0.000000 -0.000000 0.000000 0.000001 -0.000004 28.571522 0.000003 -0.000001 37.015579 180.000000 -180.000000 -155.347626 0.000000 -0.000000 0.000000 170.000000 -180.000000 -151.205658 180.000000 180.000000 -137.803238 180.000000 -180.000000 -151.896957 0.000000 -0.000000 0.000000 160.000015 180.000000 -153.702454 180.000000 -180.000000 -140.553665 0.000003 -0.000000 26.271238 3.410036 -5.522300 -8.517013 161.966125 167.542648 105.412453 163.010635 -173.883896 177.801865 0.261326 -34.896149 10.368307 122.285110 120.647369 161.462997 0.000004 -0.000002 -34.976646 0.000002 -0.000002 -12.488328 0.000000 -0.000000 0.000000 165.000015 179.999985 146.038589 180.000000 179.999985 152.213379 180.000000 180.000000 160.549362 0.000000 -0.000000 0.000000 0.000000 0.000005 -31.817541 0.000004 0.000000 -47.726318 180.000000 180.000000 148.214279 0.000000 -0.000000 0.000000 9.999998 0.000001 -30.705696 0.000000 -0.000000 -46.058533 180.000000 180.000000 149.325012 0.000000 -0.000000 0.000000 20.000002 0.000002 -33.457355 180.000000 180.000000 129.813934 0.000004 -0.000001 -33.423912
-182.526566 5.178822 282.114014 114.566025 -174.266861 179.003174 165.549469 163.902786 -176.645416 32.756363 7.670427 -6.710103 11.717204 -32.915245 -4.388163 142.258041 -161.058517 -178.904190 32.592216 10.843613 4.297765 59.132343 -0.397803 14.088305 176.729828 175.445038 -179.546173 176.730530 175.504791 -179.066681 164.562195 176.467636 179.981644 179.999954 178.981155 179.129028 179.999969 178.811417 179.097946 178.993515 179.133942 179.454758 5.186534 -8.578537 6.063151 24.600100 -1.718076 74.204483 21.554977 4.032525 4.655002 175.280487 179.127823 166.059082 27.063154 57.396496 -8.771099 0.000000 -0.000000 34.400021 0.000000 0.000001 12.726930 0.000000 -0.000000 0.000000 15.000004 0.000002 25.533098 180.000000 -179.999985 -159.109283 0.000000 0.000003 14.623502 0.000000 -0.000000 0.000000 180.000000 180.000000 -151.400330 0.000000 -0.000000 37.395329 0.000000 -0.000000 24.905291 0.000000 -0.000000 0.000000 170.000000 180.000000 -151.200958 0.000002 -0.000001 42.784641 0.000000 0.000002 28.494568 0.000000 -0.000000 0.000000 160.000015 179.999985 -153.468719 0.000001 0.000002 39.796902 0.000003 -0.000001 26.504738 3.733257 -5.495732 -8.620554 162.253250 167.431778 105.426109 163.119370 -173.897476 177.790131 0.550943 -34.795593 9.922576 122.297157 120.591896 161.493774 0.000001 -0.000003 -34.880112 180.000000 -179.999985 167.559952 0.000000 -0.000000 0.000000 165.000015 -179.999985 146.198700 180.000000 -179.999985 152.344391 0.000001 -0.000003 -19.358931 0.000000 -0.000000 0.000000 0.000000 0.000000 -31.642433 180.000000 -180.000000 132.536346 0.000000 -0.000000 -31.610788 0.000000 -0.000000 0.000000 10.000000 0.000002 -30.542431 0.000000 0.000000 -45.813622 0.000000 -0.000001 -30.511866 0.000000 -0.000000 0.000000 20.000004 -0.000001 -33.243317 0.000003 0.000001 -49.864983 180.000000 -179.999985 146.789917
-182.482117 5.186942 282.038727 113.975037 -174.155518 179.074707 165.860992 163.544830 -176.783081 32.307030 8.507132 -7.077549 13.146673 -35.834850 -5.364037 142.858353 -161.740494 -179.135468 33.291843 8.542852 3.520848 59.081600 0.086254 15.464808 176.756149 175.461197 -179.549088 176.756821 175.521149 -179.073547 164.687119 176.482437 179.988113 179.999939 178.971481 179.087128 179.999954 178.800125 179.054550 179.344009 179.122742 179.434433 5.434261 -8.587679 6.044696 24.839123 -1.932824 74.172974 21.843002 4.094115 4.671290 175.372971 179.064224 165.862015 27.150669 57.387112 -8.653223 0.000001 -0.000001 34.511623 0.000001 0.000001 12.819770 0.000000 -0.000000 0.000000 15.000002 -0.000001 25.607998 0.000000 -0.000000 20.952005 0.000003 -0.000000 14.666397 0.000000 -0.000000 0.000000 0.000000 -0.000000 28.626966 0.000003 -0.000001 37.792149 0.000003 -0.000002 25.169571 0.000000 -0.000000 0.000000 170.000000 -179.999985 -151.163773 0.000000 -0.000000 43.254356 0.000004 -0.000000 28.807384 0.000000 -0.000000 0.000000 160.000015 -180.000000 -153.217010 0.000005 -0.000006 40.174458 0.000000 0.000001 26.756189 3.981870 -5.482865 -8.703792 162.558029 167.331131 105.441383 163.218506 -173.903809 177.783905 0.788377 -34.739872 9.584834 122.374069 120.489372 161.541092 180.000000 180.000000 145.173325 0.000000 0.000000 -12.413340 0.000000 -0.000000 0.000000 165.000015 -179.999985 146.389511 0.000004 -0.000001 -27.499496 0.000000 0.000000 -19.249645 0.000000 -0.000000 0.000000 0.000001 0.000004 -31.533245 180.000000 -180.000000 132.700119 180.000000 180.000000 148.498291 0.000000 -0.000000 0.000000 9.999999 0.000002 -30.389059 180.000000 180.000000 134.416412 0.000003 0.000000 -30.358667 0.000000 -0.000000 0.000000 20.000000 0.000001 -33.109299 0.000000 0.000000 -49.663940 0.000003 0.000001 -33.076187
-182.433426 5.201284 281.965332 113.441727 -173.980621 179.130432 166.165924 163.212967 -176.914230 31.738455 9.595623 -7.457932 13.854795 -38.083813 -5.733856 143.415588 -162.399368 -179.467468 33.445602 7.055120 2.988815 59.106197 0.543623 16.139585 176.774353 175.461166 -179.548813 176.775070 175.521332 -179.074173 164.772491 176.483322 179.994400 179.999939 178.955643 179.041397 179.999969 178.781647 179.007202 179.683105 179.106155 179.411728 5.622002 -8.611200 6.051478 25.101250 -2.106835 74.155861 22.034956 4.179647 4.697244 175.392731 179.003754 165.717789 27.187481 57.380684 -8.581640 180.000000 -180.000000 -145.395660 180.000000 180.000000 -167.101608 0.000000 -0.000000 0.000000 15.000000 0.000001 25.675236 0.000003 -0.000004 21.006990 0.000000 -0.000000 14.704909 0.000000 -0.000000 0.000000 0.000002 0.000003 28.646467 180.000000 180.000000 -141.903519 180.000000 180.000000 -154.627731 0.000000 -0.000000 0.000000 170.000000 180.000000 -151.031097 0.000000 -0.000004 43.453350 180.000000 -180.000000 -151.060074 0.000000 -0.000000 0.000000 160.000015 180.000000 -153.039871 0.000004 0.000000 40.440189 0.000003 -0.000002 26.933163 4.172235 -5.479758 -8.767659 162.850998 167.228470 105.443962 163.345535 -173.891861 177.790665 0.982736 -34.713730 9.325505 122.184273 120.316170 161.281326 0.000004 -0.000001 -34.798737 0.000000 -0.000002 -12.399370 0.000000 0.000002 0.000000 165.000015 -180.000000 146.534576 0.000002 0.000000 -27.380789 180.000000 179.999985 160.833450 0.000000 0.000002 0.000000 0.000003 0.000002 -31.403564 0.000002 -0.000004 -47.105339 0.000003 0.000003 -31.372154 0.000000 0.000002 0.000000 10.000003 0.000002 -30.313118 0.000000 -0.000000 -45.469666 180.000000 -179.999985 149.717194 0.000000 0.000002 0.000000 20.000002 0.000007 -32.943535 0.000000 0.000000 -49.415306 180.000000 -180.000000 147.089401
-182.376755 5.222063 281.887268 112.854538 -173.722458 179.196030 166.588257 162.877426 -177.039825 31.226427 10.654016 -7.800016 13.822726 -39.458546 -5.623347 143.960938 -163.052902 -179.952698 32.977905 6.362445 2.713156 59.216457 0.996611 16.067724 176.785187 175.456497 -179.549026 176.785889 175.516861 -179.075150 164.823135 176.481079 179.996033 179.999985 178.918686 178.981537 180.000000 178.738510 178.945206 0.097812 0.929750 -0.618047 5.902627 -8.561999 6.013255 25.320642 -2.199487 74.162125 22.333408 4.292367 4.733473 175.285629 178.932220 165.610489 27.058918 57.340195 -8.626123 0.000002 -0.000000 34.736324 180.000000 180.000000 -166.984009 0.000000 -0.000000 0.000000 15.000002 -0.000002 25.685337 0.000000 -0.000000 21.015276 0.000000 -0.000000 14.710684 0.000000 -0.000000 0.000000 0.000002 -0.000004 28.657278 0.000001 0.000002 38.274349 0.000007 -0.000002 25.490717 0.000000 -0.000000 0.000000 170.000000 -179.999985 -150.964111 180.000000 180.000000 -136.446152 0.000000 -0.000000 29.006857 0.000000 -0.000000 0.000000 160.000015 180.000000 -152.915726 0.000000 0.000001 40.626427 180.000000 -180.000000 -152.942795 4.453741 -5.410152 -8.865426 163.078369 167.134781 105.460358 163.465424 -173.873245 177.778015 1.209109 -34.683517 9.115872 121.884193 120.286613 160.986557 180.000000 -179.999985 145.223480 0.000000 0.000000 -12.388259 0.000000 -0.000000 0.000000 165.000015 -180.000000 146.582474 0.000000 -0.000002 -27.341618 180.000000 180.000000 160.860870 0.000000 -0.000000 0.000000 0.000004 -0.000003 -31.298101 180.000000 180.000000 133.052856 0.000003 0.000001 -31.266806 0.000000 -0.000000 0.000000 9.999996 -0.000002 -30.202448 0.000001 -0.000002 -45.303680 180.000000 -180.000000 149.827759 0.000000 -0.000000 0.000000 19.999998 -0.000004 -32.788506 0.000003 0.000001 -49.182762 0.000000 -0.000002 -32.755730
-182.319672 5.248291 281.814117 112.346664 -173.437851 179.257263 166.560303 162.267273 -177.522003 31.141960 11.439112 -8.091166 13.320855 -40.232635 -5.172211 144.281906 -163.719772 179.463760 32.158936 6.055557 2.568378 59.337425 1.352464 15.674170 176.798950 175.435486 -179.555038 176.799652 175.496567 -179.085159 164.888016 176.472229 179.984192 0.000052 1.120484 -1.052323 0.000081 1.307204 -1.089861 0.388953 0.966606 -0.633544 6.043175 -8.556558 6.023276 25.466946 -2.187622 74.204895 22.602388 4.475868 4.792685 175.376770 178.786819 165.461182 27.111919 57.322746 -8.533230 180.000000 180.000000 -145.144638 180.000000 -180.000000 -166.882751 0.000000 -0.000000 0.000000 15.000002 -0.000004 25.700974 0.000000 -0.000000 21.028067 0.000007 -0.000001 14.719638 0.000000 -0.000000 0.000000 180.000000 -180.000000 -151.331177 0.000001 0.000002 38.472000 180.000000 180.000000 -154.377655 0.000000 -0.000000 0.000000 170.000000 -179.999985 -150.863174 180.000000 179.999985 -136.294754 0.000000 -0.000000 29.107698 0.000000 -0.000000 0.000000 160.000015 179.999985 -152.774734 180.000000 -180.000000 -139.162079 180.000000 180.000000 -152.801941 4.601577 -5.399302 -8.899708 163.263290 167.013687 105.433014 163.587738 -173.914078 177.787308 1.411109 -34.705799 8.944039 121.278748 120.134201 160.308167 0.000002 -0.000001 -34.798992 180.000000 -180.000000 167.600510 0.000000 -0.000000 0.000000 165.000015 -180.000000 146.649750 180.000000 -179.999985 152.713425 0.000001 -0.000005 -19.100597 0.000000 -0.000000 0.000000 0.000002 -0.000000 -31.266075 180.000000 -180.000000 133.100891 180.000000 180.000000 148.765198 0.000000 -0.000000 0.000000 10.000001 -0.000004 -30.122425 180.000000 -180.000000 134.816345 0.000000 0.000000 -30.092310 0.000000 -0.000000 0.000000 20.000002 -0.000000 -32.742462 180.000000 -180.000000 130.886307 0.000000 -0.000001 -32.709709
-182.260056 5.278881 281.744141 111.885170 -173.078049 179.329041 166.619614 161.681854 -177.978439 30.874037 12.497238 -8.418542 12.657160 -40.405212 -4.608366 144.438461 -164.338623 178.839645 31.248552 6.150868 2.575486 59.470219 1.669927 15.034225 176.804932 175.405930 -179.569000 176.805588 175.468048 -179.107651 164.917938 176.463577 179.952209 0.000122 1.185508 -1.083565 0.000185 1.383063 -1.122185 0.674944 1.025665 -0.646997 6.121156 -8.559010 6.064860 25.495850 -2.088645 74.292236 22.886425 4.780180 4.908803 175.310242 178.631012 165.350372 27.311274 57.288307 -8.358487 0.000000 -0.000000 34.931202 180.000000 -180.000000 -166.824341 0.000000 -0.000000 0.000000 15.000004 0.000002 25.726751 0.000003 -0.000004 21.049160 0.000000 0.000003 14.734406 0.000000 -0.000000 0.000000 180.000000 179.999985 -151.322754 0.000001 0.000002 38.621986 180.000000 -180.000000 -154.277756 0.000000 -0.000000 0.000000 170.000000 180.000000 -150.840729 180.000000 180.000000 -136.261108 0.000000 -0.000000 29.130104 0.000000 -0.000000 0.000000 160.000015 -179.999985 -152.697845 180.000000 180.000000 -139.046738 0.000000 -0.000000 27.274868 4.701681 -5.416020 -8.897129 163.418427 166.853180 105.364166 163.738022 -174.003067 177.816910 1.626883 -34.695435 8.753804 120.607559 120.041641 159.589447 0.000003 0.000001 -34.830601 180.000000 -179.999985 167.584702 0.000000 -0.000000 0.000000 165.000015 -180.000000 146.668457 0.000002 -0.000001 -27.271261 180.000000 180.000000 160.910110 0.000000 -0.000000 0.000000 0.000000 -0.000001 -31.212278 180.000000 180.000000 133.181564 0.000007 0.000002 -31.181074 0.000000 -0.000000 0.000000 9.999999 0.000001 -30.099510 0.000002 0.000003 -45.149265 0.000003 0.000001 -30.069412 0.000000 -0.000000 0.000000 20.000002 -0.000003 -32.644268 0.000003 0.000001 -48.966396 0.000000 0.000000 -32.611618
-182.199493 5.312986 281.675842 111.422897 -172.718857 179.403778 166.415070 161.005432 -178.664871 30.959898 13.294044 -8.640214 11.882886 -39.747295 -4.066128 144.484344 -164.976303 178.167694 30.210764 6.365135 2.623857 59.616512 2.038242 14.285199 176.802963 175.404053 -179.586456 176.803528 175.466843 -179.136292 164.912598 176.476181 179.917450 0.000210 1.281389 -1.114657 0.000285 1.494935 -1.154358 0.986840 1.111679 -0.658957 6.264096 -8.488652 6.079998 25.394413 -1.921504 74.406898 23.305729 5.113602 5.070642 175.161301 178.433640 165.224731 27.314600 57.158928 -8.341277 0.000000 0.000000 35.052589 0.000002 0.000000 13.278185 0.000000 -0.000000 0.000000 15.000004 0.000001 25.721117 0.000000 -0.000000 21.044546 0.000000 -0.000000 14.731186 0.000000 -0.000000 0.000000 0.000000 0.000002 28.682959 0.000000 -0.000000 38.727150 0.000000 0.000002 25.792280 0.000000 -0.000000 0.000000 170.000000 -179.999985 -150.799469 0.000002 0.000000 43.800797 0.000000 -0.000000 29.171331 0.000000 -0.000000 0.000000 160.000000 -180.000000 -152.605637 0.000001 -0.000001 41.091537 0.000003 -0.000001 27.366968 4.873312 -5.371724 -8.902056 163.501846 166.711807 105.309937 163.905136 -174.105103 177.819138 1.873358 -34.604965 8.568895 120.543030 120.170433 159.588058 0.000000 0.000000 -34.840469 180.000000 -179.999985 167.579773 0.000000 -0.000000 0.000000 165.000015 -180.000000 146.654755 0.000002 -0.000001 -27.282476 180.000000 -180.000000 160.902267 0.000000 -0.000000 0.000000 180.000000 -180.000000 148.831787 180.000000 -180.000000 133.247681 180.000000 -180.000000 148.862946 0.000000 -0.000000 0.000000 9.999995 -0.000002 -30.037649 180.000000 180.000000 134.943527 0.000000 0.000000 -30.007607 0.000000 -0.000000 0.000000 20.000004 -0.000002 -32.564766 180.000000 -179.999985 131.152847 180.000000 180.000000 147.467804
-182.137543 5.351009 281.614807 111.068817 -172.250549 179.481079 165.930237 160.207870 -179.570572 31.178492 14.068464 -8.792549 11.431283 -39.022572 -3.713686 144.385590 -165.834930 177.366043 29.174566 6.524663 2.616181 59.732872 2.313263 13.539019 176.791626 175.361465 -179.610489 176.792206 175.425797 -179.174240 164.863083 176.466309 179.856964 0.000238 1.379015 -1.124756 0.000309 1.608843 -1.164820 1.219572 1.198358 -0.658986 6.331679 -8.463375 6.104515 25.318224 -1.654671 74.552399 23.720911 5.375924 5.232092 175.098389 178.217331 165.081741 27.422007 56.872284 -8.331007 0.000003 -0.000001 35.117561 0.000002 -0.000001 13.323528 0.000000 -0.000000 0.000000 15.000002 -0.000001 25.735758 0.000001 0.000003 21.056524 0.000000 -0.000000 14.739573 0.000000 -0.000000 0.000000 180.000000 179.999985 -151.308990 0.000003 -0.000003 38.879787 180.000000 180.000000 -154.106064 0.000000 -0.000000 0.000000 170.000000 179.999985 -150.728058 180.000000 -180.000000 -136.092072 180.000000 180.000000 -150.757309 0.000000 -0.000000 0.000000 160.000015 -180.000000 -152.494324 180.000000 -180.000000 -138.741486 0.000000 0.000000 27.478180 4.982542 -5.389582 -8.874361 163.600739 166.532120 105.223717 164.036682 -174.287857 177.838257 2.136494 -34.544559 8.372414 120.075600 120.147781 159.113052 0.000001 -0.000001 -34.850258 0.000002 0.000002 -12.425136 0.000000 -0.000000 0.000000 165.000015 -179.999985 146.682037 180.000000 -179.999985 152.739853 180.000000 180.000000 160.917908 0.000000 -0.000000 0.000000 0.000000 0.000000 -31.147692 180.000000 -180.000000 133.278458 0.000003 0.000003 -31.116552 0.000000 -0.000000 0.000000 9.999999 -0.000000 -29.970060 0.000003 0.000002 -44.955082 180.000000 180.000000 150.059906 0.000000 -0.000000 0.000000 20.000002 0.000001 -32.530342 0.000003 0.000001 -48.795513 180.000000 180.000000 147.502182
-182.075058 5.392556 281.559875 110.777802 -171.740982 179.545715 165.287186 159.389511 179.411194 31.307367 15.043333 -8.974904 11.521574 -38.359673 -3.740359 144.334763 -166.746399 176.630402 28.377508 6.561817 2.530502 59.841938 2.683143 13.043328 176.771545 175.312683 -179.637833 176.772125 175.378677 -179.216949 164.773117 176.454788 179.785721 0.000250 1.487319 -1.129602 0.000329 1.735205 -1.169830 1.452647 1.294053 -0.655003 6.327582 -8.479976 6.151306 24.790962 -1.294205 74.779930 24.312099 5.989140 5.565610 174.989365 177.968964 164.944763 27.692604 56.511826 -8.230408 180.000000 180.000000 -144.822998 0.000001 -0.000001 13.356243 0.000000 -0.000000 0.000000 15.000000 0.000002 25.783829 0.000000 -0.000000 21.095858 0.000000 0.000003 14.767099 0.000000 -0.000000 0.000000 0.000001 0.000001 28.700140 180.000000 -180.000000 -140.939728 0.000000 -0.000000 26.014147 0.000000 -0.000000 0.000000 170.000000 179.999985 -150.670654 180.000000 179.999985 -136.005981 180.000000 180.000000 -150.699982 0.000000 -0.000000 0.000000 160.000015 179.999985 -152.334625 180.000000 -180.000000 -138.501938 0.000000 -0.000000 27.637712 5.038315 -5.461390 -8.807552 163.741943 166.324203 105.112045 164.146896 -174.534241 177.869293 2.414314 -34.500908 8.178598 119.839928 120.153084 158.901337 180.000000 179.999985 145.184280 0.000000 -0.000002 -12.407864 0.000000 -0.000000 0.000000 165.000015 -179.999985 146.729141 0.000002 0.000000 -27.221596 180.000000 180.000000 160.944870 0.000000 -0.000000 0.000000 0.000001 0.000002 -31.098650 0.000001 -0.000001 -46.647964 180.000000 -180.000000 148.932449 0.000000 -0.000000 0.000000 9.999999 0.000001 -29.944765 0.000000 -0.000000 -44.917152 180.000000 -179.999985 150.085190 0.000000 -0.000000 0.000000 20.000000 -0.000003 -32.427723 180.000000 -179.999985 131.358414 0.000004 0.000000 -32.395302
-182.015778 5.436629 281.510651 110.540039 -171.278732 179.600128 164.974579 158.853394 178.770370 31.038149 16.230274 -9.224173 11.661933 -37.157238 -3.768981 144.440277 -167.695175 176.011795 27.766993 6.593386 2.310218 59.962048 3.177413 12.683423 176.739639 175.297699 -179.666473 176.740204 175.364731 -179.262253 164.629547 176.467636 179.715302 0.000262 1.607328 -1.128836 0.000316 1.875230 -1.169050 1.695137 1.399962 -0.646380 6.376242 -8.422462 6.184759 24.183584 -0.920727 74.996033 25.034752 6.512222 5.941997 174.820938 177.707733 164.798004 27.825079 56.376240 -8.136486 180.000000 -180.000000 -144.732437 0.000002 -0.000000 13.427430 0.000000 -0.000000 0.000000 15.000004 0.000002 25.763245 0.000000 -0.000000 21.079023 180.000000 -179.999985 -165.244675 0.000000 -0.000000 0.000000 180.000000 -180.000000 -151.295944 0.000000 -0.000000 39.140247 0.000000 -0.000000 26.067410 0.000000 -0.000000 0.000000 170.000000 179.999985 -150.586746 180.000000 179.999985 -135.880142 180.000000 180.000000 -150.616165 0.000000 -0.000000 0.000000 160.000015 -180.000000 -152.164993 0.000002 -0.000001 41.752514 180.000000 -180.000000 -152.192825 5.150247 -5.460685 -8.751925 163.813324 166.177155 105.047112 164.270233 -174.704376 177.865250 2.642424 -34.376030 8.085700 120.217598 120.335884 159.372238 180.000000 -180.000000 145.194168 0.000003 0.000004 -12.402925 0.000000 -0.000000 0.000000 165.000000 179.999985 146.724884 180.000000 -179.999985 152.774918 180.000000 179.999985 160.942444 0.000000 -0.000000 0.000000 0.000003 -0.000003 -31.052631 0.000000 0.000000 -46.578945 0.000000 0.000000 -31.021585 0.000000 -0.000000 0.000000 10.000001 -0.000000 -29.882767 0.000003 0.000001 -44.824146 180.000000 180.000000 150.147125 0.000000 -0.000000 0.000000 20.000000 0.000004 -32.366516 180.000000 -179.999985 131.450226 0.000003 0.000003 -32.334156
-181.958618 5.480423 281.463593 110.290947 -170.804626 179.675369 164.659393 158.316315 178.099915 30.646242 17.532478 -9.525806 11.957047 -36.393631 -3.733933 144.830078 -168.689484 175.399094 27.167849 6.851813 1.994527 60.056091 3.538123 12.225248 176.720551 175.254410 -179.702469 176.721069 175.323349 -179.319427 164.546844 176.467789 179.627930 0.000255 1.707640 -1.102902 0.000289 1.992271 -1.142216 1.824687 1.487453 -0.624940 6.331028 -8.399161 6.242071 23.757013 -0.544222 75.182083 25.703112 6.843529 6.265258 174.746964 177.469955 164.589691 28.262140 56.246334 -7.827897 0.000000 0.000001 35.333092 0.000000 -0.000000 13.465993 0.000000 -0.000000 0.000000 15.000002 0.000003 25.580278 0.000001 0.000003 20.929316 0.000000 0.000003 14.650512 0.000000 -0.000000 0.000000 0.000004 -0.000003 28.692327 180.000000 180.000000 -141.094818 0.000000 -0.000000 25.910849 0.000000 -0.000000 0.000000 170.000000 180.000000 -150.589462 180.000000 179.999985 -135.884171 180.000000 -180.000000 -150.618851 0.000000 -0.000000 0.000000 160.000000 -180.000000 -151.992645 180.000000 180.000000 -137.988968 180.000000 180.000000 -152.020660 5.175343 -5.508472 -8.690806 163.903900 166.039337 104.999504 164.311203 -174.868088 177.875687 2.863095 -34.321407 8.068899 120.267311 120.250511 159.434555 0.000001 0.000004 -34.689888 0.000003 0.000002 -12.344950 0.000000 -0.000000 0.000000 165.000000 179.999985 146.792831 0.000003 0.000002 -27.169504 0.000000 0.000000 -19.018652 0.000000 -0.000000 0.000000 0.000000 0.000000 -31.058035 0.000000 -0.000000 -46.587044 180.000000 -179.999985 148.973038 0.000000 -0.000000 0.000000 9.999995 -0.000004 -29.828833 180.000000 -180.000000 135.256744 0.000003 0.000000 -29.798998 0.000000 -0.000000 0.000000 20.000000 0.000000 -32.400787 180.000000 -180.000000 131.398804 0.000000 0.000000 -32.368389
-181.909424 5.519782 281.423859 110.080139 -170.324966 179.773224 164.559586 157.864380 177.634338 29.875784 19.288471 -10.006633 12.198756 -36.277542 -3.348471 145.406036 -169.557129 174.875336 26.690729 7.310302 1.661912 60.198311 4.168345 11.857183 176.708298 175.184402 -179.747192 176.708771 175.256180 -179.390213 164.496902 176.457275 179.521179 0.000228 1.788603 -1.063034 0.000246 2.086729 -1.100942 1.880188 1.557240 -0.597113 6.161311 -8.413194 6.342977 22.926666 -0.098404 75.346375 26.632631 7.507246 6.776174 174.610153 177.240784 164.360184 28.436949 56.546253 -7.646905 180.000000 -180.000000 -144.787735 180.000000 -180.000000 -166.637924 0.000000 -0.000000 0.000000 15.000006 -0.000000 25.494606 0.000003 -0.000001 20.859226 180.000000 -179.999985 -165.398529 0.000000 -0.000000 0.000000 180.000000 179.999985 -151.309174 0.000001 0.000002 38.876148 0.000000 -0.000000 25.891514 0.000000 -0.000000 0.000000 170.000000 -180.000000 -150.663269 180.000000 179.999985 -135.994888 0.000000 -0.000000 29.307402 0.000000 -0.000000 0.000000 160.000000 -179.999985 -151.964584 180.000000 179.999985 -137.946884 0.000003 -0.000001 28.007370 5.080382 -5.605058 -8.611278 163.938507 165.946625 104.978966 164.307663 -175.022156 177.907791 3.049436 -34.396393 8.185497 120.316963 120.049522 159.447403 180.000000 180.000000 145.446823 180.000000 180.000000 167.723404 0.000000 -0.000000 0.000000 165.000015 -180.000000 146.895569 0.000001 -0.000003 -27.085455 180.000000 -180.000000 161.040192 0.000000 -0.000000 0.000000 0.000003 -0.000003 -31.003946 0.000004 0.000000 -46.505928 0.000004 0.000000 -30.972937 0.000000 -0.000000 0.000000 10.000001 -0.000003 -29.862963 0.000003 0.000002 -44.794449 0.000000 0.000000 -29.833097 0.000000 -0.000000 0.000000 20.000002 -0.000002 -32.422134 180.000000 -180.000000 131.366776 180.000000 -179.999985 147.610275
-181.870209 5.552358 281.396698 110.025711 -170.028564 179.885452 164.183182 158.187836 176.773224 29.612350 21.267481 -9.821124 12.218491 -36.173832 -2.670861 146.032028 -170.101089 174.419647 25.911026 8.104138 1.369107 60.447746 5.313011 11.436723 176.681534 175.171997 -179.792313 176.682007 175.245590 -179.463242 164.381882 176.487595 179.420151 0.000179 1.859810 -1.010426 0.000195 2.169800 -1.046493 1.855239 1.617919 -0.563850 5.999039 -8.365128 6.438730 22.038057 0.255686 75.469116 27.676891 8.168226 7.305284 174.400909 176.940292 164.021835 28.849855 56.771206 -7.200496 0.000000 -0.000000 35.319923 180.000000 -180.000000 -166.551117 0.000000 -0.000000 0.000000 15.000004 0.000005 25.221975 0.000000 -0.000000 20.636160 180.000000 180.000000 -165.554688 0.000000 -0.000000 0.000000 0.000000 -0.000000 28.674797 0.000001 0.000002 38.577976 180.000000 -180.000000 -154.307068 0.000000 -0.000000 0.000000 170.000000 179.999985 -150.461639 180.000000 -180.000000 -135.692444 0.000003 -0.000001 29.508831 0.000000 -0.000000 0.000000 160.000015 -179.999985 -151.828949 180.000000 180.000000 -137.743408 0.000000 0.000001 28.142889 4.976864 -5.636441 -8.541768 163.710922 165.986694 105.014259 164.376205 -174.968231 177.921188 3.124577 -34.402996 8.493077 120.651535 120.155197 159.808594 180.000000 180.000000 145.404434 0.000002 -0.000002 -12.297779 0.000000 -0.000000 0.000000 165.000015 180.000000 146.820236 180.000000 180.000000 152.852905 0.000003 0.000001 -19.002960 0.000000 -0.000000 0.000000 0.000000 0.000000 -30.972780 0.000000 0.000000 -46.459175 0.000006 0.000003 -30.941805 0.000000 -0.000000 0.000000 10.000006 0.000004 -29.858854 0.000006 0.000004 -44.788277 180.000000 180.000000 150.171005 0.000000 -0.000000 0.000000 19.999994 -0.000001 -32.483112 180.000000 180.000000 131.275314 180.000000 180.000000 147.549362
-181.840164 5.577539 281.378174 110.035141 -169.843521 -179.997162 163.916641 158.899582 175.924973 29.599598 23.607153 -9.386258 11.958719 -36.799278 -1.774572 146.652679 -170.501831 173.942886 24.839457 9.099494 1.092049 60.709435 6.569558 10.851017 176.659805 175.166458 -179.833633 176.660309 175.241638 -179.530518 164.289963 176.519730 179.329742 0.000108 1.901158 -0.942665 0.000112 2.218026 -0.976327 1.698040 1.651362 -0.525959 5.824871 -8.313316 6.517095 21.602682 0.495329 75.522156 28.546164 8.441047 7.638359 174.291702 176.534988 163.566818 30.222340 57.187046 -5.961014 180.000000 180.000000 -144.592926 180.000000 -179.999985 -166.509140 0.000000 -0.000000 0.000000 15.000006 0.000002 25.021515 0.000000 -0.000000 20.472147 0.000000 -0.000000 14.330510 0.000000 -0.000000 0.000000 180.000000 179.999985 -151.333176 180.000000 -180.000000 -141.562897 180.000000 180.000000 -154.400894 0.000000 -0.000000 0.000000 170.000000 179.999985 -150.179810 0.000004 0.000000 44.730259 0.000000 0.000002 29.790365 0.000000 -0.000000 0.000000 160.000015 179.999985 -151.879486 180.000000 180.000000 -137.819229 0.000001 0.000002 28.092390 4.827418 -5.671606 -8.477488 163.348038 166.096893 105.065231 164.353806 -174.961365 177.985779 3.255826 -34.562717 8.838661 120.126297 119.798981 159.172363 180.000000 -179.999985 145.529175 180.000000 -179.999985 167.764587 0.000000 -0.000000 0.000000 165.000015 180.000000 146.873611 0.000003 0.000002 -27.103405 0.000003 0.000004 -18.972387 0.000000 -0.000000 0.000000 0.000000 -0.000002 -31.072348 180.000000 180.000000 133.391479 0.000000 -0.000001 -31.041281 0.000000 -0.000000 0.000000 10.000000 -0.000002 -29.842194 0.000003 0.000001 -44.763290 180.000000 -180.000000 150.187653 0.000000 -0.000000 0.000000 19.999994 0.000002 -32.634312 180.000000 -179.999985 131.048538 0.000003 0.000002 -32.601677
-181.812897 5.595913 281.362549 110.031845 -169.613815 -179.873001 163.672363 159.573532 175.065872 29.902277 26.251049 -8.936557 11.495764 -38.240211 -0.786653 147.226440 -170.849762 173.417267 23.786562 10.041697 0.896503 61.132652 8.562034 10.341221 176.646118 175.118134 -179.874512 176.646622 175.195663 -179.595795 164.234085 176.522171 179.234360 0.000070 1.924468 -0.881087 0.000071 2.245217 -0.912551 1.520984 1.668997 -0.493070 5.650485 -8.295756 6.571114 21.273718 0.674797 75.570473 29.464794 8.692192 7.921226 174.081635 176.112427 163.106750 31.829798 57.457100 -4.626066 180.000000 -180.000000 -144.604706 180.000000 180.000000 -166.565338 0.000000 -0.000000 0.000000 15.000002 -0.000000 25.114162 0.000003 -0.000001 20.547943 0.000000 -0.000000 14.383562 0.000000 -0.000000 0.000000 180.000000 179.999985 -151.313217 180.000000 -180.000000 -141.200958 0.000000 -0.000000 25.840162 0.000000 -0.000000 0.000000 170.000000 179.999985 -150.665955 0.000000 -0.000000 44.001064 0.000003 -0.000001 29.304712 0.000000 -0.000000 0.000000 160.000015 -179.999985 -151.999466 0.000002 -0.000004 42.000813 180.000000 -179.999985 -152.027451 4.659460 -5.746169 -8.404169 162.746948 166.276260 105.117493 164.253586 -174.960846 178.108215 3.467770 -34.796814 9.270146 119.264694 119.422401 158.196396 0.000002 0.000002 -34.341003 0.000002 0.000000 -12.170498 0.000000 -0.000000 0.000000 165.000015 179.999985 146.871902 180.000000 180.000000 152.895203 180.000000 179.999985 161.026642 0.000000 -0.000000 0.000000 0.000003 -0.000003 -31.081438 180.000000 180.000000 133.377838 180.000000 180.000000 148.949631 0.000000 -0.000000 0.000000 10.000001 -0.000003 -29.967787 0.000003 0.000002 -44.951679 0.000003 0.000002 -29.937813 0.000000 -0.000000 0.000000 19.999994 0.000006 -32.634159 0.000000 -0.000001 -48.951244 0.000003 0.000003 -32.601521
-181.795837 5.609270 281.358063 110.139465 -169.509796 -179.795044 163.357544 160.363937 174.278488 30.627672 28.679152 -8.292869 10.802743 -39.577728 0.164814 147.434982 -171.144302 172.955597 22.955269 10.797776 0.738570 61.759453 11.476063 9.851906 176.615128 175.107422 -179.899963 176.615646 175.185852 -179.635941 164.094742 176.537796 179.171631 0.000027 1.945668 -0.834373 0.000037 2.269953 -0.864167 1.366685 1.685297 -0.468792 5.595858 -8.252518 6.584794 20.851795 0.787527 75.604599 30.588831 9.006665 8.227515 173.773392 175.567825 162.618637 32.369705 57.210178 -4.213124 0.000000 0.000000 35.585373 180.000000 -180.000000 -166.423920 180.000000 179.999985 -180.000000 15.000000 0.000003 25.073023 0.000000 -0.000000 20.514301 0.000000 0.000003 14.360008 180.000000 179.999985 -180.000000 180.000000 179.999985 -151.303604 0.000000 -0.000000 38.985172 180.000000 179.999985 -154.035873 180.000000 179.999985 -180.000000 170.000000 179.999985 -150.324860 0.000003 -0.000003 44.512733 0.000000 -0.000000 29.645483 180.000000 179.999985 -180.000000 160.000015 179.999985 -151.724442 0.000003 -0.000001 42.413330 180.000000 180.000000 -151.752731 4.581038 -5.770717 -8.341635 161.882065 166.602112 105.217369 164.246536 -174.827118 178.203766 3.519182 -34.857502 9.920984 119.500443 119.668983 158.484421 0.000001 0.000001 -34.482018 0.000002 0.000002 -12.241008 0.000000 -0.000000 0.000000 165.000015 -180.000000 146.615494 180.000000 179.999985 152.685394 0.000004 -0.000001 -19.120224 0.000000 -0.000000 0.000000 0.000001 0.000002 -31.295443 180.000000 180.000000 133.056839 180.000000 -180.000000 148.735855 0.000000 -0.000000 0.000000 10.000003 -0.000003 -30.023821 0.000000 0.000000 -45.035732 180.000000 -179.999985 150.006180 0.000000 -0.000000 0.000000 19.999998 -0.000003 -32.765091 180.000000 -179.999985 130.852371 0.000000 0.000000 -32.732319
-181.774902 5.621122 281.351135 110.207855 -169.411789 -179.737396 163.280350 161.989502 173.446259 32.065659 31.690651 -6.801285 9.926489 -41.130993 0.860779 147.460266 -171.565613 172.528900 22.478518 11.416526 0.561039 62.379101 14.451881 9.221985 176.589310 175.086853 -179.915573 176.589844 175.166046 -179.659592 163.976868 176.538254 179.128189 0.000015 1.966824 -0.799842 0.000021 2.294633 -0.828401 1.206481 1.701637 -0.452239 5.601159 -8.229544 6.546702 20.932507 0.794059 75.654861 31.479118 8.976861 8.283112 173.640213 174.919510 162.054077 33.602161 57.252743 -3.246736 180.000000 180.000000 -144.435745 0.000001 -0.000002 13.517455 0.000000 -0.000000 0.000000 15.000002 0.000003 25.149036 0.000003 -0.000001 20.576490 0.000000 -0.000000 14.403545 0.000000 -0.000000 0.000000 180.000000 -180.000000 -151.282486 180.000000 -180.000000 -140.570953 0.000000 0.000002 26.259745 0.000000 -0.000000 0.000000 170.000000 180.000000 -150.206467 0.000002 -0.000001 44.690315 0.000003 -0.000001 29.763741 0.000000 -0.000000 0.000000 160.000015 179.999985 -151.345139 0.000001 0.000002 42.982304 0.000003 -0.000001 28.626215 4.557333 -5.795263 -8.290097 161.024750 166.946716 105.314796 164.041412 -174.827576 178.330643 3.721335 -34.961166 10.562585 118.819038 119.402840 157.774994 0.000001 0.000001 -34.282471 0.000003 0.000003 -12.141236 0.000000 -0.000000 0.000000 165.000000 -180.000000 146.528992 0.000002 0.000000 -27.385366 180.000000 -179.999985 160.830231 0.000000 -0.000000 0.000000 0.000003 0.000001 -31.392601 0.000001 -0.000002 -47.088902 180.000000 180.000000 148.638794 0.000000 -0.000000 0.000000 10.000004 -0.000000 -30.108061 180.000000 180.000000 134.837906 180.000000 180.000000 149.922058 0.000000 -0.000000 0.000000 20.000002 -0.000001 -33.089104 180.000000 -179.999985 130.366364 0.000000 -0.000001 -33.056011
-181.768417 5.630899 281.341949 110.102943 -169.334183 -179.704361 163.655045 163.217117 173.213638 33.231499 34.711525 -5.812553 8.895129 -42.947098 1.423823 147.490921 -172.036591 172.256500 22.420565 11.756533 0.376035 63.210083 18.057508 8.636983 176.580978 175.060715 -179.921310 176.581528 175.140503 -179.667603 163.938309 176.525650 179.108673 0.000017 1.986126 -0.788176 0.000031 2.317145 -0.816315 1.151293 1.717591 -0.446432 5.695131 -8.238014 6.491671 20.990988 0.796956 75.700211 32.536232 9.047995 8.353644 173.379318 174.359833 161.583267 34.982845 57.560318 -2.086389 0.000000 0.000000 35.447212 180.000000 180.000000 -166.620209 0.000000 -0.000000 0.000000 15.000004 0.000002 25.342876 0.000003 -0.000001 20.735073 0.000000 -0.000000 14.514553 0.000000 -0.000000 0.000000 0.000000 -0.000002 28.741381 180.000000 -180.000000 -139.989777 180.000000 179.999985 -153.353195 0.000000 -0.000000 0.000000 170.000000 -180.000000 -150.065369 180.000000 180.000000 -135.098053 180.000000 -180.000000 -150.095306 0.000000 -0.000000 0.000000 160.000015 -180.000000 -151.039902 180.000000 179.999985 -136.559860 180.000000 -180.000000 -151.068863 4.584269 -5.828463 -8.261454 160.298203 167.348541 105.475639 163.587433 -174.997101 178.440353 3.955283 -35.052330 11.394292 118.690605 119.257904 157.691818 0.000004 -0.000001 -34.047016 180.000000 -179.999985 167.976501 0.000000 -0.000000 0.000000 165.000015 -179.999985 146.377762 0.000002 0.000000 -27.509106 180.000000 -180.000000 160.743622 0.000000 -0.000000 0.000000 0.000001 0.000003 -31.564859 180.000000 180.000000 132.652710 0.000003 0.000001 -31.533297 0.000000 -0.000000 0.000000 10.000000 -0.000002 -30.393583 0.000000 0.000000 -45.590366 0.000000 -0.000001 -30.363194 0.000000 -0.000000 0.000000 20.000002 -0.000006 -33.377476 180.000000 180.000000 129.933777 0.000003 0.000002 -33.344105
-181.772858 5.636099 281.333679 109.958000 -169.310989 -179.673126 164.020081 164.572861 173.073120 34.631836 37.444744 -4.646903 7.836648 -44.432945 1.993422 147.492111 -172.555008 172.085953 22.574080 11.867055 0.150658 64.328629 22.495846 8.144875 176.572815 175.043610 -179.924301 176.573364 175.123749 -179.671417 163.900162 176.516907 179.096573 0.000006 2.009287 -0.784048 0.000011 2.344168 -0.812044 1.151518 1.737481 -0.443560 5.780735 -8.250377 6.449832 20.300545 1.208338 75.734070 34.526615 9.819271 8.798491 173.017960 173.845810 161.100754 35.251621 57.357048 -1.838425 0.000000 -0.000000 35.692875 180.000000 -180.000000 -166.419983 0.000000 -0.000000 0.000000 15.000002 -0.000003 25.179331 0.000001 0.000003 20.601267 0.000000 -0.000000 14.420882 0.000000 -0.000000 0.000000 0.000001 0.000003 28.741535 0.000001 0.000002 40.014565 0.000000 -0.000000 26.649698 0.000000 -0.000000 0.000000 170.000000 -179.999985 -150.057053 0.000001 -0.000002 44.914413 0.000003 -0.000001 29.912998 0.000000 -0.000000 0.000000 160.000015 179.999985 -150.674957 180.000000 180.000000 -136.012421 0.000000 -0.000000 29.295723 4.660229 -5.857559 -8.253418 159.623947 167.828766 105.733032 163.162552 -175.054367 178.443985 3.816155 -34.945755 12.630313 119.726646 119.748833 158.843109 0.000003 0.000002 -34.291851 0.000000 -0.000001 -12.145920 0.000000 -0.000000 0.000000 165.000000 180.000000 145.908401 0.000002 0.000000 -27.893116 180.000000 -180.000000 160.474823 0.000000 -0.000000 0.000000 0.000002 -0.000001 -31.896873 180.000000 180.000000 132.154678 0.000000 0.000000 -31.864988 0.000000 -0.000000 0.000000 9.999995 -0.000000 -30.705730 180.000000 -179.999985 133.941406 0.000003 0.000002 -30.675018 0.000000 -0.000000 0.000000 20.000004 -0.000000 -33.925510 0.000001 0.000005 -50.888268 0.000000 -0.000001 -33.891590
-181.782578 5.635322 281.327393 109.822144 -169.353317 -179.645599 164.373398 166.335846 172.937759 36.396557 40.148415 -3.025296 6.813384 -45.723354 2.489653 147.513794 -173.114532 171.954132 22.670633 11.865315 -0.135389 65.305946 26.373116 7.579312 176.566635 175.037918 -179.923584 176.567184 175.118073 -179.669647 163.870667 176.512665 179.094833 179.999985 177.969345 179.223694 180.000000 177.630920 179.195984 1.111019 1.755504 -0.439804 5.803184 -8.265203 6.422187 19.697353 1.614034 75.752327 36.501335 10.647164 9.234632 172.862137 173.137344 160.451035 36.490116 57.831226 -0.659193 180.000000 180.000000 -144.344879 0.000000 0.000001 13.524027 0.000000 -0.000000 0.000000 15.000000 0.000001 24.871300 0.000001 0.000003 20.349253 180.000000 179.999985 -165.755524 0.000000 -0.000000 0.000000 180.000000 179.999985 -151.268799 180.000000 180.000000 -140.250519 0.000007 -0.000002 26.473156 0.000000 -0.000000 0.000000 170.000000 179.999985 -149.820145 0.000001 0.000003 45.269772 0.000003 -0.000001 30.149673 0.000000 -0.000000 0.000000 160.000015 180.000000 -150.682083 0.000001 -0.000002 43.976875 0.000003 -0.000003 29.288603 4.675906 -5.871015 -8.265330 159.229416 168.299942 106.036446 162.482834 -175.169571 178.407211 3.730449 -34.864784 13.943023 120.177795 119.780220 159.411621 180.000000 -180.000000 145.926468 180.000000 180.000000 167.963226 0.000000 -0.000000 0.000000 165.000015 179.999985 145.561966 180.000000 -179.999985 151.823425 180.000000 180.000000 160.276398 0.000000 -0.000000 0.000000 0.000000 0.000000 -32.364799 0.000002 0.000004 -48.547199 0.000003 0.000001 -32.332439 0.000000 -0.000000 0.000000 10.000000 0.000004 -31.127987 180.000000 179.999985 133.308029 0.000000 -0.000000 -31.096865 0.000000 -0.000000 0.000000 20.000002 -0.000002 -34.599606 180.000000 179.999985 128.100586 0.000004 0.000000 -34.565018
-181.796280 5.627372 281.322601 109.687759 -169.440826 -179.614975 164.711029 168.303055 172.806351 38.302605 42.831295 -1.234234 5.879048 -46.966164 3.020923 147.610168 -173.586502 171.878754 22.633581 11.769068 -0.408479 65.986511 29.375370 6.907419 176.562622 175.033249 -179.923141 176.563171 175.113434 -179.668442 163.851562 176.509216 179.093460 179.999969 177.961975 179.234528 179.999969 177.622314 179.207184 1.079202 1.761543 -0.434098 5.757181 -8.287723 6.399922 19.176300 1.976233 75.778885 38.602200 11.623115 9.654110 172.540039 172.583817 159.884338 37.817337 58.567532 0.670702 180.000000 180.000000 -144.497543 0.000002 0.000001 13.376359 0.000000 -0.000000 0.000000 15.000000 0.000002 24.971325 180.000000 180.000000 -159.568909 180.000000 -179.999985 -165.698242 0.000000 -0.000000 0.000000 180.000000 -180.000000 -151.253372 0.000000 -0.000000 40.153591 0.000000 0.000002 26.742287 0.000000 -0.000000 0.000000 170.000000 179.999985 -150.020355 180.000000 179.999985 -135.030518 0.000000 0.000002 29.949663 0.000000 -0.000000 0.000000 160.000015 180.000000 -150.993011 180.000000 -179.999985 -136.489517 0.000000 -0.000000 28.977980 4.624566 -5.888322 -8.273786 159.011765 168.767670 106.380081 161.517441 -175.357788 178.352264 3.590866 -34.967869 15.489870 120.637535 119.840233 159.974457 0.000002 0.000002 -33.910023 0.000000 -0.000002 -11.955011 0.000000 -0.000000 0.000000 165.000015 -179.999985 145.088867 180.000000 179.999985 151.436356 180.000000 180.000000 160.005447 0.000000 -0.000000 0.000000 180.000000 179.999985 147.127960 180.000000 -179.999985 130.691956 0.000004 0.000000 -32.839169 0.000000 -0.000000 0.000000 10.000000 -0.000000 -31.669811 0.000002 0.000003 -47.504719 0.000003 0.000001 -31.638136 0.000000 -0.000000 0.000000 20.000002 -0.000003 -35.391144 0.000003 0.000002 -53.086689 0.000000 0.000000 -35.355732
-181.811890 5.611872 281.319977 109.572403 -169.569672 -179.587570 164.853226 169.476944 172.779083 39.485516 44.504784 -0.340427 5.232009 -47.827579 3.521806 147.896927 -174.039856 171.825577 22.429823 11.588579 -0.672330 66.326714 31.610348 6.052526 176.558395 175.029373 -179.921936 176.558929 175.109528 -179.665970 163.831253 176.505646 179.093674 179.999954 177.964966 179.248932 179.999954 177.625778 179.222107 1.026944 1.758530 -0.427118 5.705225 -8.325434 6.394713 18.649136 2.299932 75.786324 40.981049 12.741722 10.096557 172.013046 171.976013 159.282867 37.907066 58.076424 0.704120 180.000000 -180.000000 -144.135605 0.000002 -0.000000 13.673438 0.000000 -0.000000 0.000000 15.000004 0.000004 24.727581 0.000000 -0.000000 20.231657 0.000000 -0.000000 14.162162 0.000000 -0.000000 0.000000 0.000002 -0.000000 28.742016 0.000001 0.000002 40.027443 180.000000 -179.999985 -153.341721 0.000000 -0.000000 0.000000 170.000000 179.999985 -150.074768 180.000000 -180.000000 -135.112152 0.000000 -0.000000 29.895304 0.000000 -0.000000 0.000000 160.000015 180.000000 -150.719559 180.000000 -180.000000 -136.079330 180.000000 179.999985 -150.748840 4.554590 -5.927529 -8.279534 158.738388 169.253830 106.754341 160.695908 -175.326019 178.247208 2.971581 -34.987236 17.397270 121.324654 120.234154 160.647919 0.000001 0.000002 -34.311836 0.000002 -0.000002 -12.155916 0.000003 -0.000000 0.000000 165.000015 -179.999985 144.362213 0.000000 0.000000 -29.158190 0.000003 0.000001 -20.410730 0.000003 -0.000000 0.000000 0.000001 -0.000003 -33.558949 0.000001 -0.000003 -50.338413 0.000000 0.000000 -33.525379 0.000003 -0.000000 0.000000 10.000002 -0.000001 -32.377548 180.000000 -179.999985 131.433670 180.000000 -180.000000 147.654831 0.000003 -0.000000 0.000000 20.000000 -0.000000 -36.414768 0.000004 0.000000 -54.622147 0.000000 -0.000000 -36.378349
-181.819580 5.590450 281.321594 109.571625 -169.726807 -179.576981 164.824722 171.060364 172.810867 40.608139 46.088879 0.602352 4.876305 -48.310974 4.028417 148.224335 -174.545319 171.765167 22.253971 11.347437 -0.918436 66.224220 32.470646 5.143678 176.545715 175.033600 -179.917908 176.546265 175.113434 -179.658707 163.770950 176.505569 179.098465 179.999969 177.959167 179.265411 179.999954 177.619049 179.239182 0.897285 1.762420 -0.421156 5.566066 -8.327301 6.397787 18.158075 2.527465 75.774429 43.223423 13.852304 10.568020 171.737686 171.044220 158.475647 38.910263 58.147594 1.555584 180.000000 -180.000000 -144.143158 0.000000 -0.000000 13.638160 0.000000 -0.000000 0.000000 15.000002 -0.000003 24.789005 0.000000 -0.000000 20.281912 0.000007 -0.000001 14.197334 0.000000 -0.000000 0.000000 0.000002 -0.000000 28.762934 180.000000 179.999985 -139.345978 0.000001 0.000003 27.075573 0.000000 -0.000000 0.000000 170.000000 179.999985 -149.635956 180.000000 180.000000 -134.453934 0.000002 -0.000004 30.333673 0.000000 -0.000000 0.000000 160.000015 180.000000 -150.685486 0.000001 0.000002 43.971783 0.000000 -0.000000 29.285200 4.434211 -5.952693 -8.281116 158.491531 169.683044 107.089127 159.818588 -175.281189 178.177368 2.432440 -35.126114 19.184694 121.455200 120.176712 160.777435 0.000003 0.000001 -34.247021 0.000000 -0.000002 -12.123514 0.000000 -0.000000 0.000000 165.000015 -179.999985 143.680023 180.000000 179.999985 150.283676 180.000000 -179.999985 159.198563 0.000000 -0.000000 0.000000 0.000001 0.000004 -34.183655 0.000004 -0.000000 -51.275486 180.000000 -179.999985 145.850525 0.000000 -0.000000 0.000000 9.999997 0.000002 -33.071743 180.000000 -180.000000 130.392380 180.000000 -180.000000 146.961334 0.000000 -0.000000 0.000000 20.000004 -0.000004 -37.307854 0.000002 0.000003 -55.961773 0.000006 0.000003 -37.270531
-181.818359 5.565617 281.327271 109.652557 -169.888184 -179.592651 164.685089 172.285049 172.886642 41.281075 47.070381 1.028142 4.618977 -48.464695 4.581487 148.525360 -174.991516 171.726151 22.178556 11.098601 -1.098081 65.572662 31.828852 4.014305 176.530853 175.032257 -179.907761 176.531372 175.111557 -179.640869 163.698456 176.496231 179.113464 179.999985 177.960831 179.279297 179.999969 177.620956 179.253555 0.732641 1.759687 -0.417886 5.423917 -8.324845 6.399271 18.426533 2.231903 75.751747 44.768501 14.441817 10.591220 171.292496 170.223816 157.781998 40.811684 57.935543 3.030224 0.000000 0.000001 35.850742 0.000000 -0.000000 13.565299 0.000000 -0.000000 0.000000 15.000004 0.000005 25.202963 0.000000 -0.000000 20.620600 180.000000 179.999985 -165.565582 0.000000 -0.000000 0.000000 0.000000 -0.000000 28.786549 0.000000 -0.000000 41.657539 0.000000 -0.000000 27.743925 0.000000 -0.000000 0.000000 170.000000 -180.000000 -149.661255 0.000002 0.000001 45.508110 0.000000 -0.000000 30.308405 0.000000 -0.000000 0.000000 160.000000 -180.000000 -149.770859 180.000000 180.000000 -134.656296 180.000000 180.000000 -149.801086 4.264527 -5.967170 -8.281861 158.126877 170.126801 107.385246 158.866348 -175.225754 178.186462 2.004391 -35.380672 20.919992 121.175941 120.103867 160.449478 180.000000 -179.999985 145.716110 0.000002 -0.000001 -12.141953 0.000000 -0.000000 0.000000 165.000015 179.999985 143.062241 0.000001 0.000002 -30.221794 180.000000 179.999985 158.844757 0.000000 -0.000000 0.000000 0.000002 -0.000001 -34.760483 0.000002 -0.000001 -52.140739 180.000000 -179.999985 145.274277 0.000000 -0.000000 0.000000 10.000002 -0.000000 -33.637321 180.000000 179.999985 129.544022 0.000000 -0.000002 -33.603687 0.000000 -0.000000 0.000000 19.999998 -0.000000 -38.197903 0.000001 -0.000001 -57.296860 0.000003 0.000002 -38.159714
-181.810883 5.538737 281.336456 109.788818 -170.061234 -179.629898 164.500977 173.172714 172.989090 41.407970 47.432167 0.981910 4.567477 -48.251701 5.076335 148.818756 -175.415527 171.700302 22.207094 10.844029 -1.217214 64.675575 30.360912 2.789001 176.515640 175.023605 -179.891312 176.516174 175.102219 -179.612244 163.622482 176.476120 179.139175 179.999985 177.963043 179.287491 179.999985 177.623550 179.262039 0.534699 1.756233 -0.419342 5.293256 -8.357744 6.404436 18.612347 1.883784 75.703751 46.529762 15.042976 10.656764 170.653671 169.484009 157.079346 41.710033 56.827553 3.503062 0.000000 0.000000 36.371220 0.000000 0.000001 13.951779 0.000000 -0.000000 0.000000 14.999999 -0.000001 24.755129 180.000000 -179.999985 -159.745819 0.000000 -0.000000 14.177931 0.000000 -0.000000 0.000000 0.000001 0.000003 28.779764 0.000000 -0.000000 41.311649 0.000004 0.000003 27.513554 0.000000 -0.000000 0.000000 170.000000 179.999985 -150.092117 0.000002 -0.000001 44.861835 180.000000 180.000000 -150.122009 0.000000 -0.000000 0.000000 160.000015 -180.000000 -148.798462 180.000000 180.000000 -133.197693 0.000004 0.000001 31.170343 4.107644 -6.022873 -8.277638 157.548553 170.608475 107.648026 158.235764 -175.031799 178.223785 1.275784 -35.481075 22.712242 121.105125 120.369186 160.292923 180.000000 -180.000000 145.264664 0.000001 0.000003 -12.367668 0.000000 -0.000000 0.000000 165.000015 179.999985 142.421097 180.000000 -179.999985 149.253616 0.000001 -0.000003 -21.522459 0.000000 -0.000000 0.000000 0.000001 -0.000003 -35.319550 180.000000 -180.000000 127.020676 180.000000 -180.000000 144.715759 0.000000 -0.000000 0.000000 10.000004 0.000001 -34.213741 0.000001 -0.000003 -51.320614 0.000000 0.000000 -34.179516 0.000000 -0.000000 0.000000 19.999996 0.000003 -38.996864 180.000000 -179.999985 121.504692 0.000000 0.000000 -38.957870
-181.797623 5.511124 281.347351 109.949310 -170.205505 -179.680008 164.309738 173.868439 173.091248 41.321533 47.175205 0.754165 4.548262 -47.554630 5.571253 149.158295 -175.905563 171.648880 22.235243 10.575102 -1.313121 63.814053 28.556412 1.755422 176.503708 175.008667 -179.872391 176.504257 175.086609 -179.579422 163.560898 176.449249 179.169495 179.999985 177.945297 179.290344 179.999985 177.602844 179.265015 0.290611 1.769620 -0.425242 5.191130 -8.365479 6.411763 18.752499 1.467552 75.616631 48.058411 15.482280 10.725729 170.258011 168.413177 156.098557 44.029976 56.341259 5.225650 180.000000 180.000000 -143.594299 180.000000 -179.999985 -166.112885 0.000000 -0.000000 0.000000 15.000004 0.000003 24.013603 0.000000 -0.000000 19.647482 0.000000 0.000003 13.753241 0.000000 -0.000000 0.000000 0.000000 -0.000000 28.771254 0.000000 -0.000000 40.953987 180.000000 -179.999985 -152.724640 0.000000 -0.000000 0.000000 170.000000 -179.999985 -149.267883 0.000001 0.000002 46.098179 180.000000 -180.000000 -149.298615 0.000000 -0.000000 0.000000 160.000015 179.999985 -151.192474 180.000000 179.999985 -136.788712 0.000000 -0.000000 28.778723 3.979454 -6.056387 -8.270458 156.900513 171.072342 107.843887 157.705154 -174.923752 178.320328 0.804475 -35.586773 24.118309 119.896980 120.415237 159.051865 180.000000 180.000000 145.100861 0.000002 0.000001 -12.449569 0.000000 -0.000000 0.000000 165.000015 180.000000 141.927124 180.000000 -179.999985 148.849472 180.000000 -179.999985 158.194626 0.000000 -0.000000 0.000000 180.000000 179.999985 144.229050 0.000000 0.000000 -53.656445 0.000001 -0.000002 -35.735195 0.000000 -0.000000 0.000000 10.000001 -0.000003 -34.658974 0.000001 -0.000002 -51.988464 0.000000 -0.000001 -34.624313 0.000000 -0.000000 0.000000 20.000002 -0.000006 -39.585770 0.000001 -0.000001 -59.378647 0.000000 0.000000 -39.546181
-181.778381 5.483552 281.360626 110.152657 -170.342621 -179.748184 164.075226 174.553818 173.203110 41.146748 46.460930 0.452973 4.569232 -46.418053 6.077965 149.393250 -176.304581 171.615753 22.244028 10.353151 -1.368699 63.034882 26.415951 0.923020 176.493896 174.987473 -179.849411 176.494431 175.064728 -179.539703 163.507797 176.414276 179.207016 179.999985 177.932114 179.295090 179.999985 177.587463 179.269913 0.033010 1.779035 -0.430355 5.089667 -8.356605 6.418770 18.923809 0.968358 75.505547 49.547218 15.816770 10.745103 169.695312 167.543335 155.267181 46.026649 56.267372 6.819606 180.000000 180.000000 -143.746902 0.000000 0.000001 13.686245 0.000000 -0.000000 0.000000 15.000000 0.000001 24.132875 180.000000 180.000000 -160.254929 0.000000 -0.000000 13.821551 0.000000 -0.000000 0.000000 180.000000 179.999985 -151.213104 180.000000 180.000000 -138.322678 0.000001 0.000003 27.757097 0.000000 -0.000000 0.000000 170.000000 -179.999985 -148.506241 0.000001 0.000002 47.240646 0.000003 -0.000001 31.462276 0.000000 -0.000000 0.000000 160.000015 179.999985 -151.733521 0.000001 -0.000002 42.399719 0.000004 0.000001 28.238211 3.849712 -6.078486 -8.252479 156.150909 171.575241 107.996498 157.182297 -174.914337 178.471970 0.680767 -35.636852 25.188507 118.760269 120.514053 157.888229 0.000001 0.000002 -35.082848 180.000000 180.000000 167.458572 0.000000 -0.000000 0.000000 165.000015 179.999985 141.491669 0.000002 -0.000007 -31.506815 180.000000 -180.000000 157.945236 0.000000 -0.000000 0.000000 180.000000 -179.999985 143.714233 0.000001 -0.000005 -54.031128 180.000000 -180.000000 143.935364 0.000000 -0.000000 0.000000 9.999996 0.000003 -35.001041 0.000003 0.000002 -52.501568 0.000003 0.000001 -34.966049 0.000000 -0.000000 0.000000 20.000002 0.000002 -40.030533 180.000000 -179.999985 119.954201 0.000003 0.000002 -39.990498
-181.764389 5.456348 281.380951 110.412231 -170.496719 -179.837311 164.477676 175.477829 173.285858 40.685555 45.717014 0.681969 4.617350 -45.102623 6.453697 149.563568 -176.661728 171.612808 22.165232 10.139322 -1.423740 62.272236 23.762741 0.187212 176.483368 174.963501 -179.822601 176.483932 175.039932 -179.493439 163.450256 176.373856 179.251236 179.999924 177.919754 179.307831 179.999924 177.573029 179.283112 179.754623 178.212341 179.568481 4.993174 -8.390361 6.437328 19.090466 0.496466 75.391388 51.296574 16.216318 10.718527 168.925201 166.812408 154.515762 46.447021 55.342831 6.915059 180.000000 -180.000000 -143.296738 180.000000 -180.000000 -165.970688 0.000000 -0.000000 0.000000 15.000000 -0.000001 23.696724 0.000000 -0.000000 19.388222 180.000000 180.000000 -166.428253 0.000000 -0.000000 0.000000 0.000001 0.000003 28.780382 0.000000 -0.000000 41.340294 180.000000 -179.999985 -152.467361 0.000000 -0.000000 0.000000 170.000000 179.999985 -147.734818 180.000000 179.999985 -131.602234 180.000000 -180.000000 -147.767090 0.000000 -0.000000 0.000000 160.000015 180.000000 -151.317352 180.000000 -180.000000 -136.975998 180.000000 180.000000 -151.346024 3.725819 -6.144322 -8.212540 155.256104 172.093460 108.113319 156.932190 -174.818771 178.639862 0.465102 -35.464722 26.111807 119.049049 120.812263 158.171738 180.000000 179.999985 144.599670 180.000000 -179.999985 167.271790 0.000000 -0.000000 0.000000 165.000015 179.999985 141.088898 0.000002 0.000000 -31.836355 0.000001 -0.000003 -22.285452 0.000000 -0.000000 0.000000 0.000000 0.000002 -37.070911 0.000001 -0.000005 -54.110386 180.000000 -180.000000 143.664200 0.000000 -0.000000 0.000000 10.000004 -0.000001 -35.319118 0.000000 0.000004 -52.978687 0.000000 0.000000 -35.283810 0.000000 -0.000000 0.000000 20.000002 0.000000 -40.454304 0.000000 0.000000 -60.681465 0.000003 0.000002 -40.413853
-181.759140 5.430673 281.405151 110.658760 -170.633392 -179.922394 165.019684 176.528229 173.332916 40.082115 44.751549 1.015800 4.778585 -43.464973 6.797962 149.803284 -177.075821 171.605255 22.025177 9.900426 -1.492812 61.694679 21.136213 -0.236491 176.475693 174.942352 -179.799088 176.476288 175.018082 -179.452988 163.406982 176.338242 179.290375 179.999863 177.884949 179.325027 179.999847 177.532455 179.300903 179.469711 178.184311 179.569748 4.943284 -8.397832 6.454251 19.294214 -0.010983 75.250793 52.783260 16.530754 10.632893 168.467636 165.826767 153.522736 47.818275 55.075851 7.944582 0.000004 -0.000000 36.674141 180.000000 180.000000 -166.053009 0.000000 -0.000000 0.000000 15.000008 0.000003 23.378466 0.000000 -0.000000 19.127827 0.000003 -0.000000 13.389487 0.000000 -0.000000 0.000000 0.000001 0.000003 28.774197 0.000000 -0.000000 41.070496 0.000000 -0.000000 27.352955 0.000000 -0.000000 0.000000 170.000000 180.000000 -149.752655 0.000000 0.000005 45.371006 180.000000 -179.999985 -149.782913 0.000000 -0.000000 0.000000 160.000000 -179.999985 -151.223206 180.000000 180.000000 -136.834808 180.000000 -180.000000 -151.251984 3.649402 -6.196494 -8.166897 154.411423 172.542282 108.191849 156.713730 -174.857880 178.781479 0.465125 -35.318691 26.717081 118.386833 120.935974 157.522827 180.000000 180.000000 144.487885 0.000001 0.000001 -12.803432 0.000000 -0.000000 0.000000 165.000015 179.999985 140.738235 180.000000 179.999985 147.876740 0.000000 0.000000 -22.486292 0.000000 -0.000000 0.000000 180.000000 -179.999985 142.379745 0.000002 0.000003 -54.160458 180.000000 -179.999985 143.479065 0.000000 -0.000000 0.000000 10.000001 0.000000 -35.569275 0.000003 0.000002 -53.353920 0.000001 -0.000002 -35.533714 0.000000 -0.000000 0.000000 19.999996 0.000001 -40.749771 180.000000 180.000000 118.875359 180.000000 180.000000 139.290970
-181.765778 5.408230 281.436493 110.936127 -170.772644 179.988434 165.567566 177.641235 173.360062 39.276047 43.401310 1.271332 5.044538 -41.397831 7.176695 149.958618 -177.417938 171.623779 21.869146 9.689562 -1.555487 61.234447 18.303104 -0.449196 176.468155 174.923462 -179.777420 176.468765 174.998520 -179.415665 163.364899 176.305740 179.326355 179.999832 177.856155 179.354904 179.999802 177.498871 179.331863 179.181656 178.161270 179.578415 4.903708 -8.378810 6.475205 19.554722 -0.629322 75.057755 54.204273 16.862740 10.517204 167.888123 165.081985 152.748444 48.563107 55.043957 8.494396 0.000003 -0.000003 36.503922 180.000000 180.000000 -166.229004 0.000000 -0.000000 0.000000 15.000000 -0.000003 23.600685 0.000001 0.000003 19.309647 0.000000 -0.000000 13.516753 0.000000 -0.000000 0.000000 0.000000 -0.000000 28.786436 180.000000 -179.999985 -138.348923 180.000000 -179.999985 -152.260391 0.000000 -0.000000 0.000000 170.000000 180.000000 -149.834808 0.000002 0.000001 45.247780 0.000000 -0.000000 30.135027 0.000000 -0.000000 0.000000 160.000015 179.999985 -151.242737 180.000000 -179.999985 -136.864075 0.000001 0.000003 28.728519 3.587203 -6.230325 -8.117949 153.570145 172.952026 108.256042 156.437042 -175.016510 178.894363 0.633497 -35.202007 27.137234 117.981590 121.079689 157.152863 180.000000 180.000000 144.405807 180.000000 180.000000 167.142807 0.000000 -0.000000 0.000000 165.000015 180.000000 140.446411 0.000000 0.000000 -32.362026 180.000000 -180.000000 157.346588 0.000000 -0.000000 0.000000 180.000000 -180.000000 141.908203 0.000003 0.000002 -54.200005 180.000000 -180.000000 143.323135 0.000000 -0.000000 0.000000 10.000004 0.000000 -35.732929 0.000000 -0.000001 -53.599388 0.000000 -0.000001 -35.697193 0.000000 -0.000000 0.000000 20.000002 -0.000000 -41.029415 180.000000 180.000000 118.455887 0.000003 0.000002 -40.988377
-181.783905 5.390118 281.476654 111.276672 -170.929321 179.888321 166.114853 178.863693 173.365585 38.462311 42.179043 1.665518 5.353549 -39.373997 7.491504 150.029510 -177.721786 171.669983 21.717062 9.485553 -1.630081 60.864204 15.761271 -0.584355 176.458954 174.905136 -179.754852 176.459610 174.979446 -179.376801 163.314758 176.272797 179.363602 179.999741 177.830032 179.400833 179.999725 177.468399 179.379410 178.857681 178.140396 179.595322 4.817676 -8.401596 6.509330 19.816479 -1.223669 74.855858 55.879517 17.314711 10.419196 167.187592 164.540115 152.087097 48.625027 54.031513 8.231720 0.000003 -0.000001 37.001629 0.000003 0.000000 14.162139 0.000000 -0.000000 0.000000 15.000000 0.000007 23.047813 180.000000 -179.999985 -161.142685 0.000000 -0.000000 13.200113 0.000000 -0.000000 0.000000 0.000001 0.000003 28.765263 180.000000 179.999985 -139.265640 180.000000 180.000000 -152.870911 0.000000 -0.000000 0.000000 170.000000 180.000000 -149.110550 180.000000 -180.000000 -133.665833 0.000000 -0.000000 30.858559 0.000000 -0.000000 0.000000 160.000015 179.999985 -150.788162 180.000000 180.000000 -136.182236 0.000000 -0.000000 29.182636 3.486716 -6.302843 -8.061942 152.704453 173.321228 108.300064 156.312393 -175.076447 178.988220 0.648868 -34.917881 27.497055 118.817535 121.332352 158.033173 180.000000 180.000000 144.233765 180.000000 -180.000000 166.993805 0.000000 -0.000000 0.000000 165.000000 179.999985 140.262695 180.000000 -179.999985 147.487656 180.000000 179.999985 157.218811 0.000000 -0.000000 0.000000 180.000000 179.999985 141.411865 0.000003 0.000002 -54.238251 0.000000 0.000000 -36.838074 0.000000 -0.000000 0.000000 9.999996 0.000004 -35.935738 0.000001 -0.000002 -53.903610 180.000000 -179.999985 144.100189 0.000000 -0.000000 0.000000 19.999996 -0.000001 -41.329826 180.000000 179.999985 118.005249 0.000000 0.000000 -41.288506
-181.813171 5.377055 281.520630 111.596519 -171.068695 179.799011 166.715836 -179.865021 173.335327 37.694725 40.805233 2.173032 5.592821 -37.126183 7.842839 150.140564 -178.062653 171.697418 21.556622 9.263626 -1.715222 60.581955 12.794012 -0.507225 176.450867 174.891235 -179.736343 176.451553 174.964935 -179.344955 163.271088 176.246521 179.394165 179.999725 177.782791 179.450073 179.999710 177.413269 179.430405 178.540283 178.100983 179.613983 4.762503 -8.401961 6.533648 20.096745 -1.878880 74.609612 57.243439 17.688799 10.329152 166.816299 163.768692 151.184265 49.906845 53.623005 9.091755 180.000000 -180.000000 -143.068802 0.000003 -0.000000 14.037072 0.000000 -0.000000 0.000000 15.000000 -0.000002 22.147236 180.000000 179.999985 -161.879547 0.000004 0.000003 12.684323 0.000000 -0.000000 0.000000 0.000001 0.000003 28.706100 180.000000 -179.999985 -140.817261 180.000000 180.000000 -153.904297 0.000000 -0.000000 0.000000 170.000000 179.999985 -150.022858 0.000002 -0.000001 44.965702 0.000000 -0.000000 29.947170 0.000000 -0.000000 0.000000 160.000015 -180.000000 -151.074188 180.000000 180.000000 -136.611252 0.000002 -0.000004 28.896898 3.422865 -6.354192 -8.028754 151.960617 173.593552 108.337227 156.179764 -175.188278 179.008438 0.638727 -34.707989 27.787058 118.441315 121.611809 157.775146 180.000000 -179.999985 144.169968 180.000000 180.000000 166.963181 0.000000 -0.000000 0.000000 165.000015 -179.999985 139.974503 0.000000 0.000000 -32.748127 0.000000 0.000000 -22.994070 0.000000 -0.000000 0.000000 0.000000 0.000000 -38.882378 0.000002 0.000003 -54.259338 180.000000 -180.000000 143.067764 0.000000 -0.000000 0.000000 10.000002 0.000002 -36.313553 180.000000 -180.000000 125.965897 180.000000 -180.000000 143.925644 0.000000 -0.000000 0.000000 20.000000 -0.000006 -41.484993 0.000002 0.000003 -62.227497 180.000000 -180.000000 138.556473
-181.846069 5.368962 281.566589 111.926163 -171.209305 179.714066 166.678848 -179.357620 173.349472 37.098587 38.405251 2.016413 5.663350 -34.460880 8.315997 150.156784 -178.323349 171.730804 21.417452 9.077853 -1.791873 60.396809 9.849319 -0.265223 176.444275 174.880554 -179.719711 176.444992 174.953659 -179.316406 163.235199 176.224045 179.422272 179.999725 177.744583 179.505219 179.999710 177.368713 179.487534 178.219086 178.069061 179.635971 4.722825 -8.377301 6.545027 20.422455 -2.660908 74.300201 58.466980 18.029335 10.242096 166.329575 163.227341 150.476624 51.527336 53.598186 10.426233 0.000001 0.000002 36.733276 0.000002 0.000001 13.808809 0.000000 -0.000000 0.000000 15.000004 0.000006 22.049635 0.000003 -0.000001 18.040613 0.000003 -0.000000 12.628421 0.000000 -0.000000 0.000000 0.000001 -0.000004 28.693420 180.000000 -179.999985 -141.073410 180.000000 -179.999985 -154.074890 0.000000 -0.000000 0.000000 170.000000 -180.000000 -150.847397 180.000000 -180.000000 -136.271088 180.000000 -179.999985 -150.876541 0.000000 -0.000000 0.000000 160.000000 -179.999985 -151.707123 0.000000 -0.000000 42.439297 180.000000 179.999985 -151.735428 3.375577 -6.382069 -8.010914 151.298431 173.806717 108.363258 155.997971 -175.375580 178.981339 0.604587 -34.572510 28.021162 118.249153 121.912712 157.691071 180.000000 180.000000 144.064285 0.000000 0.000000 -13.105931 0.000000 -0.000000 0.000000 165.000000 -180.000000 139.674042 180.000000 179.999985 147.006042 0.000000 0.000000 -23.216740 0.000000 -0.000000 0.000000 0.000001 -0.000002 -39.332462 0.000000 0.000000 -54.289295 0.000003 0.000003 -37.074253 0.000000 -0.000000 0.000000 10.000001 -0.000000 -36.519485 180.000000 -179.999985 125.944321 180.000000 -180.000000 143.853821 0.000000 -0.000000 0.000000 20.000002 -0.000003 -41.716003 180.000000 179.999985 117.426003 180.000000 180.000000 138.325699
-181.881729 5.364932 281.616211 112.299126 -171.367218 179.623566 166.522446 -178.940186 173.392197 36.784771 36.123283 1.958375 5.554075 -31.984409 8.759729 150.070648 -178.525970 171.773239 21.258900 8.915119 -1.869544 60.247173 6.606242 0.146547 176.437607 174.869461 -179.701599 176.438354 174.941895 -179.285400 163.198471 176.199905 179.453094 179.999725 177.715424 179.567520 179.999710 177.334717 179.552048 177.865875 178.044617 179.661072 4.624808 -8.396127 6.562777 20.724539 -3.399689 73.997971 59.943516 18.538088 10.186204 165.649658 162.778168 149.919113 51.849243 52.690228 10.411352 180.000000 -179.999985 -142.808090 0.000002 -0.000000 14.159352 0.000000 0.000000 -0.000002 15.000002 0.000001 21.155264 180.000000 -179.999985 -162.691147 180.000000 -179.999985 -167.883804 0.000000 0.000000 -0.000002 0.000001 0.000003 28.586752 180.000000 -179.999985 -142.782364 0.000000 -0.000000 24.786961 0.000000 0.000000 -0.000002 170.000000 179.999985 -151.202286 180.000000 180.000000 -137.441208 0.000000 -0.000000 28.344166 0.000000 0.000000 -0.000002 160.000000 -180.000000 -151.593414 180.000000 -179.999985 -137.390137 180.000000 180.000000 -151.621826 3.273750 -6.439370 -7.987104 150.702789 173.981155 108.356361 155.914902 -175.466690 178.967896 0.461510 -34.319881 28.152002 118.982430 122.017654 158.431137 0.000000 -0.000001 -36.029209 180.000000 180.000000 166.804413 0.000000 -0.000000 0.000000 165.000000 -179.999985 139.596741 0.000001 0.000004 -33.057209 0.000001 -0.000003 -23.274153 0.000000 -0.000000 0.000000 180.000000 -179.999985 140.539444 180.000000 -179.999985 125.702667 0.000004 -0.000001 -37.114227 0.000000 -0.000000 0.000000 9.999994 -0.000003 -36.882385 0.000000 0.000000 -54.092178 180.000000 180.000000 143.728607 0.000000 -0.000000 0.000000 20.000002 0.000002 -41.884499 180.000000 179.999985 117.173248 180.000000 179.999985 138.157379
-181.914978 5.364115 281.662506 112.626503 -171.506378 179.547546 166.462799 -178.570404 173.422806 36.855465 33.755718 2.141608 5.079937 -29.439383 9.217200 150.028870 -178.753952 171.799042 21.074139 8.743466 -1.954657 60.152184 3.770907 0.635445 176.432663 174.860596 -179.686325 176.433411 174.932495 -179.259308 163.170609 176.179871 179.479431 179.999771 177.672028 179.622910 179.999741 177.284058 179.609421 177.540085 178.007660 179.682327 4.566448 -8.388532 6.560446 21.050985 -4.198267 73.655602 61.089832 18.974596 10.118025 165.255600 161.988281 149.102631 52.985527 52.677467 11.402205 0.000001 0.000002 37.126301 0.000002 0.000001 14.063970 0.000000 0.000003 0.000000 15.000002 0.000003 21.189381 0.000000 -0.000000 17.336761 180.000000 180.000000 -167.864258 0.000000 0.000003 0.000000 0.000001 0.000003 28.558649 0.000000 -0.000000 36.850170 0.000001 0.000003 24.542206 0.000000 0.000003 0.000000 170.000000 179.999985 -151.200012 180.000000 180.000000 -136.845062 0.000000 0.000002 28.741198 0.000000 0.000003 0.000000 160.000000 -180.000000 -151.864899 180.000000 -180.000000 -137.797363 180.000000 -180.000000 -151.893021 3.211602 -6.462157 -7.979468 150.236389 174.107727 108.344749 155.877319 -175.540741 178.924011 0.277682 -34.116825 28.215549 119.186935 122.247559 158.698837 180.000000 180.000000 143.852219 0.000001 0.000003 -13.288984 0.000000 -0.000000 0.000000 165.000000 -179.999985 139.395172 0.000001 -0.000003 -33.222134 0.000000 0.000000 -23.424089 0.000000 -0.000000 0.000000 180.000000 179.999985 140.294098 0.000005 -0.000001 -54.312115 180.000000 -179.999985 142.809738 0.000000 -0.000000 0.000000 9.999995 0.000002 -37.092072 180.000000 179.999985 125.887611 180.000000 -179.999985 143.656998 0.000000 -0.000000 0.000000 20.000000 -0.000005 -41.861359 0.000001 -0.000002 -62.792034 0.000006 0.000004 -41.819504
-181.946411 5.365436 281.706055 112.928841 -171.645859 179.477493 166.417511 -178.279404 173.456253 37.297729 30.998365 2.444277 4.232298 -26.566641 9.705560 149.945206 -178.922470 171.832901 20.908642 8.598815 -2.025652 60.033024 0.439582 1.368026 176.430283 174.851334 -179.670639 176.431061 174.922668 -179.232681 163.154800 176.159134 179.507370 179.999817 177.642761 179.672440 179.999786 177.249908 179.660721 177.233307 177.982666 179.700790 4.545528 -8.361016 6.539144 21.451502 -5.145525 73.210014 62.043472 19.401093 10.019391 164.764862 161.381378 148.524216 53.726093 52.886005 12.128417 0.000003 -0.000003 36.969597 0.000000 -0.000000 13.912852 0.000000 -0.000000 0.000000 15.000004 0.000005 21.712555 0.000001 0.000003 17.764811 0.000007 -0.000001 12.435374 0.000000 -0.000000 0.000000 0.000002 -0.000000 28.590965 180.000000 180.000000 -142.724976 180.000000 -179.999985 -155.174835 0.000000 -0.000000 0.000000 170.000000 -180.000000 -151.203354 0.000003 -0.000001 42.426952 0.000002 -0.000000 28.256344 0.000000 -0.000000 0.000000 160.000015 -180.000000 -152.118347 180.000000 179.999985 -138.177521 0.000000 0.000002 27.853767 3.187386 -6.453312 -7.986479 149.858429 174.211166 108.319366 155.860703 -175.641296 178.852676 0.096122 -34.010273 28.209881 119.676308 122.423515 159.215500 180.000000 -180.000000 143.725754 180.000000 -180.000000 166.600876 0.000000 -0.000000 0.000000 165.000015 -180.000000 139.311172 0.000003 0.000001 -33.290852 0.000001 -0.000003 -23.486668 0.000000 -0.000000 0.000000 180.000000 -179.999985 140.250122 0.000001 -0.000002 -54.314678 180.000000 -180.000000 142.796188 0.000000 -0.000000 0.000000 9.999995 -0.000000 -36.985958 0.000001 0.000005 -54.102245 0.000003 0.000002 -36.306843 0.000000 -0.000000 0.000000 19.999994 0.000003 -41.853668 180.000000 -180.000000 117.219490 180.000000 -180.000000 138.188202
-181.978256 5.367614 281.749451 113.240128 -171.804932 179.405609 166.432907 -178.010529 173.487228 37.893715 28.538357 2.840742 3.215031 -24.017113 10.108785 149.841995 -179.053375 171.889420 20.730103 8.472301 -2.099793 59.949116 -2.249421 2.236398 176.430054 174.840408 -179.652161 176.430832 174.911163 -179.201477 163.148132 176.134750 179.541214 179.999832 177.623489 179.718445 179.999817 177.227448 179.708389 176.912140 177.966248 179.716644 4.475244 -8.378742 6.525268 21.840603 -6.029593 72.759918 63.245918 20.020382 9.954032 164.119690 160.897629 148.071243 53.565086 51.900669 11.608569 0.000000 -0.000000 37.416656 180.000000 179.999985 -165.736710 180.000000 180.000000 -180.000000 15.000002 0.000002 21.256081 0.000004 0.000003 17.391335 0.000003 -0.000000 12.173927 180.000000 180.000000 -180.000000 180.000000 179.999985 -151.516083 180.000000 179.999985 -144.026688 0.000001 0.000003 23.958212 180.000000 180.000000 -180.000000 170.000000 179.999985 -151.221436 180.000000 180.000000 -138.742737 0.000000 -0.000000 27.477333 180.000000 180.000000 -180.000000 160.000015 180.000000 -151.899765 0.000000 -0.000000 42.150368 180.000000 180.000000 -151.927856 3.115918 -6.470739 -7.981902 149.579620 174.283493 108.246529 155.900406 -175.698776 178.828796 179.926376 -146.083298 -151.929794 120.253731 122.355530 159.744690 180.000000 180.000000 143.719681 180.000000 179.999985 166.578796 0.000000 -0.000000 0.000000 165.000000 179.999985 139.436646 180.000000 -179.999985 146.811798 0.000000 0.000000 -23.393213 0.000000 -0.000000 0.000000 180.000000 -179.999985 140.385056 180.000000 180.000000 125.693283 180.000000 -179.999985 142.837860 0.000000 -0.000000 0.000000 10.000007 -0.000002 -36.647018 180.000000 -179.999985 125.931259 180.000000 -179.999985 143.809616 0.000000 -0.000000 0.000000 20.000000 0.000006 -41.636627 180.000000 179.999985 117.545067 180.000000 180.000000 138.405014
-182.006744 5.369615 281.787842 113.497612 -171.944916 179.347855 166.579178 -177.760284 173.514374 38.710365 26.161350 3.337706 1.935562 -21.550142 10.448009 149.820389 -179.210693 171.931213 20.510437 8.345634 -2.186215 59.862633 -4.434589 3.098322 176.431107 174.828796 -179.635239 176.431915 174.899048 -179.172897 163.147873 176.111343 179.572311 179.999878 177.589020 179.752533 179.999847 177.187210 179.743683 176.629257 177.936783 179.725739 4.444660 -8.389760 6.497968 22.289232 -6.953779 72.241570 64.109596 20.513048 9.864690 163.725647 160.076996 147.338425 54.434952 51.752487 12.261225 0.000001 0.000002 37.298405 0.000003 -0.000000 14.121377 0.000000 -0.000000 0.000000 15.000006 -0.000001 20.680218 0.000000 0.000002 16.920174 0.000000 -0.000000 11.844125 0.000000 -0.000000 0.000000 0.000000 -0.000000 28.345465 0.000000 -0.000000 34.609253 0.000003 -0.000004 23.049767 0.000000 -0.000000 0.000000 170.000000 -180.000000 -151.218140 0.000002 0.000001 41.411106 0.000000 0.000002 27.579800 0.000000 -0.000000 0.000000 160.000000 180.000000 -152.209732 180.000000 -180.000000 -138.314590 0.000002 0.000001 27.762474 3.081929 -6.452290 -7.987936 149.387619 174.342773 108.180023 156.026443 -175.709671 178.777115 179.716995 -146.136887 -152.078430 120.777344 122.511353 160.280869 0.000002 0.000001 -36.405071 0.000001 0.000000 -13.532858 0.000000 -0.000000 0.000000 165.000015 -179.999985 139.502197 0.000002 0.000000 -33.134560 180.000000 -180.000000 156.655579 0.000000 -0.000000 0.000000 0.000000 -0.000004 -39.351398 0.000002 -0.000003 -54.290504 180.000000 -180.000000 142.919830 0.000000 -0.000000 0.000000 9.999997 0.000006 -36.295483 0.000001 -0.000002 -54.032181 180.000000 180.000000 143.931961 0.000000 -0.000000 0.000000 20.000000 0.000002 -41.418247 180.000000 -179.999985 117.872620 180.000000 180.000000 138.623184
-182.033218 5.370955 281.823273 113.732040 -172.079315 179.294464 166.742523 -177.542206 173.550461 39.751820 23.574047 3.825815 0.413885 -18.894268 10.759413 149.792465 -179.330261 171.972244 20.314480 8.241442 -2.254492 59.756424 -6.272962 4.030550 176.434433 174.814957 -179.617172 176.435242 174.884705 -179.142426 163.157867 176.085388 179.606033 179.999893 177.563751 179.779282 179.999863 177.157745 179.771378 176.362335 177.915329 179.731049 4.446884 -8.394410 6.449624 22.856165 -8.006395 71.602829 64.753448 20.958855 9.727020 163.197525 159.743958 146.983902 55.865974 52.267044 13.754984 0.000004 0.000002 36.976921 180.000000 -180.000000 -166.179565 0.000000 -0.000000 0.000000 15.000002 0.000001 21.323141 0.000003 -0.000001 17.446205 0.000000 -0.000000 12.212341 0.000000 -0.000000 0.000000 0.000000 0.000002 28.437052 0.000000 -0.000000 35.480183 0.000002 -0.000000 23.629801 0.000000 -0.000000 0.000000 170.000000 180.000000 -151.202209 0.000000 -0.000000 42.572330 180.000000 180.000000 -151.646835 0.000000 -0.000000 0.000000 160.000000 180.000000 -151.515869 0.000001 -0.000002 42.726204 0.000000 -0.000000 28.455662 3.078718 -6.408422 -8.009334 149.258652 174.367523 108.103706 156.209152 -175.709579 178.693588 179.487595 -146.117798 -152.260651 121.096085 122.662178 160.614578 180.000000 180.000000 143.474243 180.000000 179.999985 166.362747 0.000000 -0.000000 0.000000 165.000015 -180.000000 139.542114 0.000002 0.000004 -33.101906 0.000004 -0.000003 -23.314756 0.000000 -0.000000 0.000000 0.000003 0.000001 -38.956032 0.000001 -0.000002 -54.264427 0.000006 0.000002 -36.955639 0.000000 -0.000000 0.000000 9.999997 -0.000003 -35.963158 180.000000 -179.999985 126.055267 180.000000 -179.999985 144.072815 0.000000 -0.000000 0.000000 19.999998 -0.000001 -41.189598 0.000003 0.000002 -61.784389 179.999985 -179.999985 138.851593
-182.060165 5.371531 281.859283 113.982361 -172.227707 179.236420 166.898712 -177.324982 173.615433 40.683167 21.400585 4.211634 178.995575 -163.361115 -169.008148 149.735977 -179.415375 172.019852 20.088850 8.164945 -2.307090 59.612667 -8.072911 5.056682 176.439270 174.799484 -179.596176 176.440125 174.868652 -179.107117 163.174072 176.055740 179.645691 179.999893 177.539368 179.805298 179.999863 177.129288 179.798340 176.079193 177.894623 179.735031 4.395157 -8.448423 6.412339 23.412083 -8.950647 70.979767 65.660004 21.647474 9.609596 162.582916 159.448181 146.595734 55.922077 51.367603 13.465895 0.000001 0.000002 37.401688 0.000003 -0.000000 14.145617 0.000000 -0.000000 0.000000 15.000000 -0.000001 22.665018 0.000000 -0.000000 18.544111 0.000003 -0.000000 12.980877 0.000000 -0.000000 0.000000 180.000000 -180.000000 -151.389099 0.000001 -0.000002 37.554962 0.000000 -0.000000 25.011604 0.000000 -0.000000 0.000000 170.000000 -179.999985 -151.047943 180.000000 180.000000 -136.571915 0.000001 -0.000002 28.923105 0.000000 -0.000000 0.000000 160.000015 -180.000000 -150.724319 180.000000 -180.000000 -136.086472 0.000000 0.000002 29.246412 3.022860 -6.406270 -8.020436 149.231995 174.320618 107.971931 156.371140 -175.728714 178.654144 179.347610 -146.040817 -152.599503 121.019081 122.533440 160.510071 180.000000 -180.000000 143.556427 180.000000 180.000000 166.429138 0.000000 -0.000000 0.000000 165.000000 -179.999985 139.701843 180.000000 179.999985 147.028778 180.000000 179.999985 156.803894 0.000000 -0.000000 0.000000 0.000000 0.000004 -39.039181 180.000000 179.999985 125.729919 180.000000 -180.000000 143.018021 0.000000 -0.000000 0.000000 10.000006 0.000002 -36.266834 180.000000 179.999985 125.970886 0.000003 0.000003 -36.057999 0.000000 -0.000000 0.000000 20.000002 -0.000000 -41.330624 0.000003 0.000002 -61.995926 180.000000 -180.000000 138.710724
-182.085007 5.371553 281.892120 114.194748 -172.359192 179.186386 167.130692 -177.121552 173.694778 41.549278 19.459251 4.527308 177.603027 -165.393631 -168.827438 149.722015 -179.510834 172.056931 19.841932 8.109894 -2.349588 59.473885 -9.464330 5.907391 176.444595 174.786346 -179.577072 176.445480 174.854996 -179.075119 163.193130 176.029510 179.682312 179.999893 177.491791 179.825500 179.999847 177.073776 179.819260 175.827484 177.853989 179.735107 4.374822 -8.492552 6.362014 24.018759 -9.901350 70.288109 66.270966 22.182146 9.480653 162.189392 158.896851 145.964935 57.277512 51.227043 14.598242 0.000003 -0.000001 37.261597 0.000000 -0.000000 13.971171 0.000000 -0.000000 0.000000 15.000000 -0.000001 23.583120 0.000000 -0.000000 19.295277 0.000003 -0.000000 13.506695 0.000000 -0.000000 0.000000 180.000000 -180.000000 -151.294434 0.000002 -0.000001 39.171581 0.000000 -0.000000 26.088272 0.000000 -0.000000 0.000000 170.000000 -180.000000 -150.474533 0.000000 -0.000000 44.288212 180.000000 180.000000 -150.504059 0.000000 -0.000000 0.000000 160.000015 180.000000 -151.311295 180.000000 -180.000000 -136.966965 180.000000 -180.000000 -151.339981 3.000343 -6.385806 -8.039891 149.235992 174.247864 107.852730 156.615509 -175.704086 178.591965 179.146027 -145.995605 -152.945755 120.949402 122.709770 160.470856 180.000000 -180.000000 143.421188 0.000000 -0.000002 -13.677799 0.000000 -0.000000 0.000000 165.000015 -179.999985 139.718643 180.000000 -179.999985 147.042542 180.000000 -180.000000 156.816376 0.000000 -0.000000 0.000000 0.000001 -0.000002 -38.699280 0.000001 -0.000002 -54.246357 0.000006 0.000004 -36.873768 0.000000 -0.000000 0.000000 10.000001 0.000002 -36.088707 180.000000 -179.999985 125.990204 180.000000 -179.999985 144.004654 0.000000 -0.000000 0.000000 20.000006 -0.000005 -41.106670 179.999985 -180.000000 118.339981 180.000000 -180.000000 138.934448
-182.109970 5.371144 281.925140 114.412941 -172.491287 179.136353 167.297882 -176.934250 173.792465 42.497818 17.442713 4.763969 176.162537 -167.480392 -168.695114 149.654846 -179.558487 172.101639 19.624453 8.084991 -2.372455 59.337692 -10.584291 6.645148 176.448563 174.775070 -179.558640 176.449463 174.843185 -179.044205 163.206192 176.005142 179.717575 179.999863 177.449448 179.848572 179.999847 177.024368 179.843140 175.587204 177.817627 179.737350 4.385826 -8.523918 6.295008 24.743256 -10.974065 69.430107 66.667763 22.610806 9.353086 161.742340 158.622940 145.540909 58.651714 51.316696 15.868389 180.000000 179.999985 -142.971191 180.000000 -179.999985 -166.270096 0.000000 -0.000000 0.000000 15.000002 0.000002 24.465389 180.000000 -180.000000 -159.982864 180.000000 -179.999985 -165.988007 0.000000 -0.000000 0.000000 0.000000 -0.000000 28.759096 0.000001 0.000002 40.527401 0.000000 -0.000000 26.991247 0.000000 -0.000000 0.000000 170.000000 -180.000000 -150.033127 0.000003 -0.000003 44.950310 0.000000 0.000002 29.936903 0.000000 -0.000000 0.000000 160.000015 180.000000 -151.113831 180.000000 180.000000 -136.670715 0.000000 0.000002 28.857300 3.013486 -6.345620 -8.065377 149.276291 174.133499 107.735321 156.940323 -175.655716 178.500580 178.905884 -145.996277 -153.382233 120.826813 122.916069 160.381302 180.000000 -180.000000 143.255188 180.000000 180.000000 166.190674 0.000000 -0.000000 0.000000 165.000015 -179.999985 139.699371 0.000001 0.000008 -32.973228 180.000000 -180.000000 156.802078 0.000000 -0.000000 0.000000 180.000000 -179.999985 141.543121 180.000000 -179.999985 125.771515 180.000000 -179.999985 143.204269 0.000000 -0.000000 0.000000 10.000001 -0.000004 -35.862514 0.000003 0.000002 -53.793743 180.000000 -179.999985 144.173355 0.000000 -0.000000 0.000000 20.000002 -0.000002 -40.903824 0.000003 0.000002 -61.355740 0.000007 0.000002 -40.862919
-182.137360 5.369853 281.960968 114.659561 -172.648697 179.082321 167.453094 -176.731491 173.890701 43.159851 15.824997 4.906037 175.004364 -169.172684 -168.609924 149.553833 -179.564178 172.177780 19.442167 8.090685 -2.385879 59.196793 -11.621022 7.339592 176.450821 174.766586 -179.539169 176.451752 174.834061 -179.011597 163.211029 175.981750 179.754807 179.999832 177.409424 179.879471 179.999802 176.977676 179.875137 175.336838 177.782837 179.743851 4.354041 -8.592654 6.241837 25.435492 -11.927200 68.592209 67.336189 23.263151 9.306926 161.207123 158.615829 145.293213 58.768272 50.492241 15.641704 0.000003 -0.000001 37.387863 0.000003 -0.000000 13.995663 0.000000 -0.000000 0.000000 15.000004 -0.000001 26.444473 179.999985 -180.000000 -158.363617 0.000003 -0.000000 15.145461 0.000000 -0.000000 0.000000 0.000000 0.000002 29.069901 0.000000 -0.000000 43.604858 0.000000 0.000002 29.040821 0.000000 -0.000000 0.000000 170.000000 179.999985 -148.893280 0.000001 -0.000002 46.660084 0.000002 -0.000000 31.075613 0.000000 -0.000000 0.000000 160.000015 -180.000000 -150.572662 180.000000 -180.000000 -135.859024 0.000000 -0.000000 29.397903 2.989800 -6.356343 -8.075220 149.443390 173.932632 107.570107 157.171539 -175.697098 178.453842 178.853439 -145.926315 -154.031586 120.526733 122.760452 160.070969 180.000000 -180.000000 143.393784 0.000001 0.000000 -13.689241 0.000000 -0.000000 0.000000 165.000000 179.999985 139.907532 0.000001 0.000004 -32.802921 180.000000 -179.999985 156.956360 0.000000 -0.000000 0.000000 0.000001 -0.000002 -38.074703 0.000000 0.000000 -54.198616 180.000000 179.999985 143.328735 0.000000 -0.000000 0.000000 9.999996 0.000002 -35.677387 180.000000 -179.999985 126.483917 0.000001 -0.000002 -35.641712 0.000000 -0.000000 0.000000 20.000006 -0.000008 -40.586143 180.000000 -179.999985 119.120781 0.000000 -0.000001 -40.545555
-182.163910 5.366960 281.994629 114.875275 -172.797348 179.037949 167.677948 -176.539413 173.967316 43.583664 14.420705 5.006878 174.054276 -170.639557 -168.576599 149.548264 -179.591721 172.265396 19.246803 8.105671 -2.406734 59.093712 -12.371102 7.808942 176.451538 174.762787 -179.523651 176.452499 174.829681 -178.985657 163.209946 175.965118 179.784744 179.999817 177.351776 179.909607 179.999786 176.910431 179.906357 175.123199 177.732712 179.749924 4.362316 -8.648076 6.177972 26.178059 -12.876304 67.650063 67.731537 23.683811 9.276154 160.811310 158.465973 144.895035 60.204716 50.548370 17.052124 0.000004 0.000002 37.301723 0.000003 -0.000004 13.880644 0.000000 -0.000000 0.000000 15.000000 0.000001 29.191385 180.000000 -180.000000 -156.116150 0.000003 -0.000000 16.718704 0.000000 -0.000000 0.000000 180.000000 179.999985 -149.160263 180.000000 -180.000000 -133.740402 0.000000 -0.000000 30.808897 0.000000 -0.000000 0.000000 170.000000 -180.000000 -147.860123 0.000000 -0.000000 48.209801 0.000002 0.000001 32.107723 0.000000 -0.000000 0.000000 160.000015 -180.000000 -149.406311 0.000001 -0.000002 45.890549 0.000003 -0.000001 30.563099 3.008981 -6.355597 -8.085529 149.620483 173.728836 107.430832 157.488998 -175.684875 178.393784 178.742950 -145.940765 -154.689148 120.667038 122.980400 160.251495 180.000000 -180.000000 143.237747 180.000000 -180.000000 166.182800 0.000000 -0.000000 0.000000 165.000000 179.999985 139.975586 0.000003 0.000001 -32.747257 0.000003 0.000004 -22.993271 0.000000 -0.000000 0.000000 0.000000 0.000000 -37.535252 180.000000 179.999985 125.847015 180.000000 180.000000 143.507462 0.000000 -0.000000 0.000000 9.999998 0.000006 -35.495327 0.000000 0.000000 -53.242989 180.000000 -180.000000 144.540176 0.000000 -0.000000 0.000000 20.000004 -0.000000 -40.227180 0.000003 0.000001 -60.340782 180.000000 -180.000000 139.813049
-182.191360 5.361905 282.028442 115.092445 -172.957642 178.999039 167.832535 -176.352081 174.026825 44.015965 12.962739 5.083840 173.154068 -172.119568 -168.592514 149.549316 -179.589813 172.373566 19.100931 8.127598 -2.431686 59.008736 -12.886848 8.174100 176.451630 174.762650 -179.510300 176.452606 174.828995 -178.963440 163.206833 175.952896 179.811020 179.999817 177.308899 179.945145 179.999786 176.860382 179.943161 174.914139 177.694885 179.760147 4.403504 -8.702239 6.095486 27.068962 -13.921366 66.510086 67.884354 23.922827 9.243703 160.486877 158.368546 144.695328 61.583992 50.463627 18.395720 0.000006 -0.000002 37.324448 0.000003 -0.000000 13.856815 0.000000 -0.000000 0.000000 15.000000 -0.000001 30.762140 0.000003 -0.000001 25.169027 0.000000 -0.000000 17.618322 0.000000 -0.000000 0.000000 180.000000 -180.000000 -148.219482 0.000001 -0.000002 47.670792 180.000000 180.000000 -148.251251 0.000000 -0.000000 0.000000 170.000000 -179.999985 -146.369080 180.000000 179.999985 -129.553635 0.000002 -0.000000 33.597279 0.000000 -0.000000 0.000000 160.000000 179.999985 -148.154022 0.000002 -0.000001 47.768967 0.000002 -0.000000 31.814133 3.055363 -6.341210 -8.092953 149.855057 173.497986 107.307922 157.898895 -175.633820 178.303619 178.582214 -145.999252 -155.423172 120.968361 123.236526 160.621094 180.000000 -180.000000 143.103790 0.000003 0.000000 -13.927755 0.000000 -0.000000 0.000000 165.000000 179.999985 140.073318 0.000003 0.000001 -32.667282 180.000000 179.999985 157.079010 0.000000 -0.000000 0.000000 180.000000 180.000000 142.865707 0.000000 0.000000 -54.116383 180.000000 -180.000000 143.642654 0.000000 -0.000000 0.000000 10.000001 0.000000 -35.246231 180.000000 -179.999985 127.130638 180.000000 -179.999985 144.789001 0.000000 -0.000000 0.000000 19.999996 -0.000003 -39.907387 0.000003 0.000002 -59.861084 180.000000 -180.000000 140.132523
-182.221588 5.354519 282.065460 115.343712 -173.141022 178.958435 167.930664 -176.174561 174.080521 44.208256 11.789674 5.113413 172.524582 -173.290253 -168.635483 149.555115 -179.577271 172.509018 18.952019 8.142110 -2.470797 58.908783 -13.337779 8.588710 176.452011 174.762848 -179.496277 176.453003 174.828598 -178.940140 163.204849 175.940338 179.838806 179.999817 177.279205 179.987534 179.999786 176.825745 179.987076 174.672867 177.668060 179.773865 4.386623 -8.800673 6.029859 27.924191 -14.819600 65.422432 68.282013 24.369282 9.282143 160.094635 158.416214 144.763870 61.407383 49.687763 17.933001 0.000000 -0.000000 37.749775 180.000000 180.000000 -165.807877 0.000000 -0.000000 0.000000 15.000002 0.000002 32.512012 0.000003 -0.000001 26.600739 180.000000 180.000000 -161.379486 0.000000 -0.000000 0.000000 180.000000 179.999985 -147.174072 0.000001 -0.000002 49.238892 180.000000 -180.000000 -147.206894 0.000000 -0.000000 0.000000 170.000000 180.000000 -145.495911 180.000000 180.000000 -128.243851 0.000000 -0.000000 34.469589 0.000000 -0.000000 0.000000 160.000000 180.000000 -147.696671 180.000000 180.000000 -131.544983 180.000000 -180.000000 -147.728958 3.010836 -6.393084 -8.073727 150.253723 173.170319 107.147179 158.166855 -175.674835 178.249420 178.642334 -145.913757 -156.339554 120.641853 123.049805 160.312943 180.000000 -180.000000 143.333633 0.000000 0.000000 -13.727559 0.000000 -0.000000 0.000000 165.000000 -180.000000 140.380371 0.000001 0.000004 -32.416061 180.000000 -180.000000 157.305557 0.000000 -0.000000 0.000000 180.000000 -179.999985 143.367950 0.000001 -0.000002 -54.067207 180.000000 -179.999985 143.814819 0.000000 -0.000000 0.000000 10.000000 -0.000004 -35.014698 180.000000 -179.999985 127.477966 0.000000 -0.000001 -34.979671 0.000000 -0.000000 0.000000 20.000006 -0.000001 -39.538979 180.000000 -179.999985 120.691536 180.000000 180.000000 140.500549
-182.251144 5.345323 282.101257 115.571388 -173.309296 178.926163 168.091553 -176.047348 174.111938 44.145264 10.961213 5.116031 172.130142 -174.094498 -168.684647 149.621063 -179.592987 172.648254 18.783699 8.152392 -2.525748 58.825481 -13.650911 8.923490 176.452698 174.765121 -179.484726 176.453735 174.830353 -178.921051 163.205231 175.931473 179.862335 179.999832 177.236435 -179.974167 179.999817 176.775848 -179.973251 174.449203 177.630051 179.784576 4.397356 -8.893897 5.952605 28.851442 -15.659911 64.261925 68.408516 24.579128 9.253969 159.887421 158.131790 144.708084 62.285015 49.426983 18.732073 0.000000 -0.000000 37.896320 0.000003 -0.000000 14.281887 180.000000 -180.000000 180.000000 15.000000 -0.000002 33.710541 0.000001 0.000003 27.581354 180.000000 180.000000 -160.693054 180.000000 -180.000000 180.000000 180.000000 -180.000000 -146.880447 0.000000 -0.000000 49.679348 0.000002 -0.000000 33.086445 180.000000 -180.000000 180.000000 170.000000 -180.000000 -145.092621 0.000001 0.000002 52.361092 0.000000 -0.000000 34.872478 180.000000 -180.000000 180.000000 160.000015 180.000000 -147.643204 180.000000 -180.000000 -131.464798 0.000003 0.000003 32.324440 3.014454 -6.417425 -8.067424 150.594116 172.862854 107.034790 158.525482 -175.627670 178.191498 178.606735 -145.883682 -157.200500 120.968636 123.242226 160.696487 180.000000 -180.000000 143.247910 180.000000 -180.000000 166.200516 0.000000 -0.000000 0.000000 165.000015 -179.999985 140.536743 0.000000 0.000000 -32.288109 180.000000 -179.999985 157.398315 0.000000 -0.000000 0.000000 0.000001 -0.000002 -36.004391 0.000002 -0.000005 -54.000477 180.000000 -180.000000 144.034439 0.000000 -0.000000 0.000000 9.999992 0.000006 -34.795872 0.000004 -0.000000 -52.193813 0.000003 0.000001 -34.761070 0.000000 -0.000000 0.000000 20.000006 -0.000001 -39.135735 0.000004 0.000006 -58.703598 180.000000 -180.000000 140.903397
-182.281509 5.334912 282.138000 115.809273 -173.481110 178.898010 168.128799 -175.928375 174.139252 44.128063 9.872579 5.138814 171.783340 -175.124039 -168.824921 149.651932 -179.589066 172.786957 18.627975 8.152931 -2.578663 58.726887 -13.892636 9.310936 176.455719 174.770432 -179.473709 176.456741 174.835144 -178.903168 163.216766 175.925278 179.886276 179.999847 177.207230 -179.934723 179.999817 176.741791 -179.932404 174.203125 177.603577 179.795898 4.425102 -8.986738 5.849643 29.936859 -16.538572 62.914410 68.275955 24.588015 9.161921 159.666595 158.026825 144.793716 63.038246 49.604782 19.630957 180.000000 179.999985 -142.087143 0.000000 0.000003 14.286868 0.000000 -0.000000 0.000000 15.000000 -0.000001 34.528080 0.000000 0.000001 28.250250 0.000004 0.000004 19.775171 0.000000 -0.000000 0.000000 180.000000 180.000000 -145.819061 0.000002 -0.000001 51.271404 180.000000 -180.000000 -145.853241 0.000000 -0.000000 0.000000 170.000000 180.000000 -144.385681 180.000000 -180.000000 -126.578514 0.000002 0.000001 35.578720 0.000000 -0.000000 0.000000 160.000015 180.000000 -147.322571 0.000002 -0.000001 49.016148 0.000002 -0.000000 32.644768 3.030072 -6.421494 -8.069283 150.906006 172.537842 106.954971 159.010483 -175.482819 178.126175 178.479828 -145.870789 -158.087234 121.237030 123.354462 160.985153 0.000003 0.000001 -36.823586 0.000000 -0.000003 -13.862519 0.000000 -0.000000 0.000000 165.000000 -179.999985 140.740540 180.000000 -180.000000 147.878632 0.000007 0.000001 -22.484953 0.000000 -0.000000 0.000000 180.000000 179.999985 144.218597 180.000000 -179.999985 126.327904 0.000007 0.000002 -35.745617 0.000000 -0.000000 0.000000 10.000001 -0.000000 -34.515747 180.000000 -179.999985 128.226395 180.000000 180.000000 145.518799 0.000000 -0.000000 0.000000 20.000006 -0.000000 -38.764637 0.000006 0.000003 -58.146931 180.000000 180.000000 141.274124
-182.314804 5.323472 282.178589 116.087135 -173.677551 178.869995 168.156204 -175.862366 174.143234 43.932270 8.921677 5.139000 171.587494 -175.950806 -168.986862 149.622131 -179.555405 172.941605 18.486952 8.154851 -2.632928 58.608089 -14.121251 9.769620 176.460754 174.778824 -179.461685 176.461807 174.842972 -178.883835 163.237808 175.920441 179.913681 179.999832 177.187561 -179.889130 179.999802 176.718857 -179.885178 173.906097 177.584946 179.809341 4.382702 -9.112051 5.765992 30.942453 -17.256754 61.685337 68.372681 24.853712 9.123551 159.514450 157.756058 144.765610 62.201237 48.881027 18.578003 0.000000 -0.000000 38.472210 0.000003 -0.000000 14.770612 0.000000 -0.000000 0.000000 15.000004 0.000001 35.120564 180.000000 -180.000000 -151.264984 0.000000 -0.000000 20.114506 0.000000 -0.000000 0.000000 0.000002 -0.000001 35.323860 0.000002 -0.000001 52.985786 0.000000 -0.000000 35.288532 0.000000 -0.000000 0.000000 170.000000 -179.999985 -144.227036 0.000000 -0.000000 53.659451 180.000000 -180.000000 -144.262802 0.000000 -0.000000 0.000000 160.000000 180.000000 -146.894821 0.000000 -0.000000 49.657768 0.000000 -0.000000 33.072067 2.972768 -6.458738 -8.058992 151.307022 172.141769 106.870193 159.335007 -175.437057 178.095688 178.614883 -145.691071 -159.121277 120.608521 123.072334 160.344177 180.000000 -179.999985 143.436752 0.000001 0.000002 -13.634472 0.000000 -0.000000 0.000000 165.000015 -180.000000 141.121307 180.000000 -179.999985 148.190155 180.000000 -180.000000 157.733124 0.000000 -0.000000 0.000000 180.000000 -179.999985 144.541931 180.000000 -180.000000 126.812897 0.000003 0.000001 -35.422604 0.000000 -0.000000 0.000000 9.999999 0.000002 -34.196819 180.000000 -179.999985 128.704773 180.000000 180.000000 145.837387 0.000000 -0.000000 0.000000 20.000002 -0.000004 -38.250893 0.000002 -0.000003 -57.376320 180.000000 -180.000000 141.787369
-182.347290 5.311042 282.218262 116.344101 -173.855942 178.846939 168.215027 -175.879837 174.136093 43.582779 8.007586 5.112556 171.528717 -176.693298 -169.179550 149.651199 -179.550262 173.098145 18.331327 8.157710 -2.692171 58.506123 -14.314411 10.154747 176.465973 174.788071 -179.451050 176.467041 174.851700 -178.866837 163.260101 175.917496 179.938660 179.999847 177.157578 -179.847626 179.999832 176.683884 -179.842194 173.622208 177.557449 179.819946 4.382311 -9.221431 5.667796 31.962025 -17.899071 60.440193 68.254883 24.920439 9.004406 159.364578 157.563278 144.781616 62.594440 48.984497 19.148020 0.000003 -0.000001 38.668507 0.000004 0.000003 14.945323 0.000000 -0.000000 0.000000 15.000000 0.000001 37.206337 0.000000 0.000001 30.441542 180.000000 -180.000000 -158.690903 0.000000 -0.000000 0.000000 0.000002 -0.000001 35.522549 180.000000 -180.000000 -126.716171 0.000001 0.000001 35.487038 0.000000 -0.000000 0.000000 170.000000 -180.000000 -141.516403 0.000000 -0.000000 54.230495 0.000001 0.000003 36.804367 0.000000 -0.000000 0.000000 160.000015 180.000000 -146.181946 0.000000 -0.000000 50.727085 180.000000 -180.000000 -146.215759 2.957197 -6.475156 -8.066869 151.605835 171.787979 106.834129 159.753128 -175.313873 178.085464 178.672470 -145.583847 -160.083603 120.752762 123.160347 160.496735 0.000000 0.000000 -36.638229 0.000001 0.000000 -13.698661 0.000000 -0.000000 0.000000 165.000015 179.999985 141.437607 0.000000 0.000000 -31.551058 0.000003 0.000004 -22.085735 0.000000 -0.000000 0.000000 180.000000 -180.000000 144.871628 180.000000 -180.000000 127.307457 0.000000 0.000000 -35.093246 0.000000 -0.000000 0.000000 9.999999 -0.000001 -33.862366 0.000000 0.000000 -50.793552 0.000003 0.000001 -33.828495 0.000000 -0.000000 0.000000 20.000002 -0.000000 -37.780167 180.000000 -179.999985 123.329765 180.000000 -180.000000 142.257614
-182.380554 5.297147 282.258575 116.608788 -174.041595 178.830414 168.206741 -175.912781 174.123672 43.255898 7.025204 5.092120 171.501480 -177.482132 -169.410828 149.640732 -179.514832 173.249680 18.198837 8.162768 -2.743367 58.425793 -14.435755 10.453995 176.471512 174.799545 -179.441803 176.472595 174.862671 -178.852280 163.284500 175.917358 179.961502 179.999847 177.141663 -179.803467 179.999847 176.665329 -179.796463 173.329819 177.541718 179.832916 4.425258 -9.318203 5.547590 33.079746 -18.578436 59.036358 67.914658 24.828482 8.831931 159.175003 157.552505 144.801071 63.068977 49.181709 19.874773 0.000000 -0.000000 38.884510 180.000000 180.000000 -164.856720 0.000000 0.000000 -0.000001 15.000004 -0.000003 38.012470 0.000003 -0.000001 31.101103 0.000003 -0.000001 21.770769 0.000000 0.000000 -0.000001 180.000000 -180.000000 -144.303482 0.000002 -0.000000 53.544769 0.000002 0.000001 35.660820 0.000000 0.000000 -0.000001 170.000000 180.000000 -140.474380 180.000000 180.000000 -125.698677 180.000000 -180.000000 -142.865555 0.000000 0.000000 -0.000001 160.000000 180.000000 -145.838837 0.000002 -0.000001 51.241718 180.000000 -180.000000 -145.873016 3.006441 -6.456022 -8.093492 151.829865 171.458099 106.854080 160.301407 -175.113907 178.083450 178.684158 -145.560791 -161.075134 120.901016 123.217613 160.643860 0.000001 0.000000 -36.697697 0.000001 -0.000003 -13.751228 0.000000 -0.000000 0.000000 165.000015 -180.000000 141.717407 0.000002 0.000000 -31.322117 180.000000 -180.000000 158.074524 0.000000 -0.000000 0.000000 180.000000 179.999985 145.163986 0.000004 -0.000000 -52.254036 0.000001 -0.000002 -34.801186 0.000000 -0.000000 0.000000 10.000001 -0.000003 -33.555023 0.000000 -0.000000 -50.332531 0.000000 -0.000000 -33.521465 0.000000 -0.000000 0.000000 20.000002 0.000002 -37.289162 0.000000 -0.000001 -55.933739 0.000000 -0.000001 -37.251873
-182.416763 5.281316 282.302582 116.917236 -174.253250 178.818176 168.067062 -175.890488 174.118439 43.022263 6.059286 5.084694 171.472076 -178.267746 -169.645081 149.598358 -179.454742 173.409760 18.083273 8.164070 -2.787872 58.386555 -14.562833 10.594073 176.465271 174.828949 -179.431564 176.466385 174.891068 -178.836136 163.254517 175.927933 179.985489 179.999893 177.127625 -179.766434 179.999878 176.648926 -179.758087 173.071686 177.527771 179.843201 4.482347 -9.397196 5.434523 34.048096 -19.144871 57.797512 67.792938 25.026577 8.747396 158.912460 157.724991 144.858093 62.643524 48.805450 19.386501 0.000000 -0.000000 39.279476 0.000000 -0.000000 15.497748 0.000000 -0.000000 0.000000 15.000000 -0.000002 39.395596 0.000000 -0.000000 32.232761 0.000000 0.000001 22.562929 0.000000 -0.000000 0.000000 0.000003 -0.000003 39.401131 0.000000 -0.000000 54.293629 0.000001 -0.000003 37.095703 0.000000 -0.000000 0.000000 170.000000 180.000000 -139.759583 180.000000 180.000000 -125.658447 0.000001 -0.000000 37.353458 0.000000 -0.000000 0.000000 160.000000 180.000000 -145.678894 180.000000 180.000000 -128.518326 180.000000 179.999985 -145.713211 3.038975 -6.447123 -8.115339 152.186844 171.071091 106.876289 160.655930 -175.046875 178.096329 178.988556 -145.388397 -162.170135 120.157440 122.979988 159.909241 180.000000 -180.000000 143.555389 180.000000 180.000000 166.474548 0.000000 -0.000000 0.000000 165.000000 179.999985 142.057632 0.000000 -0.000002 -31.043760 0.000000 0.000000 -21.730627 0.000000 -0.000000 0.000000 180.000000 -180.000000 145.492615 0.000000 0.000000 -51.761066 180.000000 -180.000000 145.527130 0.000000 -0.000000 0.000000 10.000006 -0.000002 -33.202999 0.000001 -0.000002 -49.804489 0.000000 0.000000 -33.169788 0.000000 -0.000000 0.000000 20.000002 -0.000004 -36.721062 180.000000 -179.999985 124.918411 0.000000 -0.000001 -36.684345
-182.451126 5.264411 282.344727 117.197113 -174.439117 178.809647 168.022491 -176.078308 174.147186 42.686852 5.271268 4.955382 171.469437 -178.776398 -169.867508 149.612930 -179.436127 173.564621 17.975142 8.157426 -2.829251 58.399639 -14.669890 10.535579 176.469849 174.839127 -179.424255 176.470963 174.900848 -178.824661 163.274796 175.928574 -179.996063 179.999908 177.115585 -179.726212 179.999893 176.634888 -179.716446 172.783325 177.515381 179.854019 4.509959 -9.489246 5.341737 34.965984 -19.685225 56.576500 67.508377 25.095400 8.633465 158.765656 157.624329 144.738617 63.102173 48.997612 19.998411 180.000000 -179.999985 -140.697189 0.000003 -0.000000 15.518697 0.000000 -0.000000 0.000000 14.999999 0.000002 40.269421 179.999985 180.000000 -147.052307 180.000000 180.000000 -156.825226 0.000000 -0.000000 0.000000 0.000000 0.000001 40.541779 180.000000 -180.000000 -125.643463 180.000000 -180.000000 -142.556015 0.000000 -0.000000 0.000000 170.000000 -180.000000 -139.341171 180.000000 179.999985 -125.637970 0.000002 -0.000001 37.478859 0.000000 -0.000000 0.000000 160.000015 -180.000000 -145.717545 180.000000 179.999985 -128.576324 0.000000 -0.000000 34.248177 3.036365 -6.459317 -8.125603 152.475784 170.743896 106.937057 161.054031 -174.923157 178.125748 179.230988 -145.321838 -163.165085 120.431099 123.038834 160.201233 180.000000 -179.999985 143.536255 0.000001 0.000002 -13.544940 0.000000 -0.000000 0.000000 165.000015 -180.000000 142.361603 0.000000 -0.000002 -30.795052 0.000003 0.000004 -21.556534 0.000000 -0.000000 0.000000 180.000000 -179.999985 145.801041 0.000001 -0.000003 -51.298439 0.000000 0.000000 -34.164757 0.000000 -0.000000 0.000000 9.999996 0.000004 -32.865685 180.000000 179.999985 130.701462 0.000000 -0.000000 -32.832821 0.000000 -0.000000 0.000000 19.999994 0.000001 -36.283852 180.000000 180.000000 125.574219 179.999985 -180.000000 143.752441
-182.484650 5.247417 282.386414 117.473488 -174.620895 178.802734 167.885406 -176.243118 174.212830 42.447784 4.590093 4.834965 171.476562 -179.210114 -170.095383 149.587753 -179.406006 173.706650 17.902189 8.143852 -2.859008 58.472149 -14.814034 10.251091 176.463318 174.862610 -179.416641 176.464447 174.923523 -178.812576 163.243744 175.937347 -179.978485 179.999924 177.099899 -179.700241 179.999924 176.616562 -179.689529 172.578735 177.500549 179.859344 4.659177 -9.533062 5.223196 35.966713 -20.259865 55.210670 66.991989 25.014215 8.479862 158.617020 157.639374 144.622375 63.779774 49.575962 21.045839 0.000002 -0.000004 39.239208 180.000000 180.000000 -164.521347 0.000000 -0.000000 0.000000 15.000000 -0.000000 40.945450 0.000000 -0.000000 33.500809 0.000000 0.000001 23.678211 0.000000 -0.000000 0.000000 180.000000 180.000000 -138.435471 180.000000 180.000000 -125.601234 0.000003 -0.000000 37.743431 0.000000 -0.000000 0.000000 170.000000 -179.999985 -138.430695 0.000000 0.000001 54.398937 0.000002 -0.000001 37.744801 0.000000 -0.000000 0.000000 160.000015 -180.000000 -145.688171 180.000000 180.000000 -128.532272 0.000000 -0.000000 34.277512 3.150558 -6.417345 -8.160920 152.739670 170.443527 107.041687 161.544815 -174.722076 178.152878 179.375870 -145.336456 -164.108566 120.700493 123.109940 160.499069 0.000000 0.000000 -36.475159 180.000000 -180.000000 166.443085 0.000000 -0.000000 0.000000 165.000015 180.000000 142.607803 0.000000 0.000000 -30.593605 180.000000 -179.999985 158.584473 0.000000 -0.000000 0.000000 180.000000 180.000000 146.091888 0.000003 0.000001 -50.862190 0.000003 0.000001 -33.874214 0.000000 -0.000000 0.000000 10.000000 0.000002 -32.597126 180.000000 -180.000000 131.104324 0.000000 -0.000000 -32.564526 0.000000 -0.000000 0.000000 20.000000 -0.000001 -35.829086 0.000001 -0.000002 -53.743629 0.000000 -0.000001 -35.793255
-182.519196 5.230894 282.429749 117.774452 -174.820755 178.796432 167.681030 -176.321304 174.285110 42.250092 4.127615 4.748218 171.510818 -179.476303 -170.288498 149.488052 -179.354492 173.854416 17.872881 8.125244 -2.881237 58.575729 -14.988350 9.850326 176.447311 174.901337 -179.407806 176.448441 174.960999 -178.798569 163.168930 175.954712 -179.958832 179.999939 177.072784 -179.684647 179.999954 176.584915 -179.673386 172.431030 177.476471 179.859543 4.805010 -9.561939 5.124950 36.826748 -20.745756 54.014111 66.635139 25.220297 8.412709 158.457138 157.783463 144.482941 63.532089 49.351192 20.796080 180.000000 180.000000 -140.454025 0.000002 -0.000000 15.758172 0.000000 -0.000000 0.000000 15.000000 -0.000000 42.403145 180.000000 -180.000000 -145.306519 0.000000 0.000001 24.776600 0.000000 -0.000000 0.000000 180.000000 -180.000000 -136.233887 0.000003 0.000001 54.446545 0.000000 -0.000002 38.348118 0.000000 -0.000000 0.000000 170.000000 -180.000000 -137.044556 0.000000 -0.000000 54.435619 0.000001 -0.000000 38.131695 0.000000 -0.000000 0.000000 160.000015 -180.000000 -145.539398 0.000000 -0.000000 51.690895 0.000000 -0.000000 34.426136 3.263801 -6.373323 -8.192438 153.118454 170.104233 107.155472 161.834015 -174.640121 178.167587 179.727203 -145.186935 -165.042007 119.918343 122.940247 159.743698 180.000000 179.999985 143.739639 0.000000 0.000000 -13.361329 0.000000 -0.000000 0.000000 165.000015 179.999985 142.860199 180.000000 -179.999985 149.612869 0.000004 -0.000001 -21.270979 0.000000 -0.000000 0.000000 0.000003 0.000003 -33.610710 0.000000 0.000000 -50.416061 0.000000 0.000000 -33.577099 0.000000 -0.000000 0.000000 9.999994 -0.000004 -32.292286 0.000003 0.000001 -48.438419 0.000003 0.000003 -32.259987 0.000000 -0.000000 0.000000 20.000000 -0.000003 -35.380322 0.000000 -0.000001 -53.070511 0.000003 0.000001 -35.344944
-182.550613 5.215883 282.469666 118.034531 -174.993134 178.791763 167.642532 -176.549927 174.344925 41.802799 3.701935 4.587536 171.663727 -179.632141 -170.466187 149.417374 -179.335709 173.997467 17.858021 8.103980 -2.899707 58.704697 -15.165045 9.357380 176.425964 174.945923 -179.399628 176.427124 175.004181 -178.785599 163.069611 175.976196 -179.941101 179.999985 177.018921 -179.685211 179.999969 176.522095 -179.673965 172.373093 177.430603 179.850800 5.019908 -9.552411 5.021677 37.678486 -21.185572 52.869633 66.120468 25.327095 8.276088 158.385483 157.686890 144.175644 63.846062 49.597534 21.418007 180.000000 -179.999985 -140.181808 0.000000 -0.000000 16.023432 0.000000 -0.000000 0.000000 15.000000 0.000001 44.050888 180.000000 -179.999985 -143.958359 0.000001 -0.000001 26.039335 0.000000 -0.000000 0.000000 0.000000 -0.000000 45.984928 180.000000 180.000000 -125.561256 0.000002 0.000002 38.904308 0.000000 -0.000000 0.000000 170.000000 -180.000000 -136.128250 0.000001 -0.000002 54.447437 0.000001 -0.000001 38.375782 0.000000 -0.000000 0.000000 160.000015 -180.000000 -145.133728 180.000000 -180.000000 -127.700607 0.000000 -0.000000 34.831402 3.446990 -6.288782 -8.240582 153.423279 169.823334 107.285233 162.138092 -174.487274 178.192596 179.971024 -145.114777 -165.827393 120.159203 122.985954 160.004288 180.000000 180.000000 143.735718 0.000001 0.000000 -13.367408 0.000000 -0.000000 0.000000 165.000015 -179.999985 143.079559 0.000004 0.000005 -30.207621 180.000000 180.000000 158.854660 0.000000 -0.000000 0.000000 0.000002 -0.000001 -33.394932 180.000000 -179.999985 129.907593 0.000000 0.000000 -33.361546 0.000000 -0.000000 0.000000 10.000004 -0.000000 -32.034721 0.000002 0.000003 -48.052086 0.000000 -0.000001 -32.002689 0.000000 -0.000000 0.000000 20.000000 -0.000002 -35.082352 0.000003 0.000002 -52.623516 180.000000 -180.000000 144.952728
-182.579514 5.202893 282.506866 118.268745 -175.157379 178.784561 167.656082 -176.828384 174.408737 41.186489 3.194811 4.425076 171.953003 -179.847885 -170.676498 149.318146 -179.306366 174.130692 17.856678 8.085983 -2.909503 58.835312 -15.255443 8.858357 176.441788 174.937927 -179.392853 176.442917 174.996262 -178.774887 163.141678 175.965591 -179.923126 179.999924 177.008377 -179.650238 179.999939 176.509811 -179.637741 172.118561 177.419586 179.859146 5.047972 -9.656491 4.962661 38.620365 -21.641748 51.627041 65.381691 25.295794 8.065415 158.352158 157.684601 143.894699 64.066452 49.759956 21.911575 0.000003 -0.000001 40.137035 0.000002 -0.000000 16.332621 0.000000 -0.000000 0.000000 15.000000 0.000002 44.894394 180.000000 180.000000 -143.268234 180.000000 180.000000 -153.305573 0.000000 -0.000000 0.000000 0.000000 -0.000000 47.204464 0.000002 -0.000001 54.411983 0.000002 -0.000001 39.188046 0.000000 -0.000000 0.000000 170.000000 -180.000000 -134.796829 180.000000 -180.000000 -125.552345 0.000000 -0.000000 38.714310 0.000000 -0.000000 0.000000 160.000015 180.000000 -144.547363 0.000000 0.000001 53.178955 0.000002 0.000001 35.417171 3.441172 -6.304462 -8.240182 153.683502 169.576431 107.440971 162.503952 -174.250946 178.228821 0.113068 -34.898758 13.451395 120.345993 123.021080 160.203476 180.000000 -180.000000 143.727921 0.000003 0.000000 -13.376353 0.000000 -0.000000 0.000000 165.000015 -179.999985 143.288055 180.000000 -179.999985 149.962952 0.000003 0.000001 -21.025934 0.000000 -0.000000 0.000000 180.000000 -179.999985 146.822632 0.000000 0.000000 -49.766060 0.000001 -0.000002 -33.144199 0.000000 -0.000000 0.000000 10.000002 0.000001 -31.856091 0.000000 0.000000 -47.784134 180.000000 -180.000000 148.175766 0.000000 -0.000000 0.000000 20.000000 0.000002 -34.750423 180.000000 180.000000 127.874367 0.000003 0.000002 -34.715679
-182.607758 5.191140 282.542969 118.503006 -175.337387 178.777954 167.622498 -176.992065 174.446777 40.569923 2.837296 4.302252 172.313370 -179.974365 -170.820831 149.180664 -179.255447 174.266083 17.872494 8.070197 -2.907478 58.987671 -15.275966 8.268700 176.447998 174.946198 -179.383240 176.449112 175.004059 -178.759537 163.168869 175.962814 -179.899551 179.999847 176.987793 -179.627197 179.999863 176.485825 -179.613861 171.935150 177.400879 179.861923 5.091406 -9.744991 4.907758 39.440720 -22.015030 50.568905 64.766861 25.476833 7.907861 158.311462 157.971420 143.782776 63.912342 49.536091 21.782778 180.000000 -179.999985 -139.511322 180.000000 -179.999985 -163.339951 0.000000 -0.000000 0.000000 15.000002 0.000000 45.840828 180.000000 -180.000000 -142.493881 180.000000 -180.000000 -152.563538 0.000000 -0.000000 0.000000 180.000000 -180.000000 -131.164352 180.000000 -180.000000 -125.647438 180.000000 -180.000000 -140.456070 0.000000 -0.000000 0.000000 170.000000 -180.000000 -133.558350 0.000001 -0.000002 54.430531 180.000000 -179.999985 -140.987610 0.000000 -0.000000 0.000000 160.000015 179.999985 -144.237823 180.000000 -180.000000 -126.356735 180.000000 180.000000 -144.273590 3.454948 -6.311486 -8.244741 154.050766 169.300797 107.600304 162.679855 -174.143616 178.238922 0.421591 -35.073906 12.760692 119.455887 122.883316 159.325027 0.000000 0.000002 -36.120583 180.000000 -179.999985 166.767075 0.000000 -0.000000 0.000000 165.000015 179.999985 143.467545 180.000000 180.000000 150.109818 0.000000 0.000000 -20.923128 0.000000 -0.000000 0.000000 180.000000 179.999985 147.040466 0.000002 0.000003 -49.439297 180.000000 -180.000000 147.073425 0.000000 -0.000000 0.000000 9.999995 0.000001 -31.630770 180.000000 179.999985 132.553833 0.000004 -0.000000 -31.599150 0.000000 -0.000000 0.000000 20.000002 -0.000000 -34.418999 180.000000 180.000000 128.371490 0.000000 0.000000 -34.384583
-182.632141 5.180212 282.573883 118.688118 -175.491440 178.772034 167.596939 -177.220291 174.499496 39.943607 2.435869 4.127898 172.719162 179.872864 -170.947556 149.091095 -179.239700 174.395157 17.910347 8.053903 -2.894952 59.125568 -15.211349 7.723074 176.464783 174.937881 -179.374725 176.465897 174.995773 -178.746002 163.244949 175.950668 -179.877914 179.999847 176.966232 -179.604843 179.999863 176.460663 -179.590698 171.750336 177.381134 179.864441 5.102796 -9.845300 4.871355 40.211311 -22.369757 49.597057 64.080803 25.580366 7.728054 158.232666 157.879913 143.490555 64.297508 49.496796 22.328333 0.000001 0.000003 40.822033 0.000002 -0.000000 16.969992 0.000000 -0.000000 0.000000 14.999999 0.000001 46.408558 180.000000 180.000000 -142.029373 0.000001 -0.000002 27.885122 0.000000 -0.000000 0.000000 180.000000 -180.000000 -129.909958 180.000000 180.000000 -125.710762 0.000000 -0.000000 39.799618 0.000000 -0.000000 0.000000 170.000000 180.000000 -132.826782 180.000000 -180.000000 -125.587151 180.000000 179.999985 -140.819046 0.000000 -0.000000 0.000000 160.000015 -180.000000 -143.955612 0.000000 0.000001 54.066608 0.000001 -0.000000 36.008354 3.430634 -6.332781 -8.229011 154.346573 169.087189 107.745308 162.851364 -173.989639 178.263840 0.652161 -35.167194 12.173686 119.510139 122.947815 159.416855 180.000000 -180.000000 143.884842 180.000000 -180.000000 166.774460 0.000000 -0.000000 0.000000 165.000015 180.000000 143.657135 0.000001 -0.000003 -29.735088 0.000000 0.000000 -20.814558 0.000000 -0.000000 0.000000 0.000000 -0.000001 -32.816383 0.000000 0.000000 -49.224575 180.000000 -180.000000 147.216415 0.000000 -0.000000 0.000000 10.000002 -0.000006 -31.455534 0.000000 -0.000001 -47.183289 0.000000 0.000000 -31.424074 0.000000 -0.000000 0.000000 20.000002 0.000002 -34.227154 0.000003 0.000002 -51.340744 0.000000 0.000000 -34.192940
-182.653625 5.169726 282.600220 118.834953 -175.639938 178.766937 167.609894 -177.453568 174.554413 39.344734 2.012987 3.961594 173.098557 179.700409 -171.074402 149.020386 -179.214554 174.515137 17.932003 8.032780 -2.890372 59.255825 -15.095269 7.193919 176.492523 174.914124 -179.365662 176.493652 174.972458 -178.731552 163.371292 175.928650 -179.854660 179.999908 176.967697 -179.577194 179.999924 176.462357 -179.562073 171.531830 177.380402 179.871765 5.106304 -9.965593 4.845508 41.047714 -22.749727 48.558834 63.225216 25.564650 7.525600 158.142929 157.867615 143.280670 64.973625 49.554089 23.223909 180.000000 -179.999985 -138.888321 0.000000 -0.000000 17.238274 0.000000 -0.000000 0.000000 15.000002 -0.000000 46.783291 180.000000 180.000000 -141.722763 0.000000 0.000002 28.182732 0.000000 -0.000000 0.000000 0.000000 0.000000 51.035545 0.000001 -0.000001 54.231792 180.000000 -180.000000 -140.017746 0.000000 -0.000000 0.000000 170.000000 179.999985 -131.550354 180.000000 180.000000 -125.631027 0.000000 -0.000000 39.462105 0.000000 -0.000000 0.000000 160.000015 179.999985 -143.517838 180.000000 180.000000 -125.276749 0.000000 -0.000000 36.445694 3.390626 -6.373364 -8.198222 154.607635 168.906387 107.887199 163.052444 -173.772461 178.297150 0.793365 -35.174713 11.629878 119.464638 123.023376 159.427017 180.000000 179.999985 143.912292 180.000000 179.999985 166.803772 0.000000 -0.000000 0.000000 165.000015 -179.999985 143.789764 0.000002 0.000000 -29.626564 0.000000 0.000000 -20.738592 0.000000 -0.000000 0.000000 180.000000 180.000000 147.304535 180.000000 179.999985 130.956772 0.000000 -0.000001 -32.662792 0.000000 -0.000000 0.000000 10.000004 -0.000004 -31.352102 180.000000 -179.999985 132.971863 180.000000 -179.999985 148.679260 0.000000 -0.000000 0.000000 20.000000 0.000000 -34.041172 180.000000 -179.999985 128.938217 0.000000 0.000000 -34.007145
-182.674210 5.158772 282.623993 118.966133 -175.808243 178.762512 167.445587 -177.600159 174.652039 39.044704 1.672881 3.788809 173.382690 179.559341 -171.171997 148.953369 -179.171768 174.645447 17.995173 8.023265 -2.868690 59.392326 -14.974580 6.626910 176.526138 174.883972 -179.354370 176.527298 174.942871 -178.713547 163.524246 175.901169 -179.826614 0.000007 3.013455 0.451208 180.000000 176.484299 -179.532684 171.302719 177.394089 179.881577 5.040874 -10.128493 4.844667 41.752487 -23.081247 47.688183 62.479702 25.745165 7.399527 158.013382 157.926086 143.151031 64.859940 49.334595 23.103407 0.000001 0.000003 41.392136 0.000002 -0.000000 17.502542 0.000000 -0.000000 0.000002 15.000002 -0.000000 47.859295 180.000000 -180.000000 -140.842407 0.000004 -0.000003 29.043724 0.000000 -0.000000 0.000002 180.000000 180.000000 -126.824089 0.000000 -0.000000 54.072056 0.000001 0.000001 40.364285 0.000000 -0.000000 0.000002 170.000000 -180.000000 -129.702652 0.000000 -0.000000 54.277348 180.000000 -180.000000 -140.159592 0.000000 -0.000000 0.000002 160.000015 180.000000 -143.115829 0.000002 -0.000001 55.326279 0.000001 0.000001 36.847290 3.284007 -6.470786 -8.146020 154.964554 168.697922 108.018501 163.083908 -173.684280 178.299210 1.026153 -35.324005 11.142935 118.610413 122.922562 158.579346 180.000000 180.000000 144.026642 180.000000 -180.000000 166.915054 0.000000 -0.000000 0.000000 165.000000 -180.000000 143.873138 0.000003 -0.000003 -29.558350 0.000004 -0.000001 -20.690840 0.000000 -0.000000 0.000000 0.000000 0.000000 -32.609497 180.000000 -180.000000 131.085739 0.000000 -0.000001 -32.576893 0.000000 -0.000000 0.000000 9.999996 0.000001 -31.261875 0.000003 0.000001 -46.892803 0.000000 0.000000 -31.230619 0.000000 -0.000000 0.000000 20.000002 0.000005 -33.932697 180.000000 180.000000 129.100937 0.000000 -0.000001 -33.898773
-182.691605 5.147099 282.642395 119.050987 -175.957687 178.760788 167.296768 -177.760696 174.742447 38.883320 1.372321 3.615655 173.563873 179.464478 -171.252655 148.917404 -179.151520 174.773666 18.069614 8.017500 -2.846288 59.510433 -14.886703 6.127790 176.533340 174.895172 -179.343811 176.534531 174.953552 -178.696869 163.556213 175.900131 -179.800583 0.000022 3.040038 0.443436 0.000019 3.546711 0.459269 171.297012 177.372055 179.873367 5.176867 -10.158791 4.816622 42.428768 -23.403568 46.894867 61.696144 25.890753 7.263508 157.846375 157.814728 142.959213 65.152908 49.531330 23.749920 0.000003 -0.000001 41.812725 180.000000 -179.999985 -162.071976 0.000000 -0.000000 0.000000 15.000004 0.000001 49.419746 180.000000 -179.999985 -139.565674 180.000000 -179.999985 -149.690643 0.000000 -0.000000 0.000000 0.000001 -0.000002 55.176460 0.000002 0.000000 55.176449 0.000001 0.000002 41.382332 0.000000 -0.000000 0.000000 170.000000 180.000000 -128.346085 0.000000 -0.000000 54.189812 0.000001 0.000001 40.097069 0.000000 -0.000000 0.000000 160.000015 180.000000 -142.037338 180.000000 -180.000000 -123.055992 180.000000 -180.000000 -142.075287 3.376395 -6.448823 -8.128273 155.254044 168.541779 108.124786 163.104813 -173.565872 178.296829 1.165377 -35.397400 10.768790 118.502953 122.949715 158.506622 180.000000 -180.000000 144.066116 0.000000 0.000000 -13.046969 0.000000 -0.000000 0.000000 165.000000 -179.999985 143.922729 0.000005 -0.000000 -29.517761 0.000003 0.000002 -20.662430 0.000000 -0.000000 0.000000 180.000000 179.999985 147.450455 0.000000 -0.000001 -48.824314 0.000006 0.000003 -32.517002 0.000000 -0.000000 0.000000 10.000005 0.000002 -31.207582 180.000000 -180.000000 133.188614 0.000003 0.000002 -31.176378 0.000000 -0.000000 0.000000 20.000002 -0.000001 -33.866924 180.000000 -179.999985 129.199600 0.000003 0.000002 -33.833061
-182.707520 5.134876 282.657867 119.112022 -176.110809 178.759964 167.152222 -177.845505 174.823334 38.781013 1.136079 3.503864 173.716812 179.383255 -171.337006 148.884918 -179.111069 174.899597 18.135891 8.017373 -2.828013 59.598476 -14.817907 5.746126 176.541733 174.900375 -179.331421 176.542908 174.958267 -178.676971 163.592804 175.893524 -179.771683 0.000019 3.047992 0.435780 0.000019 3.555989 0.451344 171.300156 177.365967 179.867859 5.350643 -10.188923 4.785525 43.157951 -23.755863 46.067860 60.777313 25.956091 7.093850 157.679398 157.577133 142.677338 64.896141 49.775810 23.866610 180.000000 179.999985 -137.718094 180.000000 179.999985 -161.571793 0.000000 -0.000000 0.000000 15.000002 -0.000000 50.231785 180.000000 180.000000 -138.901260 180.000000 180.000000 -149.175949 0.000000 -0.000000 0.000000 0.000000 0.000001 56.087856 180.000000 180.000000 -123.912148 0.000001 -0.000002 42.065891 0.000000 -0.000000 0.000000 170.000000 -180.000000 -125.838638 0.000000 0.000001 54.161343 180.000000 180.000000 -139.378983 0.000000 -0.000000 0.000000 160.000015 -180.000000 -140.758179 180.000000 180.000000 -121.137260 0.000000 -0.000000 39.202579 3.501178 -6.425987 -8.113004 155.480209 168.418869 108.228058 163.135223 -173.387527 178.299591 1.196352 -35.400784 10.468151 118.369133 122.921738 158.379486 0.000000 0.000000 -35.889904 180.000000 180.000000 166.992050 0.000000 -0.000000 0.000000 165.000015 180.000000 143.949249 180.000000 -179.999985 150.503922 180.000000 -179.999985 159.352753 0.000000 -0.000000 0.000000 0.000001 0.000001 -32.518265 180.000000 -179.999985 131.222595 0.000000 0.000000 -32.485748 0.000000 -0.000000 0.000000 10.000001 -0.000002 -31.168905 180.000000 -179.999985 133.246643 0.000003 0.000001 -31.137735 0.000000 -0.000000 0.000000 20.000002 0.000004 -33.811977 180.000000 180.000000 129.282028 180.000000 -179.999985 146.221832
-182.723984 5.122070 282.673523 119.176476 -176.284653 178.757660 167.026733 -177.852600 174.892670 38.720993 0.970637 3.438604 173.814682 179.335526 -171.409180 148.822357 -179.043884 175.035294 18.195814 8.026573 -2.807992 59.676018 -14.739560 5.400425 176.549957 174.904633 -179.316788 176.551147 174.961975 -178.653259 163.628006 175.884293 -179.738571 0.000015 3.044096 0.432564 0.000014 3.551444 0.448013 171.302444 177.369568 179.866531 5.479700 -10.246864 4.766180 43.783344 -24.062494 45.384872 59.947758 26.115852 6.965836 157.558975 157.598938 142.486679 64.549011 49.847790 23.676241 180.000000 180.000000 -137.455978 180.000000 -179.999985 -161.288132 0.000000 0.000000 -0.000002 14.999999 0.000000 51.443764 180.000000 -180.000000 -137.909653 180.000000 179.999985 -148.432220 0.000000 0.000000 -0.000002 0.000002 0.000000 57.395878 0.000000 -0.000000 57.395889 0.000002 -0.000003 43.046921 0.000000 0.000000 -0.000002 170.000000 180.000000 -124.746727 0.000002 -0.000001 55.253288 180.000000 180.000000 -138.560043 0.000000 0.000000 -0.000002 160.000015 180.000000 -140.156570 180.000000 180.000000 -120.234856 0.000000 -0.000000 39.803600 3.588835 -6.444252 -8.096886 155.754456 168.262054 108.333359 163.035248 -173.309296 178.274124 1.261167 -35.521454 10.245146 117.700745 122.798920 157.676392 180.000000 180.000000 144.178604 0.000003 0.000002 -12.942634 0.000000 -0.000000 0.000000 165.000015 180.000000 143.971771 180.000000 -180.000000 150.522354 180.000000 180.000000 159.365646 0.000000 -0.000000 0.000000 180.000000 -179.999985 147.519073 0.000002 0.000004 -48.721416 180.000000 -180.000000 147.551544 0.000000 -0.000000 0.000000 10.000000 0.000001 -31.140162 0.000002 0.000003 -46.710243 0.000003 0.000000 -31.109018 0.000000 -0.000000 0.000000 20.000000 0.000001 -33.760136 180.000000 180.000000 129.359802 0.000000 -0.000002 -33.726372
-182.739334 5.108994 282.688202 119.231606 -176.440826 178.756134 166.907776 -177.908371 174.976654 38.666687 0.817509 3.336137 173.908966 179.310898 -171.473999 148.753128 -179.000427 175.164856 18.287165 8.045083 -2.768709 59.742218 -14.658858 5.097766 176.556152 174.907791 -179.303360 176.557373 174.964630 -178.631393 163.653992 175.875259 -179.708908 0.000010 3.049757 0.427972 0.000008 3.558047 0.443260 171.334305 177.365082 179.864456 5.617292 -10.274406 4.748611 44.342556 -24.375891 44.781178 59.157444 26.221188 6.845290 157.420273 157.500458 142.237778 64.782196 50.173878 24.306717 0.000002 -0.000004 42.902542 180.000000 179.999985 -160.900818 0.000000 -0.000000 0.000000 15.000000 -0.000000 52.566147 0.000000 0.000000 43.008656 180.000000 179.999985 -147.743515 0.000000 -0.000000 0.000000 0.000000 0.000001 58.569576 0.000001 0.000003 58.569561 0.000000 0.000001 43.927174 0.000000 -0.000000 0.000000 170.000000 180.000000 -124.185326 0.000001 -0.000002 55.814671 180.000000 -180.000000 -138.138992 0.000000 -0.000000 0.000000 160.000015 -180.000000 -139.275787 0.000000 -0.000000 61.086338 0.000000 0.000001 40.683506 3.686532 -6.435964 -8.085074 155.942352 168.156677 108.432487 162.924210 -173.217987 178.250473 1.277665 -35.599365 10.109992 117.563072 122.744759 157.529022 0.000002 -0.000001 -35.780197 0.000001 -0.000005 -12.907769 0.000000 -0.000000 0.000000 165.000015 -179.999985 143.985321 180.000000 180.000000 150.533447 0.000000 -0.000002 -20.626581 0.000000 -0.000000 0.000000 180.000000 180.000000 147.540253 0.000002 0.000003 -48.689625 180.000000 -180.000000 147.572708 0.000000 -0.000000 0.000000 9.999996 0.000001 -31.119965 180.000000 180.000000 133.320068 180.000000 -179.999985 148.911163 0.000000 -0.000000 0.000000 20.000002 -0.000001 -33.736729 180.000000 179.999985 129.394897 180.000000 180.000000 146.297012
-182.754761 5.096050 282.703918 119.299911 -176.591507 178.754272 166.828018 -177.889053 175.039215 38.568863 0.739320 3.302028 174.005173 179.304230 -171.535095 148.655960 -178.950943 175.283005 18.335012 8.044425 -2.755747 59.787460 -14.585445 4.883687 176.556854 174.922668 -179.291733 176.558075 174.978806 -178.612701 163.655411 175.875290 -179.682495 180.000000 176.940292 -179.574936 180.000000 176.430359 -179.559753 171.369385 177.356796 179.863022 5.797062 -10.236857 4.734494 44.918785 -24.721458 44.154579 58.314114 26.251228 6.728901 157.330353 157.462158 141.982300 65.397148 50.430695 25.282839 0.000003 -0.000001 43.232193 0.000004 0.000003 19.443571 0.000000 -0.000000 0.000000 15.000002 0.000001 53.206581 180.000000 -180.000000 -136.467346 0.000000 -0.000000 32.649490 0.000000 -0.000000 0.000000 180.000000 -180.000000 -120.630951 0.000001 -0.000001 59.369057 0.000001 -0.000001 44.526794 0.000000 -0.000000 0.000000 170.000000 -180.000000 -122.937370 180.000000 -180.000000 -122.937355 180.000000 -180.000000 -137.203033 0.000000 -0.000000 0.000000 160.000000 180.000000 -138.314926 0.000001 -0.000000 62.527615 0.000000 -0.000000 41.643391 3.823991 -6.361868 -8.075373 156.050995 168.093918 108.530197 162.822891 -173.082184 178.232162 1.225192 -35.613266 10.047141 117.421227 122.703568 157.382645 0.000004 0.000001 -35.742470 0.000002 -0.000002 -12.875067 0.000000 -0.000000 0.000000 165.000015 179.999985 143.972778 0.000004 -0.000002 -29.476830 0.000000 0.000000 -20.633774 0.000000 -0.000000 0.000000 0.000000 -0.000002 -32.459568 180.000000 179.999985 131.310654 0.000003 0.000001 -32.427109 0.000000 -0.000000 0.000000 9.999999 -0.000001 -31.121685 0.000001 -0.000001 -46.682499 0.000003 0.000000 -31.090546 0.000000 -0.000000 0.000000 20.000002 -0.000007 -33.738480 0.000003 0.000001 -50.607704 0.000000 0.000000 -33.704731
-182.771561 5.083085 282.721741 119.387596 -176.754517 178.754745 166.731140 -177.850250 175.128616 38.497272 0.698556 3.240769 174.074951 179.312637 -171.580521 148.550018 -178.897125 175.404648 18.387222 8.046188 -2.728591 59.832176 -14.501575 4.666235 176.554581 174.942581 -179.279755 176.555862 174.997849 -178.593491 163.643234 175.878159 -179.655579 0.000001 3.069146 0.422251 0.000003 3.580667 0.437331 171.396378 177.348892 179.861465 5.946195 -10.207930 4.723339 45.372433 -25.026215 43.645748 57.596737 26.342396 6.694766 157.280228 157.497803 141.703918 65.497162 50.478989 25.536903 0.000003 -0.000001 43.468163 0.000003 -0.000004 19.691656 0.000000 -0.000000 0.000000 15.000000 0.000000 54.877472 0.000001 0.000002 44.899746 0.000000 0.000001 33.674797 0.000000 -0.000000 0.000000 0.000000 0.000000 61.114700 0.000003 0.000001 61.114700 0.000001 -0.000001 45.836029 0.000000 -0.000000 0.000000 170.000000 -180.000000 -122.853004 180.000000 180.000000 -122.853027 0.000001 0.000001 42.860245 0.000000 -0.000000 0.000000 160.000000 180.000000 -137.663528 0.000000 -0.000001 63.504715 0.000000 0.000001 42.294140 3.913574 -6.325323 -8.069637 156.208435 167.997498 108.617279 162.650009 -173.028625 178.205460 1.175473 -35.712856 10.052097 116.969719 122.636482 156.901093 180.000000 179.999985 144.278778 180.000000 -179.999985 167.139389 0.000000 -0.000000 0.000000 165.000015 -180.000000 143.934113 0.000004 -0.000001 -29.508463 0.000000 0.000000 -20.655928 0.000000 -0.000000 0.000000 0.000001 0.000002 -32.493458 180.000000 180.000000 131.259811 180.000000 180.000000 147.539032 0.000000 -0.000000 0.000000 9.999995 -0.000001 -31.153318 0.000001 -0.000001 -46.729969 0.000003 0.000000 -31.122152 0.000000 -0.000000 0.000000 20.000002 0.000002 -33.783134 0.000000 -0.000001 -50.674679 0.000000 -0.000002 -33.749336
-182.787796 5.070209 282.739655 119.477112 -176.893570 178.757614 166.639404 -177.847336 175.228180 38.435707 0.680071 3.158766 174.127808 179.345734 -171.623688 148.461121 -178.880585 175.519958 18.436817 8.039145 -2.700332 59.871868 -14.418597 4.468445 176.546448 174.974030 -179.271973 176.547729 175.028336 -178.581360 163.605331 175.891983 -179.636673 0.000016 3.105929 0.413902 0.000020 3.623582 0.428687 171.461319 177.318115 179.854828 6.124990 -10.116505 4.717866 45.766354 -25.320656 43.200310 56.950550 26.421307 6.682347 157.224106 157.472794 141.411774 65.894943 50.769154 26.319633 0.000004 0.000002 43.829048 180.000000 -179.999985 -159.915665 0.000000 -0.000000 0.000000 15.000000 -0.000001 56.530323 0.000000 0.000001 46.252079 180.000000 -179.999985 -145.310928 0.000000 -0.000000 0.000000 180.000000 -180.000000 -117.328781 0.000001 0.000002 62.671219 180.000000 180.000000 -132.996597 0.000000 -0.000000 0.000000 170.000000 180.000000 -120.508240 180.000000 -180.000000 -120.508255 0.000001 0.000002 44.618816 0.000000 -0.000000 0.000000 160.000015 -180.000000 -136.473831 0.000000 0.000001 65.289268 0.000000 -0.000001 43.482647 4.055881 -6.209374 -8.065551 156.271866 167.967026 108.692596 162.498642 -172.968918 178.183762 1.100837 -35.772671 10.103862 116.800499 122.639328 156.742386 180.000000 -179.999985 144.300949 180.000000 -179.999985 167.150482 0.000000 -0.000000 0.000000 165.000000 -179.999985 143.832932 0.000000 -0.000002 -29.591230 180.000000 180.000000 159.286133 0.000000 -0.000000 0.000000 0.000001 0.000001 -32.536728 0.000000 0.000000 -48.805103 180.000000 -180.000000 147.495804 0.000000 -0.000000 0.000000 10.000001 -0.000002 -31.213011 0.000001 -0.000002 -46.819511 180.000000 -179.999985 148.818192 0.000000 -0.000000 0.000000 19.999998 0.000000 -33.839443 180.000000 180.000000 129.240829 0.000004 -0.000001 -33.805603
-182.804581 5.057433 282.758698 119.583565 -177.025589 178.767258 166.533371 -177.835342 175.318695 38.391537 0.687420 3.102580 174.161713 179.400284 -171.678879 148.373581 -178.861450 175.625000 18.471478 8.023347 -2.681737 59.901886 -14.344378 4.314137 176.532013 175.018188 -179.267120 176.533295 175.071320 -178.574280 163.539612 175.916367 -179.623322 0.000023 3.152416 0.402994 0.000020 3.677817 0.417391 171.531876 177.279282 179.845703 6.348203 -9.964704 4.710528 46.201851 -25.619888 42.735886 56.257080 26.466560 6.656456 157.198654 157.458405 141.160004 66.509476 50.940609 27.232691 0.000006 0.000005 44.130810 0.000002 0.000003 20.401857 0.000000 -0.000000 0.000000 15.000000 0.000002 57.226936 0.000000 0.000000 46.822044 180.000000 -179.999985 -144.883469 0.000000 -0.000000 0.000000 180.000000 -180.000000 -116.630920 180.000000 -180.000000 -116.630920 180.000000 -180.000000 -132.473206 0.000000 -0.000000 0.000000 170.000000 -180.000000 -119.319359 180.000000 180.000000 -119.319374 180.000000 -180.000000 -134.489532 0.000000 -0.000000 0.000000 160.000015 -180.000000 -135.663742 180.000000 180.000000 -113.495621 0.000001 0.000001 44.291916 4.240838 -6.034268 -8.062564 156.266663 167.988312 108.748627 162.381485 -172.878494 178.177963 0.983426 -35.786190 10.185469 116.654358 122.665810 156.612198 180.000000 179.999985 144.308212 0.000002 0.000002 -12.845895 0.000000 -0.000000 0.000000 165.000015 180.000000 143.697800 0.000004 -0.000001 -29.701805 180.000000 180.000000 159.208740 0.000000 -0.000000 0.000000 180.000000 180.000000 147.384415 0.000003 0.000001 -48.923370 180.000000 180.000000 147.417023 0.000000 -0.000000 0.000000 10.000001 0.000001 -31.264904 180.000000 179.999985 133.102661 180.000000 -179.999985 148.766373 0.000000 -0.000000 0.000000 20.000002 -0.000003 -33.929581 180.000000 180.000000 129.105637 0.000000 -0.000002 -33.895645
-182.822906 5.044577 282.780060 119.716125 -177.166565 178.782425 166.426544 -177.810089 175.401505 38.341763 0.698980 3.044353 174.176529 179.460251 -171.723694 148.293823 -178.833313 175.736755 18.486975 8.002736 -2.672378 59.929363 -14.265763 4.168278 176.511627 175.073441 -179.263550 176.512924 175.125183 -178.569443 163.447144 175.948761 -179.612335 0.000023 3.208679 0.389809 0.000018 3.743457 0.403729 171.612427 177.232254 179.834579 6.555206 -9.813095 4.705986 46.587448 -25.852989 42.352173 55.623577 26.552582 6.655851 157.198959 157.468887 140.931915 66.704330 50.899181 27.494171 0.000001 0.000003 44.285446 0.000001 -0.000004 20.558500 0.000000 -0.000000 0.000000 15.000002 -0.000000 58.355995 180.000000 -180.000000 -132.254181 180.000000 -180.000000 -144.190628 0.000000 -0.000000 0.000000 0.000001 -0.000002 64.394478 0.000001 -0.000002 64.394478 180.000000 180.000000 -131.704147 0.000000 -0.000000 0.000000 170.000000 -180.000000 -118.088600 0.000001 -0.000000 61.911388 0.000000 -0.000000 46.433533 0.000000 -0.000000 0.000000 160.000015 180.000000 -135.304977 180.000000 -180.000000 -112.957466 0.000001 -0.000000 44.650326 4.416036 -5.864209 -8.058538 156.266144 168.005203 108.780067 162.255646 -172.829666 178.178741 0.851808 -35.855988 10.299098 116.365097 122.656403 156.302704 0.000000 0.000002 -35.713215 0.000000 0.000000 -12.856606 0.000000 -0.000000 0.000000 165.000015 -180.000000 143.599365 0.000002 0.000000 -29.782330 0.000000 0.000000 -20.847633 0.000000 -0.000000 0.000000 180.000000 180.000000 147.324387 0.000003 0.000001 -49.013405 0.000000 -0.000001 -32.642918 0.000000 -0.000000 0.000000 9.999997 -0.000001 -31.344278 180.000000 -179.999985 132.983582 180.000000 180.000000 148.687073 0.000000 -0.000000 0.000000 20.000002 -0.000004 -34.031918 0.000001 -0.000002 -51.047886 0.000003 0.000002 -33.997898
-182.840622 5.031878 282.801300 119.844795 -177.287308 178.800873 166.362396 -177.818985 175.480927 38.285889 0.701348 2.974987 174.156876 179.523346 -171.770554 148.257675 -178.829468 175.846558 18.461359 7.980299 -2.676074 59.954227 -14.189672 4.034106 176.491745 175.121185 -179.261169 176.493042 175.171707 -178.566315 163.356796 175.977097 -179.605026 0.000020 3.273365 0.375655 0.000017 3.818924 0.389074 171.708740 177.178040 179.822754 6.761878 -9.663245 4.701805 46.842384 -26.035551 42.041496 55.152683 26.603304 6.663558 157.159378 157.369904 140.755753 67.253883 50.907856 28.251173 0.000004 0.000002 44.602932 180.000000 -179.999985 -159.114426 0.000000 -0.000000 0.000002 15.000002 0.000001 59.518787 0.000002 0.000000 48.697186 0.000001 -0.000001 36.522892 0.000000 -0.000000 0.000002 180.000000 -180.000000 -114.561005 0.000001 -0.000000 65.438988 180.000000 -180.000000 -130.920761 0.000000 -0.000000 0.000002 170.000000 -180.000000 -117.379097 180.000000 -180.000000 -117.379097 0.000002 -0.000002 46.965675 0.000000 -0.000000 0.000002 160.000000 180.000000 -134.510422 180.000000 180.000000 -111.765640 0.000000 -0.000000 45.444073 4.590747 -5.699205 -8.052370 156.204071 168.059952 108.793861 162.173035 -172.771774 178.188156 0.718206 -35.906658 10.411678 116.219879 122.693420 156.169998 0.000001 0.000000 -35.723026 0.000002 0.000002 -12.861520 180.000000 180.000000 -180.000000 165.000000 -180.000000 143.436035 0.000000 -0.000002 -29.915966 0.000000 -0.000002 -20.941174 180.000000 180.000000 -180.000000 0.000002 0.000005 -32.755459 0.000003 0.000001 -49.133194 0.000000 0.000000 -32.722698 180.000000 180.000000 -180.000000 10.000001 -0.000000 -31.420946 180.000000 180.000000 132.868591 180.000000 -179.999985 148.610474 180.000000 180.000000 -180.000000 20.000002 0.000003 -34.100441 180.000000 180.000000 128.849335 0.000003 0.000003 -34.066345
-182.859100 5.019593 282.824829 119.998940 -177.401382 178.822372 166.276291 -177.803558 175.532913 38.251938 0.719339 2.941053 174.115433 179.595795 -171.815765 148.210571 -178.813660 175.942139 18.449486 7.962983 -2.669301 59.977695 -14.109764 3.903069 176.468002 175.167038 -179.258881 176.469299 175.216324 -178.563110 163.248154 176.003723 -179.599731 0.000020 3.332339 0.364337 0.000010 3.887727 0.377351 171.800629 177.128464 179.813248 6.992400 -9.493541 4.696861 47.300144 -26.188616 41.656570 54.475231 26.602446 6.533175 157.127548 157.323074 140.597397 67.652481 51.040936 28.930899 0.000001 0.000003 44.937958 0.000004 0.000003 21.249535 0.000000 -0.000000 0.000000 15.000006 -0.000001 60.056507 180.000000 -179.999985 -130.862854 180.000000 179.999985 -143.147156 0.000000 -0.000000 0.000000 180.000000 180.000000 -114.060242 0.000000 -0.000000 65.939751 0.000000 0.000001 49.454815 0.000000 -0.000000 0.000000 170.000000 180.000000 -116.255486 0.000000 0.000001 63.744522 0.000001 0.000001 47.808384 0.000000 -0.000000 0.000000 160.000015 180.000000 -133.834869 180.000000 -180.000000 -110.752296 0.000000 -0.000000 46.118984 4.809266 -5.493890 -8.042462 156.029694 168.178406 108.792198 162.131287 -172.685562 178.215179 0.567851 -35.936256 10.530853 115.976135 122.715988 155.938446 180.000000 -180.000000 144.286392 180.000000 -179.999985 167.143204 0.000000 -0.000000 0.000000 165.000015 180.000000 143.287827 0.000004 -0.000001 -30.037231 180.000000 -180.000000 158.973923 0.000000 -0.000000 0.000000 0.000002 -0.000002 -32.832138 0.000003 0.000002 -49.248196 180.000000 -179.999985 147.200714 0.000000 -0.000000 0.000000 10.000000 -0.000005 -31.470066 180.000000 180.000000 132.794891 180.000000 -179.999985 148.561401 0.000000 -0.000000 0.000000 20.000002 0.000005 -34.197414 180.000000 -179.999985 128.703873 0.000000 0.000000 -34.163216
-182.879684 5.007479 282.852325 120.191879 -177.528564 178.848389 166.144196 -177.748154 175.566238 38.243881 0.735927 2.919586 174.056366 179.659256 -171.844604 148.146179 -178.775330 176.038147 18.435076 7.956504 -2.659248 60.003429 -14.031379 3.759699 176.479050 175.126984 -179.240799 176.480225 175.176285 -178.531830 163.292343 175.961136 -179.567169 179.999939 176.694382 -179.620087 179.999985 176.143478 -179.606461 171.661469 177.150574 179.818420 6.946191 -9.599401 4.679533 47.724201 -26.276367 41.316792 53.851490 26.604828 6.429849 157.067139 157.278366 140.422165 67.620918 51.205307 29.082710 0.000000 -0.000000 45.113750 180.000000 180.000000 -158.543182 0.000000 -0.000000 0.000000 15.000002 -0.000000 60.934353 180.000000 -179.999985 -130.144623 0.000000 0.000004 37.391533 0.000000 -0.000000 0.000000 0.000000 -0.000000 66.692345 180.000000 179.999985 -113.307655 180.000000 -180.000000 -129.980759 0.000000 -0.000000 0.000000 170.000000 180.000000 -115.362770 180.000000 -180.000000 -115.362770 180.000000 -180.000000 -131.522064 0.000000 -0.000000 0.000000 160.000015 -180.000000 -133.653397 180.000000 180.000000 -110.480072 0.000000 -0.000000 46.300266 4.733534 -5.591982 -8.035851 155.857147 168.273148 108.758614 162.098068 -172.613235 178.262787 0.397543 -35.993343 10.668631 115.738487 122.705673 155.680603 180.000000 -179.999985 144.267120 180.000000 180.000000 167.133560 0.000000 -0.000000 0.000000 165.000015 -179.999985 143.194214 0.000001 0.000002 -30.113815 0.000000 0.000000 -21.079668 0.000000 -0.000000 0.000000 180.000000 -180.000000 147.082565 0.000003 0.000002 -49.376152 180.000000 180.000000 147.115479 0.000000 -0.000000 0.000000 10.000001 -0.000001 -31.544634 0.000000 -0.000000 -47.316948 180.000000 -179.999985 148.486923 0.000000 -0.000000 0.000000 20.000002 0.000003 -34.288132 180.000000 180.000000 128.567825 0.000000 0.000000 -34.253838
-182.899628 4.995522 282.879974 120.376686 -177.639389 178.873001 166.014297 -177.695923 175.591248 38.246006 0.752238 2.890724 173.995483 179.714020 -171.857285 148.113815 -178.752457 176.132782 18.421000 7.961931 -2.643807 60.032356 -13.958959 3.601002 176.495041 175.074921 -179.221771 176.496185 175.124527 -178.498840 163.358658 175.910263 -179.533752 179.999847 176.718796 -179.599960 179.999924 176.171967 -179.585571 171.528641 177.170135 179.826736 6.874986 -9.718709 4.665771 48.137989 -26.317671 40.993931 53.264660 26.597498 6.273789 156.990158 157.171280 140.259750 68.156906 51.601212 30.023195 0.000004 0.000002 45.360279 0.000001 0.000003 21.747252 0.000000 -0.000000 0.000000 15.000004 0.000000 61.575447 0.000003 -0.000000 50.379894 180.000000 -180.000000 -142.215073 0.000000 -0.000000 0.000000 0.000001 -0.000001 67.469315 0.000002 0.000000 67.469315 180.000000 -180.000000 -129.397995 0.000000 -0.000000 0.000000 170.000000 -180.000000 -114.882263 180.000000 180.000000 -114.882263 0.000001 -0.000002 48.838299 0.000000 -0.000000 0.000000 160.000000 180.000000 -133.246979 180.000000 -180.000000 -109.870461 180.000000 180.000000 -133.293732 4.636106 -5.704450 -8.024936 155.637482 168.391754 108.718788 162.078934 -172.547379 178.305038 0.238223 -36.043854 10.811564 115.502266 122.727425 155.453644 180.000000 180.000000 144.273224 180.000000 -179.999985 167.136612 0.000000 -0.000000 0.000000 165.000015 -180.000000 143.048004 0.000002 -0.000001 -30.233450 180.000000 180.000000 158.836594 0.000000 -0.000000 0.000000 180.000000 179.999985 147.025681 180.000000 180.000000 130.538528 0.000000 0.000000 -32.941345 0.000000 -0.000000 0.000000 10.000002 0.000004 -31.619633 0.000001 -0.000001 -47.429455 0.000000 -0.000001 -31.588013 0.000000 -0.000000 0.000000 20.000000 0.000000 -34.353313 180.000000 -180.000000 128.470032 180.000000 -180.000000 145.681030
-182.919617 4.983720 282.908752 120.571823 -177.747177 178.897415 165.852173 -177.618866 175.601044 38.270214 0.784053 2.892598 173.937302 179.773788 -171.872406 148.058578 -178.715393 176.214188 18.390905 7.968895 -2.635267 60.056698 -13.904455 3.467947 176.516510 175.011154 -179.199951 176.517685 175.061249 -178.461090 163.449234 175.849792 -179.495575 179.999817 176.760849 -179.573151 179.999878 176.221039 -179.557785 171.349930 177.204147 179.839478 6.783576 -9.849314 4.648876 48.574883 -26.339369 40.664410 52.650597 26.579012 6.063470 156.921967 157.108017 140.040024 68.553558 52.250111 30.941904 0.000000 -0.000000 45.577812 0.000000 -0.000000 22.034229 0.000000 -0.000000 0.000000 15.000002 -0.000001 62.029510 180.000000 -180.000000 -129.248596 180.000000 180.000000 -141.936447 0.000000 -0.000000 0.000000 0.000003 -0.000002 68.088776 180.000000 -180.000000 -111.911201 0.000003 -0.000001 51.066589 0.000000 -0.000000 0.000000 170.000000 180.000000 -112.376137 180.000000 -180.000000 -112.376160 0.000000 0.000001 50.717884 0.000000 -0.000000 0.000000 160.000015 -180.000000 -132.345932 0.000000 -0.000000 71.481110 0.000001 0.000000 47.606434 4.516490 -5.830348 -8.011223 155.359085 168.535294 108.670258 162.058456 -172.470856 178.346359 0.064589 -36.070290 10.970822 115.304878 122.776855 155.280289 0.000001 -0.000001 -35.721836 180.000000 179.999985 167.139084 0.000000 0.000002 0.000000 165.000015 179.999985 142.908722 0.000001 0.000002 -30.347404 0.000000 -0.000002 -21.243181 0.000000 0.000002 0.000000 0.000001 0.000003 -33.062962 180.000000 -179.999985 130.405563 0.000006 0.000004 -33.029888 0.000000 0.000002 0.000000 10.000000 -0.000001 -31.671808 0.000002 0.000003 -47.507710 180.000000 -180.000000 148.359863 0.000000 0.000002 0.000000 20.000004 -0.000001 -34.464863 180.000000 -179.999985 128.302704 0.000003 0.000002 -34.430397
-182.940582 4.971827 282.939331 120.788742 -177.865326 178.924301 165.633469 -177.499725 175.595016 38.315620 0.822302 2.923539 173.895645 179.827484 -171.885071 147.976425 -178.661926 176.295700 18.424063 7.997625 -2.585373 60.088520 -13.838185 3.294034 176.540726 174.941177 -179.175262 176.542023 174.991867 -178.418549 163.551575 175.783218 -179.452484 179.999832 176.812637 -179.538773 179.999863 176.281448 -179.522232 171.144958 177.245651 179.857285 6.627354 -10.027921 4.629853 49.070286 -26.331867 40.357117 51.988762 26.553871 5.850906 156.888474 157.127213 139.674393 68.558228 52.450989 31.150440 0.000003 -0.000001 45.753670 180.000000 -179.999985 -157.752258 0.000000 -0.000000 0.000000 15.000000 -0.000000 63.019478 180.000000 -179.999985 -128.438614 180.000000 -180.000000 -141.328949 0.000000 -0.000000 0.000000 180.000000 -180.000000 -110.810455 0.000000 0.000002 69.189560 180.000000 -180.000000 -128.107849 0.000000 -0.000000 0.000000 170.000000 180.000000 -110.840736 180.000000 180.000000 -110.840736 0.000000 0.000000 51.869453 0.000000 -0.000000 0.000000 160.000015 180.000000 -131.736450 180.000000 -180.000000 -107.604675 180.000000 -180.000000 -131.784729 4.337470 -6.009665 -7.999184 155.091339 168.660370 108.604752 162.023895 -172.410553 178.395554 179.862274 -143.895081 -168.853592 115.235588 122.778603 155.198669 0.000001 -0.000001 -35.744728 180.000000 -180.000000 167.127640 0.000000 -0.000000 0.000000 165.000000 -180.000000 142.830154 180.000000 -180.000000 149.588318 0.000000 -0.000002 -21.288187 0.000000 -0.000000 0.000000 180.000000 -180.000000 146.833527 0.000005 -0.000002 -49.749710 0.000000 -0.000001 -33.133308 0.000000 -0.000000 0.000000 10.000001 -0.000002 -31.771799 180.000000 -179.999985 132.342285 180.000000 180.000000 148.259964 0.000000 -0.000000 0.000000 20.000004 0.000004 -34.604298 0.000003 0.000002 -51.906429 180.000000 -179.999985 145.430313
-182.959671 4.959981 282.967438 120.975761 -177.968597 178.947098 165.444839 -177.395691 175.591263 38.355286 0.857729 2.963538 173.859802 179.878311 -171.909500 147.941284 -178.631027 176.381485 18.428057 8.015199 -2.554516 60.116417 -13.783211 3.140136 176.569611 174.865143 -179.150528 176.571106 174.916656 -178.376099 163.675354 175.713516 -179.409821 179.999954 176.856644 -179.500824 179.999939 176.332748 -179.483002 170.955215 177.279938 179.877792 6.461409 -10.203442 4.612506 49.361118 -26.331863 40.143681 51.557812 26.552786 5.702110 156.852966 157.090073 139.268524 68.884148 52.897327 31.929003 0.000000 -0.000000 46.092770 0.000000 -0.000000 22.659304 0.000000 -0.000000 0.000000 14.999999 0.000001 63.996052 180.000000 -179.999985 -127.639610 180.000000 -180.000000 -140.729691 0.000000 -0.000000 0.000000 180.000000 -180.000000 -109.689713 0.000002 -0.000001 70.310287 180.000000 180.000000 -127.267281 0.000000 -0.000000 0.000000 170.000000 179.999985 -109.833572 180.000000 -180.000000 -109.833580 180.000000 -180.000000 -127.375191 0.000000 -0.000000 0.000000 160.000015 180.000000 -130.682312 0.000001 0.000000 73.976540 0.000001 0.000001 49.268383 4.153693 -6.195053 -7.984622 154.837540 168.783401 108.546066 161.961655 -172.369492 178.422546 179.682175 -143.871750 -168.676620 115.071884 122.797295 155.050140 180.000000 179.999985 144.274567 180.000000 180.000000 167.137283 0.000000 -0.000000 0.000000 165.000000 -179.999985 142.700806 0.000002 0.000000 -30.517511 180.000000 180.000000 158.637741 0.000000 -0.000000 0.000000 180.000000 180.000000 146.770081 180.000000 -180.000000 130.155121 0.000000 0.000000 -33.196693 0.000000 -0.000000 0.000000 9.999995 -0.000001 -31.872030 0.000003 0.000002 -47.808041 0.000003 0.000001 -31.840160 0.000000 -0.000000 0.000000 20.000002 -0.000006 -34.684956 0.000003 0.000001 -52.027416 180.000000 -180.000000 145.349731
-182.977203 4.948344 282.992950 121.140717 -178.067047 178.968170 165.463974 -177.475906 175.657516 38.197666 0.816837 2.852577 173.820587 179.934860 -171.945328 147.908768 -178.597305 176.461975 18.434732 8.028514 -2.528064 60.139885 -13.733587 3.008143 176.568344 174.863480 -179.139038 176.569870 174.914551 -178.356812 163.666382 175.702148 -179.387863 179.999954 176.835403 -179.480362 179.999939 176.307968 -179.461807 170.946289 177.260025 179.886917 6.509367 -10.144804 4.603158 49.639889 -26.358423 39.942856 51.151375 26.546877 5.540402 156.838058 157.083755 138.833710 69.190376 53.450127 32.719181 180.000000 179.999985 -133.614227 0.000000 -0.000000 23.032839 0.000000 -0.000000 0.000000 15.000002 -0.000001 64.548546 180.000000 179.999985 -127.187576 180.000000 -179.999985 -140.390671 0.000000 -0.000000 0.000000 0.000000 0.000000 70.552826 180.000000 180.000000 -109.447182 180.000000 180.000000 -127.085381 0.000000 -0.000000 0.000000 170.000000 -180.000000 -109.523254 0.000001 -0.000001 70.476730 0.000001 0.000001 52.857536 0.000000 -0.000000 0.000000 160.000015 -180.000000 -129.737610 180.000000 -180.000000 -104.606400 0.000000 0.000001 50.212147 4.185781 -6.152412 -7.967836 154.589249 168.909714 108.497810 161.859360 -172.343796 178.421677 179.493683 -143.858200 -168.473648 114.909927 122.806992 154.899658 0.000000 0.000000 -35.703484 0.000002 -0.000003 -12.851753 0.000000 -0.000000 0.000000 165.000000 -180.000000 142.579727 0.000000 0.000000 -30.616570 0.000003 0.000004 -21.431599 0.000000 -0.000000 0.000000 180.000000 -180.000000 146.673798 0.000001 -0.000003 -49.989285 0.000000 -0.000001 -33.292854 0.000000 -0.000000 0.000000 9.999997 -0.000003 -31.927179 0.000002 0.000003 -47.890747 0.000000 -0.000000 -31.895241 0.000000 -0.000000 0.000000 20.000000 -0.000000 -34.821373 180.000000 179.999985 127.767952 0.000000 -0.000001 -34.786552
-182.994690 4.936759 283.017792 121.308136 -178.176270 178.990646 165.480621 -177.545181 175.725540 38.032940 0.770094 2.740255 173.788300 179.985504 -171.980316 147.866272 -178.557938 176.549408 18.444380 8.032230 -2.505772 60.161781 -13.681273 2.881839 176.566803 174.862534 -179.126724 176.568375 174.913071 -178.336182 163.656021 175.690506 -179.364258 179.999939 176.817154 -179.459000 179.999939 176.286682 -179.439667 170.924667 177.242584 179.896484 6.509074 -10.136202 4.591287 49.855469 -26.381304 39.820934 50.847389 26.555277 5.463965 156.837067 157.135025 138.346085 69.584961 53.446423 33.265778 180.000000 180.000000 -133.376572 0.000000 -0.000000 23.293186 0.000000 -0.000000 0.000000 15.000000 0.000001 65.308975 180.000000 -180.000000 -126.565399 0.000003 -0.000002 40.075954 0.000000 -0.000000 0.000000 0.000001 -0.000002 71.757965 180.000000 -180.000000 -108.242050 0.000000 0.000001 53.818474 0.000000 -0.000000 0.000000 170.000000 179.999985 -107.448059 180.000000 -180.000000 -107.448051 180.000000 180.000000 -125.586044 0.000000 -0.000000 0.000000 160.000015 -180.000000 -129.224319 0.000001 0.000000 76.163513 180.000000 180.000000 -129.275101 4.187534 -6.146268 -7.955764 154.380615 169.004211 108.442657 161.740005 -172.326279 178.426834 179.261230 -143.856293 -168.250748 114.911591 122.787148 154.881332 180.000000 180.000000 144.277603 0.000002 -0.000003 -12.861191 0.000000 -0.000000 0.000000 165.000000 179.999985 142.492126 180.000000 180.000000 149.311737 0.000001 -0.000003 -21.481787 0.000000 -0.000000 0.000000 0.000002 0.000000 -33.428894 0.000002 0.000003 -50.143364 0.000004 0.000000 -33.395477 0.000000 -0.000000 0.000000 10.000001 -0.000003 -32.026558 0.000002 0.000003 -48.039841 180.000000 180.000000 148.005463 0.000000 -0.000000 0.000000 19.999998 0.000003 -34.971970 180.000000 180.000000 127.542046 0.000000 -0.000001 -34.936996
-183.010269 4.925306 283.039368 121.442757 -178.272827 179.009644 165.530441 -177.627075 175.795334 37.869987 0.720704 2.627470 173.753708 -179.968414 -172.016953 147.863342 -178.541504 176.642410 18.472429 8.037656 -2.473528 60.186283 -13.620824 2.738569 176.563293 174.867050 -179.117218 176.564865 174.917084 -178.320358 163.637512 175.684799 -179.345932 179.999969 176.779709 -179.440094 179.999954 176.242996 -179.420105 170.950729 177.208984 179.904312 6.543874 -10.082144 4.582465 50.036434 -26.420624 39.715927 50.616341 26.547527 5.396222 156.834808 157.150253 137.914276 70.263054 53.457161 34.166595 180.000000 -179.999985 -133.071533 180.000000 -179.999985 -156.373123 0.000000 -0.000000 0.000000 15.000004 -0.000001 66.091583 180.000000 -179.999985 -125.925087 180.000000 -180.000000 -139.443817 0.000000 -0.000000 0.000000 180.000000 180.000000 -107.468361 180.000000 -179.999985 -107.468361 180.000000 180.000000 -125.601280 0.000000 -0.000000 0.000000 170.000000 180.000000 -106.845436 0.000000 -0.000000 73.154564 0.000000 -0.000002 54.865921 0.000000 -0.000000 0.000000 160.000015 -180.000000 -128.327805 0.000000 -0.000000 77.508301 0.000000 -0.000000 51.620529 4.211839 -6.116820 -7.945942 154.209930 169.087006 108.403877 161.602646 -172.321381 178.411499 179.039474 -143.863098 -168.018707 114.694145 122.787239 154.675400 0.000002 0.000001 -35.686192 180.000000 -179.999985 167.156906 0.000000 -0.000000 0.000000 165.000015 -180.000000 142.286667 180.000000 180.000000 149.143646 180.000000 -180.000000 158.400558 0.000000 -0.000000 0.000000 180.000000 -179.999985 146.497711 0.000000 0.000000 -50.253448 0.000004 -0.000001 -33.468800 0.000000 -0.000000 0.000000 9.999999 0.000000 -32.148872 180.000000 179.999985 131.776688 0.000000 -0.000001 -32.116734 0.000000 -0.000000 0.000000 20.000000 -0.000001 -35.062359 0.000000 0.000000 -52.593555 0.000004 -0.000001 -35.027309
-183.024673 4.914043 283.058655 121.557968 -178.369019 179.027817 165.599823 -177.709122 175.866867 37.707321 0.672574 2.518636 173.719040 -179.921585 -172.057495 147.853882 -178.520416 176.729553 18.481329 8.030831 -2.459395 60.204990 -13.573606 2.627715 176.560226 174.867813 -179.108063 176.561813 174.917404 -178.304962 163.620804 175.676834 -179.328903 179.999985 176.752502 -179.424255 179.999954 176.211258 -179.403702 170.968231 177.184387 179.911163 6.572263 -10.056969 4.573851 50.250420 -26.445257 39.642216 50.382610 26.526134 5.334456 156.789551 157.155655 137.523956 71.025200 53.405697 35.124905 180.000000 180.000000 -132.778748 180.000000 -179.999985 -156.058701 0.000000 -0.000000 0.000000 15.000000 -0.000003 66.533279 0.000000 -0.000003 54.436314 180.000000 -180.000000 -139.172775 0.000000 -0.000000 0.000000 180.000000 180.000000 -107.253441 180.000000 -180.000000 -107.253464 180.000000 179.999985 -125.440086 0.000000 -0.000000 0.000000 170.000000 -179.999985 -106.001076 180.000000 -180.000000 -106.001076 180.000000 180.000000 -124.500801 0.000000 -0.000000 0.000000 160.000015 180.000000 -127.456795 0.000000 -0.000000 78.814789 180.000000 180.000000 -127.509346 4.248555 -6.084482 -7.938083 154.052628 169.167236 108.377914 161.440552 -172.322311 178.383102 178.790268 -143.879211 -167.746872 114.553429 122.771309 154.537354 0.000000 0.000000 -35.654823 0.000000 0.000000 -12.827409 0.000000 -0.000000 0.000000 165.000015 180.000000 142.077698 0.000001 0.000002 -31.027332 180.000000 180.000000 158.280869 0.000000 -0.000000 0.000000 0.000001 -0.000002 -33.643978 180.000000 180.000000 129.534012 0.000000 0.000000 -33.610332 0.000000 -0.000000 0.000000 10.000000 -0.000002 -32.234539 180.000000 179.999985 131.648178 0.000000 -0.000000 -32.202312 0.000000 -0.000000 0.000000 20.000002 -0.000006 -35.245991 180.000000 180.000000 127.131020 0.000003 0.000002 -35.210735
-183.037537 4.903232 283.075470 121.654381 -178.453659 179.043976 165.688446 -177.802444 175.938431 37.537567 0.618358 2.401513 173.691360 -179.881638 -172.090302 147.837402 -178.510269 176.812103 18.491987 8.018600 -2.447731 60.221779 -13.526532 2.525367 176.560028 174.863800 -179.099304 176.561646 174.913101 -178.290207 163.617340 175.666397 -179.312485 179.999985 176.725510 -179.410950 179.999985 176.179764 -179.389923 170.974335 177.160202 179.916138 6.586758 -10.024868 4.567204 50.458687 -26.476217 39.561096 50.174435 26.497435 5.351307 156.698318 157.131348 137.129532 71.420815 53.385326 35.656017 0.000000 -0.000000 47.428722 0.000000 -0.000000 24.170650 0.000000 -0.000000 0.000000 14.999999 -0.000003 66.632095 180.000000 -179.999985 -125.482841 180.000000 179.999985 -139.112137 0.000000 -0.000000 0.000000 0.000001 0.000001 72.925110 0.000001 -0.000000 72.925102 0.000000 0.000000 54.693825 0.000000 -0.000000 0.000000 170.000000 -180.000000 -105.337715 180.000000 180.000000 -105.337723 0.000001 -0.000001 55.996712 0.000000 -0.000000 0.000000 160.000015 180.000000 -127.101021 0.000000 -0.000000 79.348495 180.000000 -180.000000 -127.153900 4.252108 -6.070055 -7.936099 153.928040 169.218323 108.351021 161.283920 -172.314178 178.370071 178.486435 -143.899963 -167.457413 114.646828 122.744194 154.602875 0.000000 0.000002 -35.687672 0.000000 -0.000002 -12.843838 0.000000 -0.000000 0.000000 165.000015 -179.999985 141.962296 180.000000 180.000000 148.878250 0.000000 -0.000002 -21.785231 0.000000 -0.000000 0.000000 0.000004 0.000000 -33.791267 180.000000 180.000000 129.313110 180.000000 180.000000 146.242523 0.000000 -0.000000 0.000000 9.999999 -0.000006 -32.388775 180.000000 180.000000 131.416855 0.000000 -0.000001 -32.356377 0.000000 -0.000000 0.000000 20.000002 -0.000001 -35.438469 0.000000 -0.000001 -53.157707 180.000000 180.000000 144.596970
-183.049728 4.893007 283.090759 121.739189 -178.545654 179.058975 165.601929 -177.710434 175.944229 37.561638 0.646842 2.447252 173.670288 -179.843231 -172.125916 147.819336 -178.501083 176.906708 18.511396 8.004209 -2.435956 60.238525 -13.476932 2.421737 176.556229 174.862411 -179.091049 176.557861 174.911316 -178.276154 163.597275 175.657623 -179.297958 179.999985 176.691345 -179.400009 179.999985 176.139908 -179.378601 171.019119 177.130096 179.920532 6.602814 -10.030269 4.560090 50.706749 -26.439672 39.530018 49.945229 26.474367 5.301753 156.575638 157.054367 136.755325 72.237259 53.455280 36.730209 0.000000 -0.000000 47.682693 180.000000 179.999985 -155.545456 0.000000 -0.000000 0.000000 15.000000 -0.000001 67.504272 0.000000 -0.000002 55.230782 0.000001 -0.000001 41.423084 0.000000 -0.000000 0.000000 0.000001 0.000001 73.957703 0.000001 -0.000001 73.957695 0.000001 -0.000002 55.468281 0.000000 -0.000000 0.000000 170.000000 180.000000 -105.019318 180.000000 180.000000 -105.019325 180.000000 -180.000000 -123.764488 0.000000 -0.000000 0.000000 160.000000 180.000000 -126.665718 0.000000 0.000000 80.001427 180.000000 180.000000 -126.719055 4.270525 -6.054197 -7.941731 153.824432 169.271042 108.341614 161.154114 -172.303894 178.359253 178.201050 -143.913025 -167.190430 114.660271 122.730125 154.613388 180.000000 -179.999985 144.320648 0.000002 0.000002 -12.839665 0.000000 -0.000000 0.000000 165.000000 180.000000 141.780594 180.000000 -179.999985 148.729568 0.000000 -0.000002 -21.889297 0.000000 -0.000000 0.000000 0.000001 -0.000002 -33.875694 0.000000 0.000000 -50.813534 0.000000 -0.000002 -33.841824 0.000000 -0.000000 0.000000 10.000001 0.000003 -32.523155 180.000000 -179.999985 131.215256 0.000000 0.000000 -32.490631 0.000000 -0.000000 0.000000 19.999998 0.000001 -35.551449 180.000000 -180.000000 126.672813 180.000000 180.000000 144.484070
-183.060608 4.883565 283.103760 121.803146 -178.635956 179.069641 165.536133 -177.620926 175.954605 37.583157 0.682380 2.503449 173.651520 -179.795715 -172.172363 147.797531 -178.485626 176.995819 18.530050 7.991271 -2.425385 60.252308 -13.433899 2.334644 176.552322 174.858063 -179.082687 176.553970 174.906631 -178.261810 163.576477 175.646698 -179.283936 179.999985 176.666992 -179.392029 179.999985 176.111496 -179.370331 171.068832 177.108612 179.924667 6.641583 -10.040271 4.552824 51.000252 -26.360800 39.513325 49.657974 26.442533 5.197280 156.427017 156.976532 136.386673 72.839645 53.504292 37.538490 180.000000 -179.999985 -132.102676 180.000000 180.000000 -155.302612 0.000000 -0.000000 0.000000 15.000000 -0.000000 67.693848 180.000000 179.999985 -124.614136 0.000001 0.000002 41.539406 0.000000 -0.000000 0.000000 0.000001 -0.000001 74.261093 180.000000 -180.000000 -105.738899 180.000000 180.000000 -124.304184 0.000000 -0.000000 0.000000 170.000000 180.000000 -104.829987 0.000000 0.000000 75.169991 180.000000 -180.000000 -123.622490 0.000000 -0.000000 0.000000 160.000015 -180.000000 -126.194153 180.000000 180.000000 -99.291222 0.000000 0.000001 53.752056 4.310359 -6.023432 -7.954341 153.707031 169.335236 108.350296 161.043427 -172.281570 178.348465 177.934509 -143.904068 -166.937363 114.718956 122.727325 154.658966 180.000000 -180.000000 144.293747 180.000000 -179.999985 167.146866 0.000000 -0.000000 0.000000 165.000000 180.000000 141.642792 0.000001 -0.000003 -31.383156 180.000000 180.000000 158.031799 0.000000 -0.000000 0.000000 0.000000 0.000000 -33.972965 0.000001 -0.000002 -50.959435 0.000004 0.000000 -33.938988 0.000000 -0.000000 0.000000 9.999998 0.000000 -32.592606 0.000007 0.000000 -48.888912 180.000000 180.000000 147.439987 0.000000 -0.000000 0.000000 19.999998 0.000002 -35.683315 180.000000 180.000000 126.475006 180.000000 180.000000 144.352341
-183.070892 4.874751 283.115173 121.857132 -178.737289 179.079330 165.479904 -177.520966 175.969162 37.597187 0.717439 2.558341 173.641037 -179.748230 -172.218109 147.764084 -178.455933 177.089752 18.552713 7.984988 -2.416192 60.266079 -13.393379 2.247810 176.549576 174.846619 -179.072418 176.551239 174.894897 -178.244110 163.560028 175.629440 -179.267212 179.999985 176.653992 -179.384232 179.999985 176.096329 -179.362244 171.116089 177.096802 179.930206 6.645842 -10.134302 4.542755 51.279911 -26.252180 39.545174 49.384159 26.403603 5.156672 156.247009 156.903290 135.954834 72.901764 53.441643 37.655190 0.000003 -0.000001 48.057446 0.000001 0.000003 24.878445 0.000000 -0.000000 0.000000 15.000002 -0.000002 68.004471 180.000000 180.000000 -124.360016 0.000000 0.000001 41.730003 0.000000 -0.000000 0.000000 180.000000 -180.000000 -105.284523 0.000001 -0.000001 74.715477 0.000000 0.000000 56.036613 0.000000 -0.000000 0.000000 170.000000 180.000000 -103.952232 180.000000 -180.000000 -103.952271 0.000001 -0.000001 57.035812 0.000000 -0.000000 0.000000 160.000015 -180.000000 -125.966080 180.000000 180.000000 -98.949127 180.000000 180.000000 -126.020103 4.339756 -6.035172 -7.973283 153.588318 169.384384 108.358612 160.963684 -172.243256 178.362732 177.694687 -143.888992 -166.736755 114.817039 122.723076 154.730469 180.000000 180.000000 144.239044 180.000000 -179.999985 167.119522 0.000000 -0.000000 0.000000 165.000015 180.000000 141.580353 180.000000 -179.999985 148.565765 180.000000 179.999985 157.996033 0.000000 -0.000000 0.000000 180.000000 179.999985 145.980881 0.000003 0.000001 -51.028675 180.000000 180.000000 146.014893 0.000000 -0.000000 0.000000 10.000000 0.000005 -32.640175 0.000000 -0.000000 -48.960270 180.000000 -179.999985 147.392456 0.000000 -0.000000 0.000000 19.999998 0.000003 -35.723080 180.000000 180.000000 126.415367 180.000000 180.000000 144.312637
-183.079453 4.866620 283.123901 121.888718 -178.825272 179.084488 165.446198 -177.434845 175.985489 37.609955 0.758209 2.616369 173.632248 -179.695923 -172.267395 147.736374 -178.439880 177.186096 18.583162 7.992016 -2.406355 60.282021 -13.351609 2.148424 176.546738 174.843430 -179.064545 176.548431 174.891403 -178.230698 163.544525 175.619888 -179.253448 179.999985 176.620804 -179.377243 179.999985 176.057602 -179.354996 171.187332 177.067856 179.933807 6.669923 -10.188983 4.535192 51.551884 -26.144918 39.591743 49.099045 26.384520 5.073916 156.069656 156.800659 135.551147 73.284164 53.393036 38.134319 0.000006 0.000005 48.205448 180.000000 180.000000 -154.959976 0.000000 -0.000000 0.000000 15.000004 -0.000000 68.154716 0.000000 -0.000001 55.762928 180.000000 -180.000000 -138.177780 0.000000 -0.000000 0.000000 0.000000 -0.000000 74.859665 180.000000 180.000000 -105.140335 180.000000 180.000000 -123.855247 0.000000 -0.000000 0.000000 170.000000 -180.000000 -103.608505 0.000000 -0.000001 76.391510 0.000000 -0.000000 57.293617 0.000000 -0.000000 0.000000 160.000015 -180.000000 -125.496445 0.000001 0.000000 81.755325 180.000000 180.000000 -125.550941 4.385587 -5.999317 -7.996305 153.468948 169.447723 108.387482 160.926483 -172.209229 178.382965 177.538742 -143.858536 -166.619263 114.834000 122.745277 154.731567 0.000002 0.000002 -35.817471 0.000000 0.000000 -12.908731 0.000000 -0.000000 0.000000 165.000000 179.999985 141.548096 180.000000 180.000000 148.539352 0.000003 0.000001 -22.022455 0.000000 -0.000000 0.000000 180.000000 180.000000 145.966080 0.000000 0.000000 -51.050884 180.000000 -179.999985 146.000122 0.000000 -0.000000 0.000000 10.000005 -0.000003 -32.623970 180.000000 180.000000 131.064056 180.000000 -180.000000 147.408646 0.000000 -0.000000 0.000000 20.000004 0.000004 -35.732250 180.000000 180.000000 126.401611 180.000000 180.000000 144.303482
-183.087463 4.859138 283.131744 121.920326 -178.913223 179.089706 165.412445 -177.348724 176.001862 37.625134 0.805895 2.680801 173.621552 -179.637085 -172.323273 147.691574 -178.409882 177.277802 18.616926 8.011632 -2.396984 60.297421 -13.316339 2.053620 176.543427 174.821976 -179.053741 176.545166 174.869812 -178.211639 163.524353 175.595200 -179.237991 179.999985 176.612823 -179.370590 179.999985 176.048279 -179.348114 171.256058 177.060410 179.940384 6.675731 -10.345155 4.520535 51.837994 -26.021669 39.710552 48.782101 26.375725 4.961359 155.901138 156.723801 135.170990 73.010986 53.296162 37.815636 180.000000 179.999985 -131.713623 0.000000 -0.000004 25.132418 0.000000 -0.000000 0.000000 15.000004 -0.000001 68.264801 0.000002 0.000001 55.853027 180.000000 179.999985 -138.110229 0.000000 -0.000000 0.000000 180.000000 180.000000 -104.553802 180.000000 -180.000000 -104.553795 0.000000 0.000001 56.584637 0.000000 -0.000000 0.000000 170.000000 -180.000000 -103.058502 180.000000 180.000000 -103.058510 180.000000 179.999985 -122.293884 0.000000 -0.000000 0.000000 160.000015 -179.999985 -124.952698 180.000000 -180.000000 -97.429054 0.000000 0.000000 54.992249 4.446724 -5.992133 -8.026324 153.331177 169.531052 108.437790 160.913467 -172.176758 178.404221 177.482086 -143.821365 -166.580658 114.840454 122.745743 154.716843 180.000000 -179.999985 144.139236 0.000000 -0.000002 -12.930383 0.000000 -0.000000 0.000000 165.000000 -179.999985 141.546036 0.000002 0.000000 -31.462334 0.000001 -0.000003 -22.023632 0.000000 -0.000000 0.000000 0.000002 0.000000 -34.019352 0.000004 -0.000001 -51.029022 0.000004 -0.000001 -33.985329 0.000000 -0.000000 0.000000 9.999997 -0.000002 -32.618526 0.000000 -0.000001 -48.927788 180.000000 -180.000000 147.414093 0.000000 -0.000000 0.000000 20.000000 -0.000003 -35.687340 0.000002 0.000003 -53.531017 180.000000 -179.999985 144.348343
-183.095123 4.851907 283.138306 121.933739 -179.015869 179.090271 165.396225 -177.249420 176.026932 37.638977 0.851099 2.735634 173.612885 -179.581650 -172.370529 147.647614 -178.365341 177.381302 18.660702 8.041419 -2.386332 60.314430 -13.285654 1.951162 176.540649 174.807968 -179.042603 176.542404 174.855530 -178.192368 163.507278 175.575378 -179.220108 179.999985 176.603088 -179.365936 179.999985 176.036942 -179.343277 171.339691 177.051651 179.946335 6.696488 -10.494220 4.505328 52.070068 -25.940247 39.825623 48.502399 26.332949 4.940910 155.728592 156.651352 134.779358 72.799057 53.237553 37.572918 0.000003 -0.000001 48.340454 180.000000 -179.999985 -154.804398 0.000000 -0.000000 0.000000 15.000000 -0.000001 68.354691 180.000000 179.999985 -124.073448 180.000000 -180.000000 -138.055069 0.000000 -0.000000 0.000000 0.000001 -0.000002 75.860474 0.000000 0.000000 75.860481 0.000000 0.000000 56.895348 0.000000 -0.000000 0.000000 170.000000 -180.000000 -102.532372 180.000000 -180.000000 -102.532387 180.000000 180.000000 -121.899300 0.000000 -0.000000 0.000000 160.000000 179.999985 -124.704460 180.000000 -180.000000 -97.056732 0.000001 0.000000 55.240227 4.517659 -5.991055 -8.056754 153.189423 169.591965 108.486206 160.907425 -172.132843 178.437347 177.473831 -143.791321 -166.595444 114.823921 122.750244 154.700867 180.000000 179.999985 144.136475 0.000000 0.000000 -12.931767 0.000000 -0.000000 0.000000 165.000015 179.999985 141.553452 180.000000 -179.999985 148.543747 0.000000 -0.000002 -22.019381 0.000000 -0.000000 0.000000 180.000000 180.000000 145.992828 0.000000 -0.000001 -51.010761 0.000000 -0.000001 -33.973167 0.000000 -0.000000 0.000000 10.000002 -0.000001 -32.604572 0.000000 -0.000000 -48.906864 180.000000 -180.000000 147.428040 0.000000 -0.000000 0.000000 20.000002 0.000000 -35.636913 0.000003 0.000001 -53.455372 0.000003 0.000001 -35.601284
-183.102020 4.844748 283.144012 121.942139 -179.106354 179.090271 165.385284 -177.161972 176.049591 37.653862 0.896556 2.786420 173.603973 -179.527008 -172.413864 147.601593 -178.340363 177.486969 18.714361 8.070835 -2.379912 60.332565 -13.254183 1.841737 176.538315 174.794479 -179.032379 176.540070 174.841797 -178.174667 163.492523 175.556778 -179.203720 180.000000 176.582031 -179.362518 180.000000 176.012360 -179.339737 171.435394 177.033325 179.950714 6.718301 -10.628904 4.490172 52.265446 -25.918522 39.965748 48.235615 26.300688 4.919806 155.547073 156.559158 134.393433 72.650299 53.162415 37.383320 0.000001 0.000003 48.375980 0.000000 -0.000000 25.233809 0.000000 -0.000000 0.000000 15.000006 -0.000002 68.299080 180.000000 -180.000000 -124.118950 180.000000 -180.000000 -138.089203 0.000000 -0.000000 0.000000 0.000002 0.000002 76.058891 180.000000 -180.000000 -103.941101 0.000001 -0.000001 57.044170 0.000000 -0.000000 0.000000 170.000000 -180.000000 -102.204109 0.000000 -0.000000 77.795898 180.000000 180.000000 -121.653084 0.000000 -0.000000 0.000000 160.000015 -180.000000 -124.232040 0.000000 -0.000000 83.651939 0.000001 0.000000 55.712196 4.587728 -5.970351 -8.088708 153.061462 169.658646 108.551285 160.916107 -172.101318 178.467361 177.510742 -143.764648 -166.657455 114.836678 122.735603 154.704132 180.000000 -180.000000 144.132385 0.000002 0.000002 -12.933811 0.000000 -0.000000 0.000000 165.000000 -179.999985 141.569885 0.000001 -0.000003 -31.442801 0.000000 0.000000 -22.009968 0.000000 -0.000000 0.000000 180.000000 180.000000 146.013184 180.000000 -179.999985 129.019821 0.000000 -0.000002 -33.952816 0.000000 -0.000000 0.000000 10.000004 -0.000001 -32.576538 180.000000 180.000000 131.135193 0.000000 -0.000000 -32.543972 0.000000 -0.000000 0.000000 20.000004 0.000002 -35.600780 180.000000 180.000000 126.598824 180.000000 180.000000 144.434830
-183.109024 4.837623 283.150238 121.955475 -179.196198 179.089279 165.369339 -177.075439 176.073013 37.671196 0.944933 2.843739 173.592133 -179.467438 -172.462265 147.551300 -178.313904 177.589142 18.764305 8.094707 -2.376503 60.348457 -13.227095 1.745420 176.536758 174.780548 -179.021942 176.538559 174.827652 -178.156586 163.481400 175.537796 -179.186630 179.999985 176.568787 -179.359604 0.000008 4.003070 0.663266 171.516296 177.021744 179.955002 6.730186 -10.764142 4.476402 52.441555 -25.940008 40.165661 47.958229 26.265266 4.858380 155.341568 156.420288 133.992950 73.334442 53.784939 38.620842 180.000000 -180.000000 -131.343597 180.000000 -179.999985 -154.385223 0.000000 -0.000000 0.000000 15.000000 0.000002 68.157661 180.000000 180.000000 -124.234650 180.000000 -180.000000 -138.175995 0.000000 -0.000000 0.000000 0.000000 -0.000000 75.912582 180.000000 -180.000000 -104.087402 0.000002 -0.000001 56.934441 0.000000 -0.000000 0.000000 170.000000 180.000000 -101.973076 180.000000 -179.999985 -101.973076 0.000000 0.000001 58.520199 0.000000 -0.000000 0.000000 160.000015 -180.000000 -124.019623 180.000000 -180.000000 -96.029396 180.000000 -180.000000 -124.075562 4.651603 -5.929596 -8.124769 152.941849 169.726303 108.642532 160.927109 -172.074081 178.489716 177.560516 -143.735748 -166.736313 114.939407 122.699257 154.781952 180.000000 179.999985 144.115372 0.000001 0.000004 -12.948898 0.000000 -0.000000 0.000000 165.000000 179.999985 141.592026 180.000000 180.000000 148.575302 0.000001 -0.000003 -21.997290 0.000000 -0.000000 0.000000 180.000000 180.000000 146.067856 180.000000 180.000000 129.101791 0.000000 -0.000002 -33.898205 0.000000 -0.000000 0.000000 10.000003 0.000003 -32.545444 0.000000 -0.000000 -48.818169 180.000000 180.000000 147.487106 0.000000 -0.000000 0.000000 20.000000 0.000004 -35.535553 0.000001 -0.000002 -53.303333 0.000000 0.000000 -35.500011
-183.117294 4.830270 283.158813 121.987259 -179.298538 179.087219 165.334534 -176.977371 176.100372 37.688084 0.985434 2.895798 173.579636 -179.414246 -172.505768 147.501434 -178.287262 177.705109 18.804676 8.102819 -2.381252 60.362316 -13.195632 1.657551 176.534561 174.761108 -179.008728 176.536407 174.807938 -178.133682 163.465988 175.512497 -179.165543 0.000001 3.436006 0.643538 179.999985 175.991333 -179.333481 171.592957 177.017349 179.960297 6.731845 -10.929355 4.461130 52.563240 -25.997753 40.379848 47.712029 26.193769 4.817307 155.130814 156.262222 133.481766 73.285095 53.906399 38.625614 0.000001 0.000003 48.650780 180.000000 -179.999985 -154.378723 0.000000 -0.000000 0.000000 15.000000 -0.000000 67.971069 180.000000 -180.000000 -124.387321 0.000002 -0.000001 41.709518 0.000000 -0.000000 0.000000 180.000000 180.000000 -104.182755 180.000000 -180.000000 -104.182755 0.000001 0.000001 56.862930 0.000000 -0.000000 0.000000 170.000000 -180.000000 -101.904922 180.000000 -180.000000 -101.904922 180.000000 180.000000 -121.428688 0.000000 -0.000000 0.000000 160.000015 -179.999985 -123.889908 180.000000 180.000000 -95.834869 180.000000 180.000000 -123.946022 4.698562 -5.936580 -8.159666 152.840012 169.759842 108.732117 160.917435 -172.035599 178.509064 177.621277 -143.710327 -166.816498 114.971657 122.687515 154.813553 180.000000 180.000000 144.124725 0.000000 -0.000002 -12.942216 0.000000 -0.000000 0.000000 165.000015 -179.999985 141.627609 180.000000 -179.999985 148.604401 0.000000 -0.000002 -21.976921 0.000000 -0.000000 0.000000 0.000001 0.000001 -33.866051 0.000000 0.000000 -50.799080 180.000000 -180.000000 146.167816 0.000000 -0.000000 0.000000 10.000002 -0.000003 -32.497185 180.000000 179.999985 131.254211 0.000000 -0.000001 -32.464699 0.000000 -0.000000 0.000000 19.999998 0.000003 -35.463181 180.000000 180.000000 126.805252 180.000000 180.000000 144.572296
-183.126007 4.822559 283.168427 122.019005 -179.400833 179.085205 165.299683 -176.879318 176.127823 37.708111 1.018622 2.947967 173.563034 -179.367462 -172.549942 147.475357 -178.272934 177.829681 18.836695 8.095704 -2.395611 60.374760 -13.159681 1.574844 176.532883 174.759933 -178.998444 176.534729 174.806335 -178.116409 163.455322 175.502350 -179.146164 179.999985 176.532639 -179.352173 179.999985 175.954742 -179.329041 171.673355 176.990234 179.963303 6.881731 -10.724974 4.464062 52.635597 -26.275402 40.334782 47.488731 26.182892 4.736264 154.948242 156.148651 132.938858 73.110306 54.136257 38.556759 0.000000 -0.000000 48.666855 180.000000 -179.999985 -154.332581 0.000000 -0.000000 0.000000 15.000004 -0.000000 67.865395 0.000000 0.000004 55.526245 0.000001 -0.000001 41.644680 0.000000 -0.000000 0.000000 0.000000 0.000000 76.063423 0.000001 0.000000 76.063423 180.000000 -180.000000 -122.952423 0.000000 -0.000000 0.000000 170.000000 180.000000 -101.545403 180.000000 180.000000 -101.545403 0.000000 0.000001 58.840954 0.000000 -0.000000 0.000000 160.000015 180.000000 -123.864166 180.000000 -180.000000 -95.796227 180.000000 -180.000000 -123.920288 4.740913 -5.894481 -8.194845 152.756012 169.791016 108.829659 160.909851 -171.993332 178.524536 177.655243 -143.692307 -166.881592 115.116592 122.650078 154.942688 0.000002 -0.000001 -35.874889 0.000000 -0.000002 -12.946947 0.000000 -0.000000 0.000000 165.000000 180.000000 141.681152 0.000007 0.000002 -31.351770 0.000000 -0.000002 -21.946238 0.000000 -0.000000 0.000000 0.000000 -0.000001 -33.837448 0.000000 0.000000 -50.756180 180.000000 180.000000 146.196381 0.000000 -0.000000 0.000000 10.000004 0.000006 -32.459038 180.000000 179.999985 131.311447 0.000000 -0.000000 -32.426579 0.000000 -0.000000 0.000000 20.000002 -0.000000 -35.433334 180.000000 -180.000000 126.849998 0.000001 -0.000002 -35.397900
-183.135498 4.814642 283.180756 122.082527 -179.491531 179.083221 165.233383 -176.792938 176.151993 37.734776 1.044071 3.005773 173.539459 -179.326843 -172.599564 147.442291 -178.265060 177.940536 18.847805 8.077483 -2.414357 60.383617 -13.126744 1.512359 176.529282 174.751175 -178.986969 176.531174 174.797180 -178.096725 163.434753 175.485611 -179.126877 179.999985 176.510712 -179.344925 179.999985 175.929153 -179.321518 171.728851 176.970932 179.967941 7.034552 -10.494123 4.476038 52.663994 -26.640541 40.325169 47.257610 26.172510 4.590117 154.803650 156.030350 132.418793 71.769516 53.981045 37.180828 180.000000 -179.999985 -130.932388 0.000001 -0.000000 26.019030 0.000000 -0.000000 0.000000 15.000004 -0.000004 67.910950 0.000002 0.000001 55.563515 0.000003 -0.000003 41.672626 0.000000 -0.000000 0.000000 0.000000 0.000000 76.326653 180.000000 -180.000000 -103.673355 180.000000 180.000000 -122.755028 0.000000 -0.000000 0.000000 170.000000 -180.000000 -101.096703 0.000001 -0.000001 78.903290 180.000000 -180.000000 -120.822533 0.000000 -0.000000 0.000000 160.000015 -180.000000 -123.645355 0.000001 -0.000001 84.531937 180.000000 -180.000000 -123.701721 4.780553 -5.848416 -8.230514 152.684937 169.830612 108.942291 160.901978 -171.955246 178.536697 177.679184 -143.665329 -166.937195 115.233459 122.666275 155.079330 0.000000 0.000002 -35.858898 0.000000 -0.000003 -12.934416 0.000000 -0.000000 0.000000 165.000000 179.999985 141.737183 0.000000 0.000000 -31.305933 0.000003 0.000004 -21.914145 0.000000 -0.000000 0.000000 180.000000 -179.999985 146.197632 180.000000 -180.000000 129.296448 0.000003 0.000002 -33.768566 0.000000 -0.000000 0.000000 10.000006 0.000003 -32.442642 0.000003 0.000001 -48.663971 0.000000 -0.000001 -32.410202 0.000000 -0.000000 0.000000 20.000002 0.000001 -35.389706 0.000000 0.000000 -53.084560 0.000003 0.000003 -35.354321
-183.144852 4.806770 283.193604 122.144096 -179.571671 179.081543 165.169327 -176.716736 176.173370 37.762505 1.058172 3.056826 173.514236 -179.298172 -172.643692 147.437988 -178.262192 178.040253 18.843290 8.055693 -2.427691 60.391453 -13.091585 1.454023 176.527130 174.733124 -178.974655 176.529053 174.778870 -178.075348 163.419846 175.462036 -179.107300 179.999985 176.492432 -179.335159 179.999969 175.907852 -179.311417 171.777206 176.954559 179.974289 7.181705 -10.278697 4.485727 52.635948 -27.051085 40.323326 47.048031 25.940313 4.439465 154.706375 155.989853 131.867065 71.271881 53.717499 36.595421 180.000000 -179.999985 -130.718246 0.000001 0.000007 26.161648 0.000000 -0.000000 0.000000 15.000004 -0.000001 68.089920 0.000000 -0.000000 55.709934 0.000000 0.000001 41.782448 0.000000 -0.000000 0.000000 180.000000 -180.000000 -102.836388 0.000002 0.000001 77.163597 0.000001 -0.000001 57.872704 0.000000 -0.000000 0.000000 170.000000 -180.000000 -100.107567 180.000000 180.000000 -100.107567 0.000000 0.000001 59.919312 0.000000 -0.000000 0.000000 160.000000 180.000000 -123.347000 180.000000 180.000000 -95.020500 180.000000 -180.000000 -123.403648 4.813956 -5.839601 -8.262317 152.638229 169.842865 109.046181 160.869553 -171.915955 178.544647 177.717239 -143.626617 -166.985825 115.198051 122.693573 155.060425 180.000000 -179.999985 144.146805 180.000000 -180.000000 167.072845 0.000000 -0.000000 0.000000 165.000015 180.000000 141.752304 0.000002 0.000004 -31.293573 180.000000 -179.999985 158.094498 0.000000 -0.000000 0.000000 180.000000 -180.000000 146.222733 0.000000 0.000000 -50.665913 0.000000 -0.000001 -33.743492 0.000000 -0.000000 0.000000 10.000000 0.000003 -32.420349 180.000000 180.000000 131.369461 180.000000 -180.000000 147.612061 0.000000 -0.000000 0.000000 20.000002 -0.000002 -35.359978 0.000003 0.000002 -53.039978 180.000000 180.000000 144.675385
-183.154846 4.799143 283.208008 122.219925 -179.659790 179.077316 165.090622 -176.633713 176.199326 37.795235 1.064238 3.105062 173.483688 -179.279327 -172.687012 147.435150 -178.252365 178.149399 18.836634 8.038430 -2.436919 60.399765 -13.051961 1.390767 176.522339 174.723862 -178.961594 176.524292 174.769135 -178.052948 163.393143 175.443329 -179.085556 179.999985 176.462006 -179.323959 179.999969 175.872345 -179.299820 171.837265 176.927734 179.980728 7.365326 -9.986624 4.511228 52.538734 -27.613461 40.321098 46.830349 25.681549 4.307743 154.796280 156.414001 131.362717 68.536728 53.193523 33.680447 0.000000 -0.000000 50.020565 180.000000 -179.999985 -153.346298 0.000000 -0.000000 0.000000 15.000006 0.000001 68.162109 180.000000 180.000000 -124.231003 0.000002 0.000001 41.826756 0.000000 -0.000000 0.000000 180.000000 -180.000000 -101.229630 180.000000 -180.000000 -101.229630 0.000002 -0.000001 59.077774 0.000000 -0.000000 0.000000 170.000000 180.000000 -98.969032 0.000001 0.000001 81.030968 0.000000 -0.000000 60.773220 0.000000 -0.000000 0.000000 160.000015 -180.000000 -122.729179 0.000000 -0.000001 85.906235 0.000000 -0.000000 57.213558 4.860085 -5.818483 -8.286560 152.596405 169.867569 109.141121 160.841309 -171.873474 178.551987 177.745605 -143.595535 -167.027267 115.282188 122.727203 155.158432 180.000000 180.000000 144.134064 180.000000 180.000000 167.062439 0.000000 0.000002 0.000000 165.000015 179.999985 141.771027 0.000002 0.000000 -31.278254 0.000000 -0.000002 -21.894772 0.000000 0.000002 0.000000 180.000000 -180.000000 146.226913 0.000000 0.000000 -50.659615 180.000000 180.000000 146.260696 0.000000 0.000002 0.000000 9.999997 0.000003 -32.408104 0.000003 0.000002 -48.612152 0.000000 0.000000 -32.375687 0.000000 0.000002 0.000000 20.000004 0.000002 -35.354370 0.000001 -0.000002 -53.031544 180.000000 -179.999985 144.680984
-183.164429 4.791971 283.222412 122.296448 -179.741974 179.072601 165.011276 -176.556625 176.224396 37.834404 1.069904 3.154781 173.447510 -179.262161 -172.732895 147.429047 -178.230835 178.244446 18.830059 8.029745 -2.440086 60.407032 -13.017936 1.335355 176.516388 174.711609 -178.947601 176.518387 174.756393 -178.028778 163.360535 175.421478 -179.063095 179.999985 176.442368 -179.313431 179.999969 175.849426 -179.288910 171.891602 176.910141 179.987732 7.579206 -9.655633 4.545156 52.347996 -28.377974 40.408958 46.570484 25.104944 4.165215 154.977158 156.735458 130.825333 64.171097 52.681355 29.300180 0.000003 -0.000001 51.118107 180.000000 -179.999985 -152.615341 0.000000 -0.000000 0.000000 15.000008 -0.000002 68.265923 0.000002 0.000001 55.853935 0.000003 -0.000000 41.890453 0.000000 -0.000000 0.000000 180.000000 180.000000 -100.827049 0.000000 -0.000001 79.172951 180.000000 180.000000 -120.620293 0.000000 -0.000000 0.000000 170.000000 180.000000 -98.346954 180.000000 -180.000000 -98.346947 180.000000 -180.000000 -118.760216 0.000000 -0.000000 0.000000 160.000015 -180.000000 -122.074837 0.000001 -0.000001 86.887741 0.000001 0.000001 57.867233 4.925913 -5.782999 -8.307576 152.554932 169.906235 109.239716 160.819611 -171.829468 178.557526 177.761032 -143.560532 -167.072723 115.275810 122.762009 155.154022 0.000001 -0.000003 -35.899036 0.000002 0.000002 -12.963685 0.000000 -0.000000 0.000000 165.000015 -179.999985 141.758972 0.000000 0.000000 -31.288109 0.000003 0.000001 -21.901676 0.000000 -0.000000 0.000000 0.000002 -0.000001 -33.768860 0.000001 -0.000002 -50.653301 0.000003 0.000003 -33.735092 0.000000 -0.000000 0.000000 10.000003 -0.000000 -32.407589 180.000000 180.000000 131.388611 180.000000 180.000000 147.624817 0.000000 -0.000000 0.000000 20.000000 -0.000002 -35.333912 180.000000 -180.000000 126.999115 0.000004 0.000000 -35.298580
-183.173859 4.785154 283.236725 122.372978 -179.824158 179.067993 164.931900 -176.479568 176.249603 37.870338 1.074368 3.195711 173.415161 -179.247803 -172.771103 147.415115 -178.196136 178.334702 18.827230 8.035855 -2.435480 60.415180 -12.987015 1.275997 176.510468 174.699371 -178.933563 176.512527 174.743652 -178.004547 163.328003 175.399643 -179.040558 179.999985 176.426117 -179.300095 179.999985 175.830490 -179.275085 171.939896 176.895264 179.996643 7.636285 -9.642215 4.563252 52.072933 -29.046824 40.844711 46.305973 23.908285 3.964573 155.391937 157.303665 130.205338 64.314423 52.867229 29.492668 180.000000 -180.000000 -129.015289 180.000000 -179.999985 -152.704178 0.000000 -0.000000 0.000000 15.000004 -0.000000 68.075211 0.000000 -0.000003 55.697903 0.000000 0.000001 41.773422 0.000000 -0.000000 0.000000 180.000000 -180.000000 -100.543892 0.000002 -0.000001 79.456093 180.000000 -180.000000 -120.407913 0.000000 -0.000000 0.000000 170.000000 -180.000000 -97.584305 180.000000 180.000000 -97.584312 0.000000 -0.000000 61.811771 0.000000 -0.000000 0.000000 160.000015 -180.000000 -121.388214 180.000000 180.000000 -92.082306 180.000000 180.000000 -121.446815 4.983836 -5.766056 -8.316929 152.531677 169.911545 109.327354 160.770676 -171.788986 178.555878 177.799133 -143.512787 -167.129135 115.130867 122.782898 155.010284 180.000000 179.999985 144.088791 180.000000 180.000000 167.029907 0.000000 -0.000000 0.000000 165.000000 180.000000 141.742233 0.000000 -0.000002 -31.301804 0.000003 0.000002 -21.911261 0.000000 -0.000000 0.000000 0.000000 0.000000 -33.766026 0.000002 0.000003 -50.649044 180.000000 -179.999985 146.267731 0.000000 -0.000000 0.000000 9.999993 -0.000000 -32.407455 180.000000 -179.999985 131.388824 180.000000 180.000000 147.624954 0.000000 -0.000000 0.000000 19.999998 -0.000000 -35.308575 180.000000 180.000000 127.037117 0.000007 0.000002 -35.273277
-183.182312 4.778641 283.249695 122.438614 -179.895920 179.062790 165.074432 -176.747299 176.476822 37.664814 0.964032 2.866661 173.386261 -179.229736 -172.807602 147.408157 -178.168411 178.423752 18.831425 8.051273 -2.429563 60.424435 -12.953720 1.209142 176.505096 174.682800 -178.917755 176.507187 174.726608 -177.977203 163.297073 175.373291 -179.015213 179.999985 176.406143 -179.286697 179.999985 175.807175 -179.261230 171.998596 176.877182 -179.994339 7.682224 -9.669567 4.562728 51.639202 -29.899683 41.480026 46.053913 22.712761 3.832155 156.126129 158.579376 129.607590 61.635422 52.635468 26.883913 0.000000 -0.000008 51.533398 180.000000 -179.999985 -152.338745 0.000000 -0.000000 0.000000 15.000004 0.000001 67.958359 180.000000 179.999985 -124.397713 0.000002 0.000000 41.701714 0.000000 -0.000000 0.000000 0.000001 0.000001 83.728561 180.000000 -180.000000 -96.271454 180.000000 -180.000000 -117.203598 0.000000 -0.000000 0.000000 170.000000 179.999985 -93.230400 180.000000 180.000000 -93.230415 180.000000 -180.000000 -114.922821 0.000000 -0.000000 0.000000 160.000000 -180.000000 -120.841766 0.000001 -0.000001 88.737335 180.000000 -180.000000 -120.900932 5.044133 -5.753364 -8.324800 152.506516 169.922821 109.403107 160.738007 -171.750183 178.552689 177.824631 -143.473663 -167.197220 115.059181 122.839828 154.945694 180.000000 179.999985 144.045837 180.000000 -179.999985 166.997940 0.000000 -0.000000 0.000000 165.000015 -179.999985 141.733353 180.000000 -179.999985 148.690948 0.000003 0.000004 -21.916344 0.000000 -0.000000 0.000000 0.000002 0.000006 -33.759811 0.000003 0.000001 -50.639713 0.000000 -0.000002 -33.726051 0.000000 -0.000000 0.000000 10.000000 -0.000002 -32.399384 180.000000 180.000000 131.400909 180.000000 180.000000 147.633026 0.000000 -0.000000 0.000000 20.000002 -0.000004 -35.295506 0.000002 0.000003 -52.943241 0.000000 0.000000 -35.260204
-183.191177 4.772078 283.263184 122.513786 -179.982376 179.057648 165.211533 -177.008591 176.714554 37.453247 0.854689 2.531782 173.361237 -179.207779 -172.847656 147.373444 -178.118530 178.515869 18.842054 8.075394 -2.423700 60.433437 -12.924977 1.145230 176.497803 174.673538 -178.899948 176.499908 174.716599 -177.946732 163.257294 175.349762 -178.985275 179.999985 176.394547 -179.275238 179.999985 175.793640 -179.249359 172.047165 176.866425 -179.986053 7.787303 -9.590660 4.602372 51.041241 -31.003479 42.200363 45.818645 21.347136 3.682290 156.971909 159.581375 129.041946 58.272572 51.624538 23.371374 0.000000 -0.000000 52.413136 0.000001 -0.000000 28.247150 0.000000 -0.000000 0.000000 15.000004 -0.000006 68.111450 180.000000 -180.000000 -124.272453 180.000000 -180.000000 -138.204361 0.000000 -0.000000 0.000000 180.000000 180.000000 -94.747482 0.000002 0.000001 85.252518 0.000001 -0.000001 63.939373 0.000000 -0.000000 0.000000 170.000000 -180.000000 -91.000000 0.000001 -0.000001 89.095802 180.000000 180.000000 -113.178162 0.000000 -0.000000 0.000000 160.000015 180.000000 -120.174049 0.000001 -0.000001 89.738907 0.000000 -0.000000 59.766129 5.112364 -5.723382 -8.328882 152.466019 169.933105 109.476830 160.718735 -171.704102 178.551025 177.844543 -143.447800 -167.295776 114.950417 122.881752 154.839706 0.000002 0.000004 -35.987347 180.000000 180.000000 166.974075 0.000000 -0.000000 0.000003 165.000000 -180.000000 141.696701 0.000000 -0.000002 -31.339048 180.000000 180.000000 158.062668 0.000000 -0.000000 0.000003 0.000001 0.000002 -33.749832 0.000000 0.000000 -50.624752 0.000004 -0.000001 -33.716080 0.000000 -0.000000 0.000003 9.999995 0.000000 -32.389275 0.000000 -0.000001 -48.583900 0.000003 0.000001 -32.356880 0.000000 -0.000000 0.000003 20.000002 -0.000002 -35.263508 0.000002 0.000004 -52.895260 0.000000 -0.000001 -35.228241
-183.198990 4.765304 283.274902 122.576790 179.948868 179.057281 165.364700 -177.302811 176.953613 37.230980 0.736405 2.173207 173.345398 -179.186508 -172.883163 147.340149 -178.078384 178.593994 18.858217 8.105493 -2.416883 60.443279 -12.896431 1.076275 176.492294 174.654388 -178.881454 176.494476 174.696884 -177.914810 163.224869 175.319214 -178.955307 179.999985 176.387924 -179.262665 179.999969 175.785934 -179.236328 172.087402 176.859848 -179.976898 7.871268 -9.563654 4.626802 50.390213 -32.069717 42.970196 45.674877 19.390905 3.436263 158.068893 160.606827 128.552002 59.776436 51.797012 24.731604 180.000000 -179.999985 -128.030151 180.000000 -179.999985 -152.048080 0.000000 -0.000000 0.000000 15.000000 0.000001 68.178635 0.000003 -0.000002 55.782532 180.000000 179.999985 -138.163132 0.000000 -0.000000 0.000000 0.000002 -0.000002 88.001381 180.000000 180.000000 -91.998604 0.000001 -0.000002 66.001038 0.000000 -0.000000 0.000000 170.000000 -180.000000 -91.000000 0.000001 -0.000000 92.030006 0.000000 -0.000000 69.022514 0.000000 -0.000000 0.000000 160.000015 179.999985 -118.973907 0.000000 -0.000000 91.539146 180.000000 180.000000 -119.034935 5.168274 -5.724109 -8.337347 152.436584 169.899628 109.544777 160.674896 -171.660294 178.541656 177.894485 -143.418060 -167.423584 114.796906 122.898956 154.693115 180.000000 180.000000 144.017334 0.000002 0.000002 -13.017923 0.000000 -0.000000 0.000000 165.000015 -180.000000 141.692795 180.000000 179.999985 148.657745 0.000003 0.000001 -21.939587 0.000000 -0.000000 0.000000 180.000000 -180.000000 146.259888 0.000000 0.000000 -50.610153 180.000000 180.000000 146.293640 0.000000 -0.000000 0.000000 10.000001 0.000003 -32.375870 180.000000 -179.999985 131.436188 0.000003 0.000001 -32.343498 0.000000 -0.000000 0.000000 20.000004 0.000001 -35.219967 0.000002 0.000003 -52.829945 180.000000 180.000000 144.815262
-183.205322 4.758576 283.284271 122.620171 179.897415 179.058212 165.539536 -177.612198 177.188095 37.001015 0.617128 1.813724 173.338013 -179.165039 -172.917999 147.321320 -178.056808 178.664490 18.871527 8.128685 -2.420182 60.452045 -12.870273 1.014340 176.488754 174.635590 -178.864990 176.490997 174.677643 -177.886398 163.202148 175.291061 -178.928406 179.999985 176.368469 -179.246307 179.999969 175.763229 -179.219376 172.133560 176.842056 -179.966599 7.937094 -9.558848 4.638139 49.625523 -33.157551 43.897091 45.626499 17.676174 3.251569 159.589279 162.664780 128.304245 57.059597 50.846069 21.761513 0.000000 -0.000000 52.507282 180.000000 180.000000 -151.690140 0.000000 -0.000000 0.000000 15.000004 0.000002 68.188278 0.000002 -0.000000 55.790394 0.000001 -0.000000 41.842793 0.000000 -0.000000 0.000000 0.000002 -0.000002 89.000000 0.000001 -0.000001 90.776314 0.000003 -0.000002 68.082230 0.000000 -0.000000 0.000000 170.000000 -180.000000 -91.000000 180.000000 180.000000 -86.025986 180.000000 -180.000000 -109.519485 0.000000 -0.000000 0.000000 160.000015 180.000000 -117.838821 0.000001 0.000001 93.241745 0.000000 -0.000000 62.099007 5.223647 -5.708941 -8.338324 152.397949 169.874054 109.600052 160.662537 -171.622650 178.536667 177.931458 -143.396103 -167.571686 114.709122 122.929291 154.600357 180.000000 -179.999985 143.980301 0.000002 0.000000 -13.046239 0.000000 -0.000000 0.000000 165.000000 -180.000000 141.690231 180.000000 180.000000 148.655624 180.000000 -180.000000 158.058945 0.000000 -0.000000 0.000000 180.000000 -180.000000 146.286682 180.000000 180.000000 129.430008 180.000000 -180.000000 146.320404 0.000000 -0.000000 0.000000 10.000005 0.000001 -32.347218 180.000000 179.999985 131.479172 180.000000 -179.999985 147.685135 0.000000 -0.000000 0.000000 20.000004 -0.000002 -35.174362 0.000004 -0.000000 -52.761536 0.000000 0.000000 -35.139183
-183.211349 4.752206 283.293152 122.663528 179.845978 179.059189 165.715805 -177.920578 177.423492 36.766876 0.495619 1.460065 173.335678 -179.144531 -172.958344 147.292465 -178.037781 178.729034 18.895456 8.155664 -2.415565 60.462017 -12.844104 0.944958 176.485474 174.608765 -178.844620 176.487793 174.650360 -177.851181 163.178848 175.254013 -178.895401 179.999985 176.365158 -179.234619 179.999985 175.759338 -179.207275 172.170349 176.838364 -179.957779 8.044945 -9.503157 4.679798 48.770420 -34.334656 44.894592 45.682533 15.974796 3.095889 160.944992 164.224701 128.125229 54.796700 50.053974 19.389408 180.000000 180.000000 -126.966194 180.000000 -179.999985 -151.339478 0.000000 -0.000000 0.000000 15.000002 -0.000001 68.301491 180.000000 -179.999985 -124.116966 180.000000 -179.999985 -138.087723 0.000000 -0.000000 0.000000 0.000001 0.000001 89.000000 0.000001 0.000001 92.298538 180.000000 180.000000 -110.776070 0.000000 -0.000000 0.000000 170.000000 -179.999985 -91.000000 0.000001 -0.000001 96.624710 180.000000 -179.999985 -107.531464 0.000000 -0.000000 0.000000 160.000015 179.999985 -117.041153 180.000000 -180.000000 -85.561699 180.000000 180.000000 -117.104095 5.283115 -5.707994 -8.342777 152.348740 169.853271 109.655685 160.677917 -171.579086 178.534714 177.975204 -143.382660 -167.761597 114.719635 122.950714 154.602524 180.000000 -180.000000 143.939896 0.000003 0.000000 -13.079891 0.000000 -0.000000 0.000000 165.000015 180.000000 141.726273 180.000000 180.000000 148.685150 180.000000 -180.000000 158.079605 0.000000 -0.000000 0.000000 0.000000 0.000000 -33.664101 0.000002 0.000003 -50.496170 180.000000 -180.000000 146.369553 0.000000 -0.000000 0.000000 10.000001 0.000001 -32.303436 180.000000 -179.999985 131.544861 0.000000 -0.000001 -32.271114 0.000000 -0.000000 0.000000 20.000002 0.000004 -35.087807 180.000000 -179.999985 127.368286 180.000000 -180.000000 144.947281
-183.215759 4.746772 283.299713 122.684593 179.818497 179.061325 165.699219 -177.920242 177.443939 36.760986 0.496454 1.467755 173.341064 -179.130127 -172.996063 147.276505 -178.042084 178.779419 18.915720 8.181018 -2.412573 60.472069 -12.817996 0.874736 176.484512 174.581161 -178.826462 176.486877 174.622452 -177.819733 163.166824 175.218857 -178.865845 179.999985 176.354904 -179.222839 179.999985 175.747375 -179.195099 172.207062 176.828781 -179.949692 8.164492 -9.408729 4.731642 48.024487 -35.329521 45.752930 45.835026 13.698836 2.808230 162.351273 165.448120 128.011444 57.866730 51.086079 22.477688 0.000000 -0.000000 52.084270 0.000001 -0.000000 28.028118 180.000000 180.000000 -180.000000 15.000002 -0.000003 68.144760 0.000003 -0.000002 55.754814 0.000000 -0.000000 41.816109 180.000000 180.000000 -180.000000 180.000000 -180.000000 -91.000000 0.000002 -0.000000 94.265343 0.000001 0.000001 70.699020 180.000000 180.000000 -180.000000 170.000000 180.000000 -91.000000 0.000000 -0.000000 98.800293 180.000000 -180.000000 -105.899788 180.000000 180.000000 -180.000000 160.000000 179.999985 -116.046989 180.000000 179.999985 -84.070503 180.000000 180.000000 -116.110947 5.337160 -5.703761 -8.350301 152.314102 169.791718 109.712296 160.666260 -171.533600 178.527603 178.074417 -143.362854 -167.982697 114.641197 122.961395 154.537964 0.000003 -0.000001 -36.038738 0.000000 -0.000002 -13.059337 0.000000 0.000002 0.000000 165.000015 179.999985 141.790085 180.000000 179.999985 148.737350 0.000003 0.000001 -21.883860 0.000000 0.000002 0.000000 180.000000 -180.000000 146.415955 180.000000 180.000000 129.623962 180.000000 -180.000000 146.449539 0.000000 0.000002 0.000000 10.000001 -0.000000 -32.222385 180.000000 179.999985 131.666428 0.000006 0.000003 -32.190166 0.000000 0.000002 0.000000 19.999998 0.000002 -34.958332 0.000002 0.000005 -52.437485 0.000003 0.000001 -34.923370
-183.221085 4.742219 283.307220 122.725060 179.778305 179.073486 165.641739 -177.958420 177.483810 36.774021 0.466206 1.422947 173.344757 -179.119370 -173.034317 147.234680 -178.037354 178.832520 18.940811 8.204976 -2.412459 60.482609 -12.791927 0.801287 176.480026 174.564789 -178.810440 176.482452 174.605576 -177.792114 163.139969 175.192490 -178.839844 179.999985 176.334167 -179.205139 179.999985 175.723190 -179.176758 172.246582 176.809814 -179.938980 8.244266 -9.370591 4.763961 47.316631 -36.174297 46.687138 46.023121 11.771961 2.541274 163.989120 167.439606 128.003677 58.565327 51.380611 23.089811 180.000000 180.000000 -128.417725 180.000000 179.999985 -152.306198 0.000000 -0.000000 0.000000 15.000002 -0.000001 68.116104 180.000000 179.999985 -124.268669 0.000002 -0.000001 41.798519 0.000000 -0.000000 0.000000 0.000000 -0.000000 89.000000 0.000002 -0.000000 95.933640 0.000001 -0.000005 71.950233 0.000000 -0.000000 0.000000 170.000000 180.000000 -90.999985 0.000001 0.000001 99.980499 0.000003 -0.000002 74.985374 0.000000 -0.000000 0.000000 160.000015 179.999985 -115.324615 0.000004 -0.000001 97.013077 0.000001 0.000003 64.610710 5.390046 -5.687385 -8.349765 152.277420 169.748001 109.761108 160.689346 -171.487610 178.527573 178.164017 -143.350616 -168.212540 114.698547 122.995354 154.601776 180.000000 -179.999985 143.934036 0.000002 0.000002 -13.081738 0.000000 -0.000000 0.000000 165.000015 -180.000000 141.874542 180.000000 180.000000 148.806442 180.000000 180.000000 158.164520 0.000000 -0.000000 0.000000 0.000000 0.000000 -33.521160 0.000003 0.000001 -50.281734 0.000000 -0.000001 -33.487640 0.000000 -0.000000 0.000000 10.000004 0.000002 -32.136215 180.000000 -179.999985 131.795685 180.000000 180.000000 147.895920 0.000000 -0.000000 0.000000 20.000002 -0.000002 -34.869164 0.000001 -0.000002 -52.303741 0.000003 0.000001 -34.834297
-183.225540 4.738609 283.313507 122.754044 179.750885 179.083557 165.594193 -177.991226 177.512939 36.792641 0.441945 1.400034 173.345657 -179.111450 -173.076385 147.198944 -178.044296 178.874756 18.964016 8.219139 -2.416250 60.490963 -12.769279 0.741705 176.477600 174.544724 -178.793457 176.480087 174.585068 -177.762848 163.122070 175.163147 -178.811752 179.999985 176.321396 -179.191910 179.999985 175.708298 -179.163040 172.275970 176.797989 -179.930695 8.329811 -9.317493 4.805503 46.571377 -37.007893 47.709702 46.227482 10.227020 2.277214 165.338470 168.899323 128.012283 58.845551 51.396267 23.233711 0.000000 -0.000000 51.302582 180.000000 180.000000 -152.492477 0.000000 -0.000000 0.000000 15.000002 0.000000 68.259705 0.000001 0.000002 55.848839 0.000003 -0.000001 41.886631 0.000000 -0.000000 0.000000 180.000000 179.999985 -91.000008 180.000000 -180.000000 -83.122993 0.000000 -0.000000 72.657753 0.000000 -0.000000 0.000000 170.000000 -180.000000 -91.000000 180.000000 179.999985 -78.308617 180.000000 -180.000000 -103.731453 0.000000 -0.000000 0.000000 160.000015 179.999985 -114.649384 0.000005 -0.000000 98.025932 0.000001 -0.000001 65.285278 5.451438 -5.656193 -8.343122 152.235901 169.726547 109.806847 160.745605 -171.439407 178.534363 178.257950 -143.332825 -168.466263 114.774200 123.029442 154.688293 0.000002 -0.000001 -36.085686 0.000003 0.000000 -13.098025 0.000000 -0.000000 0.000000 165.000000 180.000000 141.954681 180.000000 180.000000 148.872025 180.000000 -179.999985 158.210403 0.000000 -0.000000 0.000000 0.000002 -0.000006 -33.448910 180.000000 180.000000 129.826645 0.000000 0.000000 -33.415455 0.000000 -0.000000 0.000000 10.000003 -0.000002 -32.080750 180.000000 -180.000000 131.878876 180.000000 -180.000000 147.951324 0.000000 -0.000000 0.000000 19.999996 0.000004 -34.754784 0.000000 0.000000 -52.132156 0.000000 0.000000 -34.720020
-183.231400 4.735260 283.320770 122.798523 179.699280 179.104477 165.527527 -178.023605 177.547409 36.813099 0.399292 1.349644 173.346802 -179.108444 -173.114700 147.145065 -178.029160 178.922485 18.995829 8.236531 -2.414702 60.500736 -12.744053 0.672390 176.473953 174.530701 -178.774216 176.476486 174.570389 -177.730026 163.098541 175.135651 -178.778534 179.999985 176.315720 -179.179260 179.999985 175.701675 -179.149948 172.292984 176.792236 -179.922653 8.420754 -9.260264 4.848486 45.981186 -37.659527 48.523735 46.487629 8.426645 1.874128 166.537872 169.856857 128.106140 61.364017 52.033554 25.773293 0.000004 0.000000 50.589405 0.000000 0.000002 27.032543 0.000000 -0.000000 0.000000 14.999997 0.000001 68.360359 180.000000 180.000000 -124.068802 0.000001 0.000003 41.948402 0.000000 -0.000000 0.000000 180.000000 179.999985 -90.999992 180.000000 -180.000000 -81.562004 0.000000 -0.000000 73.828499 0.000000 -0.000000 0.000000 170.000000 180.000000 -91.000000 0.000001 0.000005 103.545944 0.000002 0.000003 77.659470 0.000000 -0.000000 0.000000 160.000000 -180.000000 -113.941437 0.000000 -0.000000 99.087852 0.000000 -0.000000 65.992516 5.501484 -5.656535 -8.352016 152.213898 169.677109 109.859741 160.767075 -171.389542 178.531693 178.412918 -143.301910 -168.737671 114.670486 123.045586 154.606705 180.000000 180.000000 143.947876 180.000000 -180.000000 166.933914 0.000000 -0.000000 0.000000 165.000015 -180.000000 142.018265 180.000000 180.000000 148.924057 0.000003 0.000002 -21.753168 0.000000 -0.000000 0.000000 180.000000 -180.000000 146.612076 180.000000 -179.999985 129.918121 0.000000 0.000000 -33.354534 0.000000 -0.000000 0.000000 9.999996 0.000003 -32.002312 0.000001 -0.000002 -48.003468 180.000000 180.000000 148.029694 0.000000 -0.000000 0.000000 20.000002 -0.000003 -34.637203 180.000000 180.000000 128.044189 0.000003 0.000002 -34.602562
-183.237411 4.731719 283.327972 122.843002 179.647690 179.125427 165.459686 -178.071503 177.586075 36.833694 0.342282 1.284304 173.348175 -179.110260 -173.150528 147.092026 -178.019226 178.973206 19.018269 8.241630 -2.423795 60.508564 -12.719965 0.614511 176.471039 174.520615 -178.756302 176.473618 174.559647 -177.699600 163.079132 175.112183 -178.746658 179.999985 176.312225 -179.168869 179.999985 175.697586 -179.139175 172.299072 176.788467 -179.916382 8.491317 -9.228413 4.879123 45.422012 -38.200790 49.328419 46.727757 7.114029 1.488127 167.985794 171.764206 128.351288 60.071877 51.508423 24.281542 0.000001 0.000002 50.839668 0.000002 0.000001 27.199217 0.000000 -0.000003 0.000000 15.000004 -0.000006 68.497841 180.000000 -179.999985 -123.956306 0.000000 -0.000000 42.032764 0.000000 -0.000003 0.000000 180.000000 179.999985 -90.999992 0.000004 -0.000005 100.100822 180.000000 -179.999985 -104.924377 0.000000 -0.000003 0.000000 170.000000 -180.000000 -90.999985 0.000000 -0.000000 104.513855 0.000003 -0.000002 78.385399 0.000000 -0.000003 0.000000 160.000000 179.999985 -113.530708 0.000003 0.000002 99.703918 0.000000 -0.000000 66.402809 5.555726 -5.643550 -8.351309 152.181717 169.657303 109.902290 160.805435 -171.342560 178.538925 178.549149 -143.275177 -168.993866 114.715866 123.062454 154.657898 180.000000 179.999985 143.938416 180.000000 180.000000 166.925964 0.000000 0.000002 0.000000 165.000000 -180.000000 142.104355 0.000003 0.000001 -31.005520 180.000000 -179.999985 158.296143 0.000000 0.000002 0.000000 0.000002 -0.000001 -33.310791 0.000001 -0.000002 -49.966190 0.000000 -0.000002 -33.277481 0.000000 0.000002 0.000000 10.000001 0.000001 -31.923977 180.000000 -179.999985 132.114044 180.000000 180.000000 148.107956 0.000000 0.000002 0.000000 20.000002 0.000001 -34.560516 180.000000 -179.999985 128.159241 0.000003 0.000001 -34.525959
-183.243408 4.727859 283.335083 122.887482 179.596115 179.146439 165.392365 -178.126526 177.627335 36.852848 0.277570 1.214713 173.349518 -179.114929 -173.188019 147.044189 -178.004257 179.018890 19.038992 8.243711 -2.431609 60.515060 -12.697956 0.565198 176.469650 174.509964 -178.737793 176.472275 174.548401 -177.668259 163.066605 175.088196 -178.713013 179.999985 176.303909 -179.151825 179.999985 175.687881 -179.121536 172.305298 176.780151 -179.906479 8.573997 -9.173985 4.921245 44.805775 -38.754803 50.186478 46.907543 6.610161 1.223170 169.271042 173.873779 128.613785 57.308960 50.535656 21.297174 180.000000 180.000000 -128.507812 180.000000 179.999985 -152.366196 0.000000 -0.000000 0.000000 15.000004 0.000002 68.597160 0.000002 0.000003 56.124966 180.000000 -179.999985 -137.906281 0.000000 -0.000000 0.000000 180.000000 -180.000000 -91.000000 0.000000 -0.000000 100.978218 180.000000 -179.999985 -104.266335 0.000000 -0.000000 0.000000 170.000000 -179.999985 -91.000000 0.000003 0.000002 106.519836 180.000000 -179.999985 -100.110115 0.000000 -0.000000 0.000000 160.000015 180.000000 -113.372871 0.000000 -0.000000 99.940720 0.000001 -0.000000 66.560524 5.617505 -5.614773 -8.341531 152.135605 169.664642 109.948257 160.860611 -171.297623 178.550629 178.672699 -143.247955 -169.251801 114.691444 123.032837 154.619888 0.000002 -0.000003 -36.055332 180.000000 -180.000000 166.929932 0.000002 0.000002 0.000000 165.000015 179.999985 142.183319 0.000003 0.000001 -30.940928 180.000000 -179.999985 158.341354 0.000002 0.000002 0.000000 180.000000 -179.999985 146.764862 180.000000 180.000000 130.147308 180.000000 180.000000 146.798111 0.000002 0.000002 0.000000 10.000006 -0.000001 -31.869228 180.000000 180.000000 132.196167 0.000003 0.000000 -31.837349 0.000002 0.000002 0.000000 20.000000 0.000002 -34.449554 0.000002 0.000003 -51.674343 0.000000 0.000000 -34.415112
-183.247482 4.724205 283.339844 122.902969 179.571960 179.157303 165.379303 -178.164047 177.645248 36.847607 0.232554 1.188624 173.353271 -179.122833 -173.221481 147.037750 -178.014175 179.056320 19.052530 8.247456 -2.436429 60.521263 -12.675004 0.516737 176.474716 174.484329 -178.716782 176.477417 174.522430 -177.632538 163.082275 175.053253 -178.674530 179.999985 176.299377 -179.136627 179.999969 175.682617 -179.105789 172.312439 176.775253 -179.897232 8.646394 -9.141697 4.942521 44.268726 -39.201481 50.908340 47.274620 4.947104 0.758349 170.397873 175.140305 128.920990 58.917397 51.083359 22.951838 180.000000 -180.000000 -129.010727 0.000000 -0.000000 27.298859 0.000000 -0.000000 0.000000 15.000004 -0.000003 68.687866 0.000002 0.000003 56.199158 0.000004 0.000002 42.149364 0.000000 -0.000000 0.000000 0.000002 -0.000002 89.000008 0.000003 0.000007 102.542137 0.000001 -0.000005 76.906593 0.000000 -0.000000 0.000000 170.000000 180.000000 -91.000000 180.000000 -179.999985 -71.474289 0.000003 -0.000002 80.000000 0.000000 -0.000000 0.000000 160.000015 180.000000 -112.975655 0.000000 -0.000000 100.536514 0.000002 0.000003 66.957329 5.667738 -5.612412 -8.347415 152.097198 169.639328 110.009186 160.862946 -171.250778 178.547379 178.835052 -143.216751 -169.487488 114.527107 123.015228 154.460709 0.000005 -0.000000 -36.015209 180.000000 -180.000000 166.966492 0.000000 -0.000000 0.000000 165.000015 -179.999985 142.240952 0.000000 -0.000002 -30.893759 180.000000 180.000000 158.374374 0.000000 -0.000000 0.000000 0.000004 0.000000 -33.147972 0.000004 -0.000001 -49.721962 0.000000 -0.000001 -33.114830 0.000000 -0.000000 0.000000 9.999996 -0.000001 -31.787359 180.000000 180.000000 132.318954 0.000000 -0.000001 -31.755575 0.000000 -0.000000 0.000000 19.999994 0.000003 -34.332729 180.000000 -179.999985 128.500900 0.000000 -0.000001 -34.298397
-183.251495 4.720924 283.344574 122.918465 179.547791 179.168198 165.377762 -178.216522 177.668488 36.828632 0.178051 1.147046 173.357880 -179.132294 -173.252869 147.048172 -178.022919 179.095642 19.054516 8.258243 -2.441208 60.528534 -12.655058 0.463408 176.479935 174.462158 -178.698318 176.482697 174.499969 -177.601227 163.099609 175.023041 -178.640259 179.999969 176.283707 -179.113754 179.999969 175.664322 -179.082123 172.338821 176.760330 -179.883362 8.726510 -9.087369 4.973438 43.719067 -39.641880 51.611813 47.641068 3.445374 0.355506 171.715530 177.153229 129.244522 57.747253 50.669258 21.680012 0.000001 -0.000002 51.244331 180.000000 -180.000000 -152.531281 0.000000 -0.000000 0.000000 15.000006 0.000001 68.801949 0.000002 0.000003 56.292488 0.000002 -0.000004 42.219357 0.000000 -0.000000 0.000000 0.000005 0.000000 89.000000 0.000003 0.000002 103.908089 180.000000 -179.999985 -102.068932 0.000000 -0.000000 0.000000 170.000000 179.999985 -91.000000 0.000005 -0.000001 109.238029 0.000003 -0.000002 80.000008 0.000000 -0.000000 0.000000 160.000015 179.999985 -112.787766 0.000004 -0.000005 100.818329 180.000000 -179.999985 -112.854996 5.718985 -5.595986 -8.344526 152.045578 169.632095 110.066849 160.862106 -171.213562 178.553406 178.972321 -143.190247 -169.687561 114.492317 122.964432 154.406982 180.000000 180.000000 144.003754 0.000003 0.000002 -13.019780 0.000000 -0.000000 0.000000 165.000015 179.999985 142.330048 0.000000 -0.000002 -30.820869 180.000000 180.000000 158.425385 0.000000 -0.000000 0.000000 180.000000 -179.999985 146.903610 0.000003 0.000001 -49.644585 0.000000 -0.000001 -33.063293 0.000000 -0.000000 0.000000 9.999998 0.000003 -31.705648 0.000000 -0.000000 -47.558483 180.000000 180.000000 148.326035 0.000000 -0.000000 0.000000 20.000000 -0.000004 -34.268356 0.000002 0.000005 -51.402527 0.000003 0.000001 -34.234089
-183.254028 4.718509 283.348053 122.918465 179.547791 179.168198 165.401382 -178.277618 177.687500 36.804806 0.129646 1.124092 173.358719 -179.144501 -173.285950 147.086884 -178.049637 179.124603 19.041786 8.271935 -2.442368 60.535011 -12.637908 0.416119 176.488953 174.429733 -178.679413 176.491806 174.467514 -177.568970 163.133636 174.986420 -178.605408 179.999969 176.273270 -179.094406 179.999954 175.652145 -179.062073 172.363022 176.750122 -179.871231 8.787182 -9.050900 4.992765 43.070602 -40.142971 52.456490 48.016609 1.985056 -0.003972 172.789719 178.675583 129.537903 57.055454 50.361053 20.886169 180.000000 180.000000 -128.622055 0.000000 0.000000 27.557720 0.000000 -0.000000 0.000000 14.999999 0.000000 68.920204 0.000002 0.000003 56.389233 0.000002 -0.000001 42.291931 0.000000 -0.000000 0.000000 0.000002 0.000002 89.000000 0.000002 -0.000003 104.425789 180.000000 179.999985 -101.680687 0.000000 -0.000000 0.000000 170.000000 -179.999985 -91.000000 0.000005 -0.000001 110.000000 0.000000 -0.000000 80.000000 0.000000 -0.000000 0.000000 160.000015 180.000000 -112.575966 180.000000 -179.999985 -78.863953 180.000000 179.999985 -112.643387 5.770768 -5.565129 -8.330087 151.977539 169.635773 110.128036 160.859344 -171.173569 178.566864 179.080063 -143.172913 -169.858948 114.466866 122.946068 154.378357 0.000000 0.000000 -35.981236 0.000000 0.000000 -13.007542 0.000000 0.000002 0.000003 165.000000 -179.999985 142.395798 180.000000 -179.999985 149.232941 0.000003 0.000004 -21.536942 0.000000 0.000002 0.000003 180.000000 179.999985 146.966980 0.000000 -0.000005 -49.549511 0.000003 0.000002 -32.999981 0.000000 0.000002 0.000003 9.999999 -0.000001 -31.676373 0.000000 0.000000 -47.514534 180.000000 180.000000 148.355316 0.000000 0.000002 0.000003 20.000004 -0.000000 -34.179157 180.000000 -180.000000 128.731262 0.000000 -0.000001 -34.144981
-183.256409 4.717082 283.351379 122.918465 179.547791 179.168198 165.438446 -178.339981 177.706024 36.770462 0.080708 1.096701 173.355865 -179.157471 -173.315842 147.148132 -178.070755 179.152084 19.011766 8.293502 -2.445375 60.541805 -12.625307 0.369055 176.500107 174.393738 -178.658463 176.503006 174.431534 -177.533310 163.176666 174.946198 -178.566132 179.999985 176.267151 -179.076126 179.999969 175.645004 -179.043121 172.374100 176.743561 -179.860168 8.848704 -9.007025 5.015737 42.510384 -40.605270 53.133682 48.414165 0.243911 -0.387431 173.729599 179.797989 129.836624 62.715206 52.143986 26.832350 180.000000 -180.000000 -130.172531 180.000000 180.000000 -153.474899 0.000000 -0.000000 0.000000 15.000004 -0.000000 68.992706 0.000008 -0.000000 56.448563 0.000000 -0.000000 42.336430 0.000000 -0.000000 0.000000 0.000005 0.000000 88.999985 180.000000 180.000000 -74.649559 0.000003 -0.000002 79.012840 0.000000 -0.000000 0.000000 170.000000 180.000000 -91.000000 0.000000 -0.000000 110.000015 0.000001 -0.000010 80.000008 0.000000 -0.000000 0.000000 160.000015 180.000000 -112.196854 180.000000 179.999985 -78.295242 180.000000 -179.999985 -112.264633 5.797611 -5.563160 -8.332165 151.928223 169.602127 110.207138 160.811340 -171.133591 178.560181 179.203522 -143.148682 -169.998276 114.343315 122.982361 154.277435 0.000004 -0.000006 -35.966282 0.000002 -0.000002 -12.990108 0.000000 -0.000000 0.000000 165.000015 179.999985 142.409256 0.000001 -0.000003 -30.756083 0.000000 -0.000002 -21.529255 0.000000 -0.000000 0.000000 0.000000 -0.000002 -32.999233 180.000000 -179.999985 130.501144 0.000003 0.000002 -32.966236 0.000000 -0.000000 0.000000 10.000000 0.000003 -31.643433 180.000000 -180.000000 132.534836 180.000000 -180.000000 148.388199 0.000000 -0.000000 0.000000 19.999998 -0.000000 -34.136543 180.000000 -179.999985 128.795181 180.000000 -180.000000 145.897583
-183.258774 4.716438 283.354645 122.918465 179.547791 179.168198 165.489136 -178.412323 177.725723 36.729382 0.021454 1.061361 173.345108 -179.173996 -173.345047 147.224106 -178.092270 179.181000 18.973291 8.315784 -2.451128 60.548786 -12.614613 0.321782 176.510788 174.362473 -178.639984 176.513733 174.400269 -177.501938 163.218567 174.911331 -178.530914 179.999985 176.273865 -179.069702 179.999985 175.652832 -179.036469 172.367569 176.748779 -179.855911 8.902569 -8.953031 5.049869 42.015926 -41.044350 53.737949 48.835823 -1.729920 -0.820355 174.696182 -179.108795 130.167145 61.241074 51.986855 25.187611 0.000000 0.000000 49.721542 180.000000 -180.000000 -153.545456 0.000000 -0.000000 0.000000 15.000000 0.000003 68.736664 0.000000 -0.000000 56.239090 180.000000 180.000000 -137.820694 0.000000 -0.000000 0.000000 180.000000 -180.000000 -91.000000 180.000000 -179.999985 -74.104477 180.000000 -180.000000 -100.578362 0.000000 -0.000000 0.000000 170.000000 180.000000 -91.000000 180.000000 180.000000 -70.000015 180.000000 179.999985 -99.999985 0.000000 -0.000000 0.000000 160.000000 -179.999985 -112.049492 0.000003 0.000002 101.925766 0.000003 0.000002 67.882553 5.818000 -5.549053 -8.325354 151.876099 169.583649 110.276688 160.769379 -171.099274 178.563095 179.300339 -143.125717 -170.115860 114.315666 122.991425 154.251038 0.000001 -0.000001 -35.971558 0.000000 -0.000002 -12.993554 0.000000 -0.000000 0.000000 165.000000 -180.000000 142.421997 180.000000 -179.999985 149.254364 0.000001 -0.000003 -21.521944 0.000000 -0.000000 0.000000 180.000000 179.999985 147.002625 180.000000 -180.000000 130.503937 180.000000 180.000000 147.035614 0.000000 -0.000000 0.000000 9.999998 0.000000 -31.628311 0.000000 0.000000 -47.442463 0.000003 0.000002 -31.596678 0.000000 -0.000000 0.000000 20.000002 0.000001 -34.137978 180.000000 -179.999985 128.793030 0.000000 -0.000001 -34.103840
-183.261154 4.716370 283.357880 122.918465 179.547791 179.168198 165.532974 -178.469345 177.739624 36.699715 -0.036543 1.040378 173.329636 -179.197464 -173.375610 147.296967 -178.110550 179.204254 18.933014 8.333871 -2.458222 60.554462 -12.606496 0.283522 176.522003 174.331024 -178.621719 176.525009 174.368866 -177.470963 163.263016 174.876801 -178.495773 179.999985 176.293137 -179.071198 179.999985 175.675323 -179.038010 172.337112 176.765244 -179.856461 8.957677 -8.891504 5.095783 41.558372 -41.481213 54.325001 49.075527 -2.697077 -1.078802 175.550171 -177.734711 130.389816 61.480663 52.028500 25.359747 180.000000 -180.000000 -130.468353 180.000000 180.000000 -153.671921 0.000000 -0.000000 0.000000 15.000002 -0.000001 68.699059 180.000000 180.000000 -123.791672 180.000000 -179.999985 -137.843765 0.000000 -0.000000 0.000000 0.000000 -0.000000 89.000000 180.000000 -179.999985 -73.924385 0.000000 -0.000005 79.556725 0.000000 -0.000000 0.000000 170.000000 180.000000 -91.000000 180.000000 -179.999985 -70.000000 180.000000 -179.999985 -100.000008 0.000000 -0.000000 0.000000 160.000015 179.999985 -112.061172 0.000002 -0.000003 101.908257 0.000003 0.000002 67.870903 5.836997 -5.522679 -8.308770 151.813934 169.584503 110.343285 160.742966 -171.066589 178.576416 179.385040 -143.099823 -170.244186 114.286758 122.996178 154.215027 180.000000 180.000000 144.011185 0.000002 -0.000002 -13.007539 0.000000 -0.000000 0.000000 165.000000 -179.999985 142.436981 0.000002 0.000000 -30.733362 0.000000 0.000000 -21.513359 0.000000 -0.000000 0.000000 0.000001 -0.000003 -32.967243 180.000000 180.000000 130.549149 180.000000 -180.000000 147.065735 0.000000 -0.000000 0.000000 10.000004 0.000004 -31.620798 180.000000 -180.000000 132.568802 180.000000 -180.000000 148.410812 0.000000 -0.000000 0.000000 20.000004 -0.000003 -34.096375 180.000000 -179.999985 128.855423 180.000000 -179.999985 145.937714
-183.263535 4.716685 283.361145 122.918465 179.547791 179.168198 165.586319 -178.535263 177.751099 36.661556 -0.104531 1.011813 173.313446 -179.222565 -173.401917 147.359085 -178.128998 179.225067 18.903927 8.345119 -2.463605 60.558949 -12.594034 0.249928 176.535080 174.296555 -178.601669 176.538132 174.334473 -177.437042 163.315308 174.839249 -178.456772 179.999985 176.328339 -179.082489 179.999985 175.716400 -179.049728 172.270233 176.795914 -179.863251 8.983796 -8.868346 5.118889 41.253067 -41.816166 54.749599 49.315098 -3.801338 -1.387006 176.067612 -177.279938 130.612198 62.793789 52.192326 26.674105 0.000002 -0.000001 49.290653 0.000003 -0.000001 26.167576 0.000000 -0.000000 0.000000 15.000000 0.000003 68.925621 0.000003 -0.000002 56.393681 0.000001 0.000003 42.295265 0.000000 -0.000000 0.000000 0.000000 -0.000000 89.000000 0.000000 -0.000000 106.895660 0.000002 0.000003 80.000000 0.000000 -0.000000 0.000000 170.000000 -180.000000 -91.000000 0.000003 0.000002 110.000000 180.000000 -180.000000 -99.999992 0.000000 -0.000000 0.000000 160.000000 180.000000 -111.756851 180.000000 -179.999985 -77.635269 180.000000 -179.999985 -111.825089 5.832463 -5.522759 -8.307939 151.764389 169.557236 110.422173 160.692978 -171.026840 178.572556 179.496124 -143.078537 -170.365524 114.181648 123.044548 154.130753 0.000001 -0.000003 -35.991280 0.000000 -0.000003 -13.004651 0.000000 -0.000000 0.000000 165.000000 -179.999985 142.439240 0.000002 -0.000001 -30.731518 0.000001 -0.000003 -21.512066 0.000000 -0.000000 0.000000 0.000001 0.000002 -32.922108 180.000000 -180.000000 130.616837 180.000000 -179.999985 147.110794 0.000000 -0.000000 0.000000 10.000001 0.000002 -31.575510 0.000000 -0.000001 -47.363258 0.000003 0.000001 -31.543928 0.000000 -0.000000 0.000000 20.000002 0.000001 -34.067291 0.000003 0.000001 -51.100933 180.000000 -180.000000 145.966766
-183.265945 4.717238 283.364380 122.918465 179.547791 179.168198 165.633652 -178.592987 177.761444 36.630405 -0.171420 0.986720 173.295776 -179.252487 -173.425812 147.417099 -178.150223 179.247238 18.885414 8.349896 -2.469839 60.562920 -12.578197 0.217317 176.546768 174.267242 -178.584259 176.549881 174.305237 -177.407608 163.362381 174.807251 -178.422485 179.999985 176.363739 -179.096329 179.999985 175.757690 -179.064056 172.198792 176.826920 -179.871780 9.037235 -8.802745 5.170528 41.103355 -42.069378 54.983665 49.500744 -4.648008 -1.676455 176.894775 -175.710739 130.904984 62.985271 51.830536 26.685890 180.000000 -180.000000 -130.638336 180.000000 -180.000000 -153.785141 0.000000 -0.000000 0.000000 15.000006 -0.000001 69.210823 180.000000 -179.999985 -123.372955 0.000009 0.000004 42.470261 0.000000 -0.000000 0.000000 0.000000 -0.000000 89.000008 0.000002 -0.000003 107.676765 180.000000 -179.999985 -100.000015 0.000000 -0.000000 0.000000 170.000000 -180.000000 -90.999985 0.000002 -0.000003 110.000015 0.000000 -0.000000 79.999985 0.000000 -0.000000 0.000000 160.000000 179.999985 -111.493614 0.000000 -0.000000 102.759560 180.000000 -179.999985 -111.562141 5.832139 -5.510512 -8.302079 151.708374 169.550049 110.489685 160.669083 -170.999252 178.578705 179.595886 -143.057053 -170.494659 114.149979 123.049026 154.087952 180.000000 179.999985 143.983917 0.000002 -0.000002 -13.025130 0.000000 -0.000000 0.000000 165.000000 180.000000 142.466827 0.000001 0.000002 -30.708958 180.000000 -179.999985 158.503738 0.000000 -0.000000 0.000000 0.000004 -0.000002 -32.903603 180.000000 180.000000 130.644577 0.000003 0.000001 -32.870697 0.000000 -0.000000 0.000000 10.000003 -0.000004 -31.525887 0.000001 -0.000001 -47.288818 0.000000 0.000000 -31.494350 0.000000 -0.000000 0.000000 20.000002 -0.000001 -34.051849 0.000003 0.000001 -51.077778 0.000000 0.000000 -34.017796
-183.268372 4.717882 283.367584 122.918465 179.547791 179.168198 165.668732 -178.633926 177.768127 36.612774 -0.232729 0.974326 173.278091 -179.287674 -173.449356 147.458298 -178.169632 179.264847 18.877403 8.346442 -2.474195 60.565228 -12.561368 0.194210 176.557938 174.238937 -178.567902 176.561081 174.277008 -177.379990 163.407272 174.776825 -178.390274 179.999985 176.397614 -179.109085 179.999985 175.797211 -179.077255 172.131073 176.856583 -179.879501 9.074716 -8.765096 5.201428 40.965820 -42.280396 55.263504 49.697948 -5.358654 -1.958606 177.561279 -174.399734 131.198105 62.127045 51.161209 25.556379 180.000000 -180.000000 -130.315552 0.000000 -0.000000 26.429840 0.000000 -0.000000 0.000000 15.000002 0.000000 69.336227 0.000008 -0.000000 56.729645 180.000000 180.000000 -137.452774 0.000000 -0.000000 0.000000 0.000000 -0.000000 89.000008 0.000002 -0.000003 107.931549 180.000000 -180.000000 -99.999992 0.000000 -0.000000 0.000000 170.000000 179.999985 -90.999985 0.000002 -0.000003 110.000015 180.000000 179.999985 -99.999985 0.000000 -0.000000 0.000000 160.000000 -180.000000 -111.279419 0.000002 -0.000003 103.080856 180.000000 179.999985 -111.348145 5.838310 -5.484328 -8.288802 151.637497 169.562881 110.551636 160.667007 -170.975067 178.598297 179.702881 -143.040268 -170.645844 114.138153 123.058548 154.074265 0.000000 -0.000004 -36.029137 0.000002 0.000002 -13.035525 0.000000 -0.000000 0.000000 165.000015 179.999985 142.493713 180.000000 -179.999985 149.313034 0.000000 -0.000002 -21.480867 0.000000 -0.000000 0.000000 0.000001 -0.000003 -32.863602 0.000003 0.000002 -49.295414 180.000000 -179.999985 147.169250 0.000000 -0.000000 0.000000 9.999998 0.000003 -31.504892 180.000000 -179.999985 132.742645 180.000000 -180.000000 148.526596 0.000000 -0.000000 0.000000 19.999992 0.000001 -33.966934 180.000000 -180.000000 129.049591 180.000000 -179.999985 146.067017
-183.270828 4.718432 283.370789 122.918465 179.547791 179.168198 165.712585 -178.694534 177.770111 36.579910 -0.309496 0.950780 173.266220 -179.320435 -173.470001 147.489899 -178.187485 179.280685 18.873339 8.340589 -2.476654 60.566647 -12.543316 0.175568 176.569412 174.208176 -178.550552 176.572617 174.246353 -177.350601 163.453064 174.744034 -178.356384 179.999985 176.434067 -179.122757 179.999985 175.839752 -179.091446 172.062103 176.888550 -179.887512 9.098965 -8.757406 5.208294 40.885826 -42.423450 55.472351 49.972404 -6.306810 -2.270854 177.912216 -173.889725 131.495941 62.281311 51.113869 25.645582 180.000000 179.999985 -130.393021 180.000000 -180.000000 -153.621750 0.000000 -0.000000 0.000000 15.000000 0.000004 69.520317 0.000002 0.000003 56.880241 180.000000 -179.999985 -137.339813 0.000000 -0.000000 0.000000 0.000000 -0.000000 89.000000 0.000003 0.000002 108.830246 0.000000 -0.000000 80.000000 0.000000 -0.000000 0.000000 170.000015 180.000000 -91.000000 180.000000 180.000000 -69.999992 0.000000 -0.000000 80.000000 0.000000 -0.000000 0.000000 160.000015 179.999985 -111.321991 180.000000 179.999985 -76.982948 180.000000 -179.999985 -111.390640 5.832821 -5.482976 -8.291659 151.578644 169.547455 110.623199 160.645752 -170.945450 178.602295 179.826157 -143.028458 -170.783890 114.079834 123.101616 154.039322 0.000001 -0.000002 -36.024094 0.000002 -0.000002 -13.027365 0.000000 -0.000000 0.000000 165.000000 -179.999985 142.495392 0.000000 -0.000002 -30.685577 0.000004 -0.000001 -21.479908 0.000000 -0.000000 0.000000 0.000000 -0.000001 -32.822048 0.000006 -0.000001 -49.233059 0.000000 -0.000000 -32.789227 0.000000 -0.000000 0.000000 9.999997 0.000001 -31.460213 0.000000 0.000000 -47.190323 0.000000 -0.000000 -31.428751 0.000000 -0.000000 0.000000 20.000000 -0.000004 -33.936878 0.000002 0.000003 -50.905323 0.000003 0.000002 -33.902939
-183.273331 4.718728 283.373962 122.918465 179.547791 179.168198 165.760330 -178.766693 177.772720 36.539028 -0.392692 0.920679 173.258102 -179.350327 -173.490250 147.524857 -178.202911 179.299759 18.863668 8.336834 -2.480690 60.567776 -12.525090 0.158601 176.578674 174.182312 -178.535873 176.581940 174.220566 -177.325729 163.489807 174.716370 -178.327805 179.999985 176.464752 -179.134735 179.999985 175.875534 -179.103836 172.006561 176.915497 -179.894333 9.128477 -8.742448 5.215354 40.813396 -42.549408 55.669407 50.242588 -7.156441 -2.545528 178.154770 -173.559479 131.775711 59.757866 50.076996 22.784195 180.000000 -180.000000 -129.725159 0.000000 -0.000000 26.823051 0.000000 -0.000000 0.000000 15.000000 -0.000003 69.424500 0.000000 -0.000000 56.801865 180.000000 -179.999985 -137.398605 0.000000 -0.000000 0.000000 0.000000 -0.000000 89.000000 180.000000 -179.999985 -70.327721 0.000000 -0.000000 80.000000 0.000000 -0.000000 0.000000 170.000000 179.999985 -90.999985 180.000000 180.000000 -70.000015 0.000000 -0.000000 80.000008 0.000000 -0.000000 0.000000 160.000000 180.000000 -111.704803 0.000003 0.000002 102.442802 180.000000 -179.999985 -111.773087 5.833254 -5.471563 -8.291343 151.521622 169.545395 110.684311 160.639877 -170.925934 178.610901 179.929047 -143.018158 -170.910309 114.010803 123.130043 153.981018 0.000005 -0.000004 -36.027828 180.000000 -179.999985 166.972504 0.000000 0.000003 0.000003 165.000000 179.999985 142.506683 180.000000 -180.000000 149.323654 0.000003 0.000002 -21.473442 0.000000 0.000003 0.000003 0.000000 0.000000 -32.795635 180.000000 180.000000 130.806549 0.000000 -0.000001 -32.762833 0.000000 0.000003 0.000003 10.000003 0.000002 -31.421598 0.000000 -0.000000 -47.132397 0.000000 0.000000 -31.390177 0.000000 0.000003 0.000003 20.000002 -0.000003 -33.922283 180.000000 179.999985 129.116577 0.000000 0.000000 -33.888359
-183.275787 4.718688 283.377136 122.918465 179.547791 179.168198 165.787430 -178.820465 177.773712 36.517567 -0.462604 0.904737 173.251221 -179.378220 -173.512070 147.555878 -178.214767 179.317154 18.849535 8.334779 -2.486156 60.568478 -12.511601 0.146624 176.585983 174.157181 -178.521866 176.589279 174.195465 -177.301895 163.517395 174.689301 -178.301422 179.999893 176.409225 -179.102524 179.999893 175.810760 -179.070465 172.059799 176.866150 -179.877274 9.170747 -8.720228 5.230398 40.720531 -42.696228 55.892891 50.532768 -8.014422 -2.795385 178.372116 -173.271744 132.036484 57.551414 48.962440 20.215416 180.000000 179.999985 -129.103302 180.000000 -180.000000 -152.762802 0.000000 0.000000 -0.000000 15.000006 0.000006 69.581383 0.000002 0.000003 56.930199 0.000003 -0.000001 42.697655 0.000000 0.000000 -0.000000 0.000002 0.000002 88.999985 0.000005 -0.000001 109.910744 180.000000 179.999985 -100.000008 0.000000 0.000000 -0.000000 170.000000 -180.000000 -90.999985 0.000003 0.000002 110.000015 0.000003 -0.000002 79.999985 0.000000 0.000000 -0.000000 160.000015 179.999985 -112.172256 0.000003 0.000002 101.741623 0.000000 0.000004 67.759933 5.843894 -5.451330 -8.285341 151.459564 169.554657 110.738243 160.644699 -170.912781 178.626434 0.008664 -36.994984 8.968820 113.903366 123.152260 153.878510 180.000000 179.999985 143.966675 0.000002 0.000002 -13.028839 0.000000 -0.000000 0.000000 165.000015 -179.999985 142.506653 0.000000 -0.000002 -30.676374 0.000004 -0.000001 -21.473465 0.000000 -0.000000 0.000000 0.000002 0.000000 -32.762314 0.000001 -0.000002 -49.143475 180.000000 -180.000000 147.270447 0.000000 -0.000000 0.000000 10.000001 0.000001 -31.402618 0.000003 0.000002 -47.103920 180.000000 -180.000000 148.628799 0.000000 -0.000000 0.000000 19.999994 0.000002 -33.878998 180.000000 -180.000000 129.181503 0.000004 0.000000 -33.845119
-183.278259 4.718303 283.380341 122.918465 179.547791 179.168198 165.813171 -178.883087 177.777618 36.493675 -0.532085 0.879398 173.247894 -179.400055 -173.530548 147.581512 -178.222443 179.332855 18.829815 8.339074 -2.492677 60.569550 -12.503069 0.135446 176.592255 174.129532 -178.506714 176.595612 174.167847 -177.275955 163.539566 174.659302 -178.273743 179.999847 176.356415 -179.072220 179.999847 175.749161 -179.039108 172.120407 176.819199 -179.860870 9.203878 -8.722964 5.230113 40.625584 -42.833008 56.100693 50.872505 -9.011933 -3.042313 178.173798 -174.250519 132.192307 56.169056 48.148560 18.597115 0.000000 -0.000000 51.371300 0.000000 -0.000000 27.553297 0.000000 -0.000000 0.000000 14.999999 0.000003 69.558784 0.000006 -0.000003 56.911728 0.000000 -0.000000 42.683796 0.000000 -0.000000 0.000000 0.000002 0.000007 89.000000 0.000003 0.000002 110.000000 180.000000 179.999985 -100.000015 0.000000 -0.000000 0.000000 170.000000 -180.000000 -91.000000 180.000000 179.999985 -69.999985 0.000005 0.000000 80.000000 0.000000 -0.000000 0.000000 160.000015 180.000000 -112.408485 180.000000 -179.999985 -78.612755 180.000000 -179.999985 -112.476082 5.849236 -5.455452 -8.292924 151.404495 169.535492 110.794937 160.624405 -170.884460 178.628983 0.090162 -36.995541 8.869288 113.821877 123.202011 153.822189 180.000000 180.000000 143.970245 0.000002 0.000000 -13.021113 0.000000 -0.000000 0.000000 165.000015 -180.000000 142.498489 180.000000 -179.999985 149.316956 0.000004 -0.000004 -21.478136 0.000000 -0.000000 0.000000 180.000000 -180.000000 147.253693 180.000000 179.999985 130.880508 180.000000 -179.999985 147.286423 0.000000 -0.000000 0.000000 10.000001 -0.000004 -31.378599 180.000000 180.000000 132.932114 180.000000 -180.000000 148.652786 0.000000 -0.000000 0.000000 20.000002 0.000003 -33.854759 180.000000 180.000000 129.217865 180.000000 -180.000000 146.179092
-183.280716 4.717656 283.383514 122.918465 179.547791 179.168198 165.837631 -178.952530 177.784073 36.469452 -0.598696 0.847000 173.245422 -179.413803 -173.546829 147.594055 -178.228409 179.348007 18.814768 8.347508 -2.496185 60.571060 -12.494181 0.121240 176.596024 174.106171 -178.493622 176.599426 174.144440 -177.253479 163.550949 174.633301 -178.250565 179.999847 176.298691 -179.041153 179.999847 175.681808 -179.006927 172.196411 176.767944 -179.843994 9.238221 -8.718971 5.237562 40.513939 -42.996315 56.323456 51.158756 -9.828691 -3.237428 178.896729 -172.416382 132.660370 56.539299 47.913902 18.746412 180.000000 179.999985 -128.714401 180.000000 180.000000 -152.503784 0.000000 -0.000000 0.000000 15.000006 0.000005 70.065620 180.000000 179.999985 -122.673584 0.000001 0.000003 42.994797 0.000000 -0.000000 0.000000 0.000000 -0.000000 89.000000 180.000000 -179.999985 -70.000000 0.000003 -0.000002 80.000000 0.000000 -0.000000 0.000000 170.000000 -180.000000 -90.999985 0.000000 -0.000000 110.000015 0.000003 -0.000002 80.000008 0.000000 -0.000000 0.000000 160.000015 -179.999985 -111.833183 180.000000 180.000000 -77.749748 0.000002 0.000003 68.098671 5.859113 -5.452064 -8.295955 151.353958 169.525665 110.839211 160.608749 -170.867004 178.632111 0.141132 -37.002537 8.790949 113.715897 123.228798 153.722855 0.000001 -0.000002 -36.036469 0.000000 -0.000002 -13.023227 0.000000 -0.000000 0.000000 165.000015 -180.000000 142.482101 0.000002 -0.000001 -30.696455 0.000000 0.000000 -21.487514 0.000000 -0.000000 0.000000 180.000000 179.999985 147.253448 0.000001 0.000001 -49.119827 0.000000 -0.000000 -32.713806 0.000000 -0.000000 0.000000 10.000000 -0.000001 -31.379105 0.000000 0.000000 -47.068653 0.000000 -0.000000 -31.347723 0.000000 -0.000000 0.000000 20.000002 -0.000002 -33.857471 180.000000 180.000000 129.213791 180.000000 -180.000000 146.176392
-183.283173 4.716886 283.386658 122.918465 179.547791 179.168198 165.838745 -178.988373 177.793076 36.466484 -0.634636 0.832437 173.246140 -179.424118 -173.561295 147.593964 -178.231430 179.360016 18.806746 8.357915 -2.498017 60.572548 -12.486721 0.108007 176.597488 174.084183 -178.481155 176.600937 174.122360 -177.231934 163.551819 174.608124 -178.229523 179.999893 176.221222 -179.001678 179.999893 175.591415 -178.966034 172.300629 176.699280 -179.822678 9.284848 -8.704650 5.252592 40.377762 -43.199245 56.574921 51.411762 -10.496572 -3.401929 179.729675 -170.094208 133.159576 56.836536 47.772385 18.848999 0.000001 0.000003 51.117638 180.000000 -179.999985 -152.615662 180.000000 -179.999985 -180.000000 15.000000 -0.000006 69.865692 0.000006 -0.000003 57.162842 0.000000 -0.000000 42.872124 180.000000 -179.999985 -180.000000 0.000000 -0.000005 88.999985 0.000003 0.000002 110.000015 180.000000 179.999985 -100.000031 180.000000 -179.999985 -180.000000 170.000000 -179.999985 -91.000000 180.000000 179.999985 -70.000000 180.000000 -179.999985 -99.999992 180.000000 -179.999985 -180.000000 160.000015 -179.999985 -112.222252 180.000000 179.999985 -78.333366 0.000005 0.000005 67.709984 5.878485 -5.438381 -8.294505 151.297638 169.528595 110.874092 160.600021 -170.855194 178.639847 0.171397 -37.011578 8.714974 113.627060 123.273262 153.651718 180.000000 -180.000000 143.958771 0.000002 0.000000 -13.022856 0.000000 -0.000000 0.000000 165.000000 180.000000 142.458008 0.000003 0.000003 -30.716169 0.000003 0.000001 -21.501326 0.000000 -0.000000 0.000000 180.000000 179.999985 147.244049 180.000000 -180.000000 130.866074 0.000000 -0.000001 -32.723209 0.000000 -0.000000 0.000000 10.000001 0.000001 -31.383165 0.000003 0.000002 -47.074726 0.000000 0.000000 -31.351774 0.000000 -0.000000 0.000000 20.000002 0.000004 -33.873188 0.000003 0.000001 -50.809792 0.000000 0.000000 -33.839317
-183.285614 4.716136 283.389832 122.918465 179.547791 179.168198 165.831345 -179.019333 177.801743 36.469181 -0.660619 0.817563 173.250610 -179.426346 -173.570984 147.570404 -178.233749 179.367004 18.814699 8.369753 -2.496072 60.574352 -12.481487 0.094152 176.597321 174.061554 -178.467957 176.600845 174.099579 -177.209015 163.544678 174.581421 -178.208008 180.000000 176.138885 -178.960373 0.000003 4.504636 1.076756 172.422516 176.626282 -179.800095 9.332553 -8.704335 5.256101 40.249722 -43.389404 56.798576 51.704956 -11.285470 -3.556072 0.750859 -12.889215 -46.315922 59.967293 49.218403 22.255373 0.000001 0.000002 49.913837 0.000000 -0.000000 26.582621 0.000000 -0.000000 0.000000 15.000000 -0.000005 69.556656 180.000000 179.999985 -123.090019 0.000000 -0.000000 42.682487 0.000000 -0.000000 0.000000 180.000000 179.999985 -91.000000 180.000000 180.000000 -70.000000 180.000000 -180.000000 -100.000008 0.000000 -0.000000 0.000000 170.000000 -180.000000 -91.000000 0.000001 0.000005 110.000000 0.000004 0.000005 79.999985 0.000000 -0.000000 0.000000 160.000015 179.999985 -112.387810 0.000002 -0.000003 101.418282 180.000000 -179.999985 -112.455421 5.900093 -5.440582 -8.303951 151.247116 169.512772 110.906822 160.573746 -170.834991 178.640106 0.202913 -37.009857 8.645884 113.612335 123.307083 153.657120 180.000000 179.999985 143.964050 0.000002 0.000000 -13.017977 0.000000 -0.000000 0.000000 165.000015 180.000000 142.445282 180.000000 179.999985 149.273407 0.000000 0.000000 -21.508610 0.000000 -0.000000 0.000000 0.000000 -0.000002 -32.758297 0.000001 0.000002 -49.137455 0.000003 0.000001 -32.725544 0.000000 -0.000000 0.000000 9.999999 -0.000000 -31.391884 180.000000 -180.000000 132.912170 0.000000 -0.000000 -31.360493 0.000000 -0.000000 0.000000 20.000002 0.000003 -33.892208 180.000000 -180.000000 129.161697 0.000000 -0.000002 -33.858315
-183.288086 4.715535 283.392944 122.918465 179.547791 179.168198 165.811127 -179.052933 177.809570 36.477455 -0.685586 0.800788 173.262192 -179.425705 -173.578049 147.533096 -178.236572 179.372955 18.828962 8.384669 -2.490291 60.576717 -12.475163 0.076153 176.595581 174.043320 -178.456985 176.599136 174.081161 -177.189896 163.531174 174.559143 -178.190872 0.000003 3.868655 1.041712 0.000003 4.513428 1.078918 172.461533 176.619873 -179.797287 9.381629 -8.695359 5.263980 40.113670 -43.577831 57.048656 51.965202 -11.897112 -3.678546 1.776781 -16.050028 -45.871277 60.996033 49.628056 23.260122 0.000000 -0.000000 49.329739 0.000000 -0.000000 26.193602 0.000000 -0.000000 0.000000 14.999997 -0.000008 69.875984 180.000000 180.000000 -122.828743 180.000000 -179.999985 -137.121552 0.000000 -0.000000 0.000000 0.000000 -0.000005 89.000000 180.000000 -179.999985 -70.000000 0.000002 0.000003 80.000008 0.000000 -0.000000 0.000000 170.000000 -180.000000 -90.999985 0.000002 -0.000003 110.000000 180.000000 179.999985 -100.000008 0.000000 -0.000000 0.000000 160.000015 179.999985 -113.384483 0.000002 -0.000003 99.923294 180.000000 -179.999985 -113.451088 5.921883 -5.434916 -8.310672 151.205704 169.507660 110.931938 160.553421 -170.824951 178.637436 0.219473 -37.014549 8.587616 113.547234 123.326294 153.596100 180.000000 -179.999985 143.957306 180.000000 179.999985 166.978653 0.000000 -0.000000 0.000000 165.000000 180.000000 142.422958 0.000003 -0.000003 -30.744867 0.000004 -0.000001 -21.521395 0.000000 -0.000000 0.000000 180.000000 -180.000000 147.243073 0.000000 -0.000000 -49.135368 0.000003 0.000002 -32.724155 0.000000 -0.000000 0.000000 9.999996 -0.000002 -31.389616 180.000000 180.000000 132.915588 0.000003 0.000001 -31.358221 0.000000 -0.000000 0.000000 20.000002 -0.000002 -33.886818 180.000000 180.000000 129.169769 180.000000 -180.000000 146.147064
-183.290588 4.715143 283.396088 122.918465 179.547791 179.168198 165.792282 -179.077667 177.814438 36.475742 -0.704487 0.792833 173.282700 -179.424240 -173.586807 147.489655 -178.238724 179.376648 18.848272 8.400059 -2.480645 60.578941 -12.468108 0.058618 176.592178 174.027435 -178.447083 176.595764 174.065079 -177.172546 163.510422 174.538879 -178.176254 0.000003 3.880965 1.045462 0.000009 4.527788 1.082803 172.511368 176.609314 -179.793350 9.440442 -8.676656 5.277047 39.957775 -43.791962 57.365200 52.243938 -12.470937 -3.791975 2.750176 -19.146921 -45.507061 62.114471 49.914154 24.274328 180.000000 180.000000 -131.281052 180.000000 -179.999985 -154.333862 0.000000 -0.000000 0.000000 15.000009 0.000003 69.706573 180.000000 -179.999985 -122.967354 0.000000 -0.000000 42.774483 0.000000 -0.000000 0.000000 180.000000 179.999985 -91.000000 0.000002 -0.000003 110.000015 0.000003 -0.000002 80.000000 0.000000 -0.000000 0.000000 170.000000 -180.000000 -90.999985 0.000005 -0.000001 110.000000 180.000000 179.999985 -100.000008 0.000000 -0.000000 0.000000 160.000000 -180.000000 -114.353065 0.000002 -0.000003 98.470398 180.000000 180.000000 -114.418724 5.948542 -5.419382 -8.313881 151.164703 169.514938 110.949959 160.543457 -170.824875 178.636703 0.219803 -37.025623 8.532325 113.448029 123.351059 153.508560 180.000000 180.000000 143.962799 0.000002 0.000000 -13.018612 0.000000 -0.000000 0.000000 165.000015 -179.999985 142.419464 180.000000 -180.000000 149.252304 0.000003 0.000002 -21.523394 0.000000 -0.000000 0.000000 0.000001 0.000002 -32.744236 0.000000 -0.000000 -49.116360 0.000000 -0.000000 -32.711502 0.000000 -0.000000 0.000000 10.000001 0.000001 -31.376181 0.000000 -0.000000 -47.064266 0.000003 0.000001 -31.344801 0.000000 -0.000000 0.000000 20.000000 0.000000 -33.870007 0.000002 0.000004 -50.805012 0.000004 0.000000 -33.836132
-183.293106 4.714943 283.399200 122.918465 179.547791 179.168198 165.774719 -179.095627 177.816833 36.466465 -0.720091 0.790779 173.309753 -179.424118 -173.596313 147.446701 -178.243561 179.382523 18.867514 8.416512 -2.474950 60.581436 -12.464206 0.041230 176.588715 174.013992 -178.438644 176.592331 174.051422 -177.157730 163.490143 174.521530 -178.164108 0.000000 3.899599 1.054038 0.000003 4.549527 1.091687 172.559952 176.592987 -179.787247 9.491365 -8.669449 5.281151 39.822037 -43.975842 57.668148 52.609818 -13.209682 -3.926496 2.716089 -19.116884 -45.348598 61.660641 49.544533 23.615803 0.000003 -0.000001 48.802998 0.000003 -0.000004 25.752508 0.000000 -0.000000 0.000000 14.999999 -0.000001 69.970467 0.000003 0.000006 57.248558 0.000001 0.000003 42.936420 0.000000 -0.000000 0.000000 180.000000 -180.000000 -91.000000 0.000005 -0.000001 110.000015 180.000000 179.999985 -100.000015 0.000000 -0.000000 0.000000 170.000000 179.999985 -91.000000 0.000001 -0.000001 110.000015 180.000000 179.999985 -100.000008 0.000000 -0.000000 0.000000 160.000015 180.000000 -114.747177 0.000003 0.000002 97.879265 0.000001 -0.000001 65.187576 5.970649 -5.408162 -8.319356 151.120590 169.508713 110.965477 160.527786 -170.810150 178.634521 0.216959 -37.019699 8.486831 113.457985 123.354019 153.525833 0.000001 -0.000003 -36.026630 0.000002 0.000000 -13.013317 0.000000 -0.000000 0.000000 165.000015 -180.000000 142.429626 180.000000 -180.000000 149.260590 0.000001 -0.000003 -21.517582 0.000000 -0.000000 0.000000 0.000000 0.000000 -32.740868 0.000000 -0.000000 -49.111294 0.000003 0.000001 -32.708122 0.000000 -0.000000 0.000000 9.999995 -0.000000 -31.366428 0.000001 -0.000001 -47.049625 180.000000 180.000000 148.664948 0.000000 -0.000000 0.000000 20.000000 -0.000001 -33.866013 180.000000 180.000000 129.200989 0.000007 0.000002 -33.832138
-183.295670 4.714884 283.402374 122.918465 179.547791 179.168198 165.714615 -179.129883 177.820099 36.493176 -0.751233 0.780303 173.342880 -179.424911 -173.608932 147.402481 -178.252960 179.388916 18.888577 8.432672 -2.471179 60.584782 -12.463180 0.020217 176.582779 174.001556 -178.430283 176.586441 174.038696 -177.142868 163.458328 174.504120 -178.153183 0.000003 3.902207 1.053209 0.000001 4.552574 1.090825 172.608688 176.590988 -179.785156 9.554718 -8.664158 5.287621 39.721539 -44.154198 57.966053 52.949547 -13.839195 -4.062224 3.476506 -21.101330 -45.153305 62.384399 49.429596 24.156326 180.000000 -179.999985 -131.446487 180.000000 180.000000 -154.584808 0.000000 -0.000000 0.000000 15.000006 0.000004 70.201180 0.000000 -0.000000 57.437313 0.000003 -0.000001 43.077988 0.000000 -0.000000 0.000000 180.000000 -179.999985 -91.000000 179.999985 180.000000 -69.999985 180.000000 179.999985 -99.999992 0.000000 -0.000000 0.000000 170.000000 -180.000000 -90.999985 0.000002 -0.000003 110.000000 180.000000 -180.000000 -100.000008 0.000000 -0.000000 0.000000 160.000000 -179.999985 -115.017433 0.000002 -0.000003 97.473816 0.000003 0.000002 64.917557 6.007452 -5.404717 -8.330377 151.081879 169.507507 110.973007 160.520599 -170.804474 178.631210 0.202237 -37.017838 8.457889 113.397545 123.361809 153.474411 0.000004 0.000007 -36.011547 180.000000 179.999985 166.994232 0.000000 -0.000000 0.000000 165.000000 -180.000000 142.422195 0.000002 0.000000 -30.745468 0.000004 -0.000003 -21.521832 0.000000 -0.000000 0.000000 180.000000 180.000000 147.266525 180.000000 180.000000 130.899765 180.000000 180.000000 147.299255 0.000000 -0.000000 0.000000 10.000004 0.000003 -31.367043 0.000003 0.000002 -47.050556 180.000000 180.000000 148.664322 0.000000 -0.000000 0.000000 20.000002 -0.000000 -33.860802 0.000001 -0.000002 -50.791183 0.000000 -0.000001 -33.826935
-183.298233 4.714857 283.405487 122.918465 179.547791 179.168198 165.659149 -179.157486 177.823074 36.513184 -0.781414 0.776806 173.377548 -179.431808 -173.625381 147.367722 -178.265076 179.395462 18.905537 8.444815 -2.469589 60.587830 -12.462131 0.000983 176.575745 173.991074 -178.422440 176.579437 174.027893 -177.128891 163.421661 174.488159 -178.143539 0.000010 3.900829 1.048086 0.000004 4.550962 1.085517 172.657013 176.592697 -179.785294 9.622373 -8.658629 5.302224 39.664310 -44.348724 58.279648 53.296757 -14.360339 -4.230782 4.102779 -22.731346 -44.994942 62.380241 49.038258 23.870853 0.000003 -0.000001 48.499638 0.000000 -0.000000 25.316872 0.000000 -0.000000 0.000000 15.000002 -0.000003 70.163208 180.000000 -179.999985 -122.593742 0.000000 -0.000000 43.054703 0.000000 -0.000000 0.000000 180.000000 179.999985 -91.000000 0.000000 -0.000000 109.999992 0.000004 0.000005 79.999985 0.000000 -0.000000 0.000000 170.000000 180.000000 -91.000000 180.000000 -179.999985 -69.999992 0.000000 -0.000000 80.000008 0.000000 -0.000000 0.000000 160.000015 180.000000 -115.868889 0.000000 0.000005 96.196640 0.000000 0.000004 64.066978 6.049809 -5.399862 -8.338724 151.042450 169.515839 110.972214 160.519836 -170.806488 178.628510 0.177459 -37.021233 8.440936 113.347122 123.386765 153.437592 0.000001 0.000000 -36.006477 180.000000 -180.000000 166.996780 0.000002 -0.000000 0.000000 165.000000 -180.000000 142.421219 180.000000 -179.999985 149.253738 0.000000 0.000000 -21.522385 0.000002 -0.000000 0.000000 0.000000 0.000000 -32.738548 180.000000 -180.000000 130.892181 0.000000 0.000000 -32.705799 0.000002 -0.000000 0.000000 10.000000 -0.000001 -31.363758 180.000000 180.000000 132.954376 180.000000 -180.000000 148.667603 0.000002 -0.000000 0.000000 20.000002 0.000000 -33.871109 180.000000 -180.000000 129.193344 180.000000 -180.000000 146.162750
-183.300797 4.714739 283.408630 122.918465 179.547791 179.168198 165.616074 -179.177002 177.825577 36.526802 -0.807440 0.776841 173.407166 -179.441208 -173.641037 147.332260 -178.280716 179.401367 18.928152 8.451590 -2.469996 60.590546 -12.461419 -0.016036 176.567810 173.981354 -178.413681 176.571533 174.017761 -177.113388 163.380615 174.471603 -178.132446 0.000008 3.893379 1.037446 0.000001 4.542275 1.074497 172.711014 176.599945 -179.787872 9.693483 -8.664670 5.305772 39.649639 -44.528728 58.539692 53.718651 -14.978856 -4.424820 4.936334 -24.879694 -44.840538 64.825111 49.982574 26.641993 180.000000 180.000000 -132.269882 0.000003 -0.000001 24.401396 180.000000 -179.999985 180.000000 15.000008 -0.000004 70.230064 180.000000 -179.999985 -122.539047 0.000003 0.000003 43.095711 180.000000 -179.999985 180.000000 0.000000 -0.000005 89.000008 180.000000 -179.999985 -70.000008 0.000003 -0.000002 80.000000 180.000000 -179.999985 180.000000 170.000000 -180.000000 -91.000000 180.000000 -179.999985 -69.999985 0.000000 -0.000000 80.000008 180.000000 -179.999985 180.000000 160.000015 -179.999985 -116.443527 0.000003 -0.000006 95.334724 0.000001 -0.000005 63.492928 6.100729 -5.406970 -8.355518 150.998856 169.516220 110.964264 160.515274 -170.798965 178.628494 0.146821 -37.012245 8.431595 113.391869 123.396179 153.490509 0.000000 0.000002 -36.004242 180.000000 179.999985 166.997879 0.000000 -0.000000 0.000000 165.000000 179.999985 142.426559 0.000001 -0.000005 -30.741899 0.000001 -0.000003 -21.519320 0.000000 -0.000000 0.000000 180.000000 -179.999985 147.246887 180.000000 180.000000 130.870300 0.000003 0.000002 -32.720371 0.000000 -0.000000 0.000000 10.000000 -0.000002 -31.377773 180.000000 -180.000000 132.933350 0.000003 0.000001 -31.346392 0.000000 -0.000000 0.000000 20.000002 -0.000001 -33.885723 0.000000 -0.000001 -50.828594 0.000000 0.000000 -33.851837
-183.303360 4.714463 283.411835 122.918465 179.547791 179.168198 165.573013 -179.196487 177.828049 36.546852 -0.833695 0.777192 173.430359 -179.451416 -173.657303 147.287491 -178.300140 179.407425 18.959309 8.456421 -2.471166 60.593784 -12.461235 -0.035912 176.560730 173.973938 -178.406052 176.564514 174.009964 -177.099899 163.344254 174.457870 -178.122665 180.000000 176.114349 -178.972046 180.000000 175.466736 -178.935349 172.766022 176.607361 -179.789673 9.758146 -8.674027 5.316633 39.668438 -44.719032 58.768394 54.071079 -15.452895 -4.612787 5.814819 -27.191511 -44.744572 65.376129 49.839462 27.014734 0.000002 -0.000001 47.486076 0.000001 0.000003 24.085323 0.000000 -0.000000 0.000001 15.000000 0.000003 70.343231 0.000004 -0.000006 57.553566 0.000000 -0.000000 43.165169 0.000000 -0.000000 0.000001 180.000000 -179.999985 -90.999992 180.000000 -180.000000 -69.999985 0.000002 0.000003 80.000000 0.000000 -0.000000 0.000001 170.000000 179.999985 -90.999985 180.000000 179.999985 -70.000000 0.000000 -0.000000 80.000000 0.000000 -0.000000 0.000001 160.000000 179.999985 -117.573303 0.000004 -0.000001 93.640053 0.000000 -0.000000 62.364277 6.147695 -5.414527 -8.367392 150.959946 169.523361 110.949471 160.510223 -170.797897 178.629623 0.113617 -37.007648 8.432345 113.335945 123.419662 153.447296 180.000000 179.999985 144.001129 0.000000 0.000000 -12.999434 0.000000 -0.000000 0.000000 165.000000 -180.000000 142.405884 0.000004 0.000006 -30.758814 0.000000 0.000000 -21.531176 0.000000 -0.000000 0.000000 180.000000 -180.000000 147.244003 180.000000 -179.999985 130.865997 180.000000 180.000000 147.276749 0.000000 -0.000000 0.000000 10.000002 0.000002 -31.390289 180.000000 179.999985 132.914581 180.000000 -179.999985 148.641098 0.000000 -0.000000 0.000000 20.000000 0.000003 -33.887661 180.000000 -179.999985 129.168503 0.000000 0.000000 -33.853783
-183.305893 4.714019 283.414948 122.918465 179.547791 179.168198 165.529968 -179.215988 177.830521 36.571918 -0.859223 0.777255 173.449295 -179.461365 -173.674072 147.244659 -178.318161 179.410202 18.991573 8.458238 -2.470981 60.596767 -12.460804 -0.054461 176.552979 173.965576 -178.396622 176.556793 174.001144 -177.083313 163.304031 174.441696 -178.109848 180.000000 176.126831 -178.987137 180.000000 175.481323 -178.950974 172.830551 176.619232 -179.793884 9.834266 -8.687166 5.329609 39.681065 -44.957874 59.040668 54.403080 -15.864516 -4.814241 7.124253 -30.337925 -44.690830 67.367386 50.290081 29.143894 0.000006 0.000005 46.896027 180.000000 -179.999985 -156.619507 0.000000 -0.000000 0.000000 14.999999 -0.000003 70.113937 180.000000 -179.999985 -122.634048 0.000002 -0.000001 43.024456 0.000000 -0.000000 0.000000 180.000000 -180.000000 -91.000008 0.000001 0.000001 110.000015 180.000000 179.999985 -99.999992 0.000000 -0.000000 0.000000 170.000000 -179.999985 -91.000000 180.000000 -180.000000 -69.999977 0.000003 -0.000002 79.999985 0.000000 -0.000000 0.000000 160.000000 -180.000000 -118.657997 0.000001 -0.000004 92.013016 0.000001 -0.000001 61.280674 6.204875 -5.428658 -8.385183 150.920593 169.541107 110.930840 160.505081 -170.805725 178.628647 0.070164 -37.010975 8.446691 113.286171 123.431519 153.406769 0.000001 0.000000 -35.988529 0.000003 0.000002 -12.994264 0.000000 -0.000000 0.000000 165.000000 179.999985 142.394226 180.000000 -179.999985 149.231644 0.000004 -0.000001 -21.537848 0.000000 -0.000000 0.000000 180.000000 179.999985 147.247635 0.000000 -0.000000 -49.128540 0.000003 0.000001 -32.719604 0.000000 -0.000000 0.000000 10.000000 -0.000002 -31.386717 180.000000 180.000000 132.919968 0.000000 0.000000 -31.355312 0.000000 -0.000000 0.000000 20.000002 -0.000001 -33.906590 0.000000 0.000000 -50.859871 180.000000 180.000000 146.127335
-183.308411 4.713468 283.418152 122.918465 179.547791 179.168198 165.529968 -179.215988 177.830521 36.564560 -0.866215 0.786619 173.458237 -179.469360 -173.687469 147.202454 -178.335526 179.414734 19.022028 8.461140 -2.471408 60.599739 -12.459005 -0.073747 176.548691 173.960403 -178.388504 176.552551 173.995605 -177.069290 163.280914 174.429871 -178.097122 180.000000 176.135818 -178.998154 0.000004 4.508222 1.037635 172.882599 176.627762 -179.796677 9.885783 -8.704818 5.338124 39.674614 -45.186882 59.311340 54.806339 -16.398460 -5.036077 7.719801 -31.648525 -44.590351 68.738029 50.809414 30.758097 0.000000 -0.000008 46.495670 0.000002 -0.000007 22.930578 0.000000 -0.000000 0.000000 14.999999 0.000003 70.210175 0.000002 0.000003 57.444691 180.000000 -179.999985 -136.916489 0.000000 -0.000000 0.000000 0.000002 0.000007 89.000000 180.000000 -180.000000 -69.999985 0.000002 0.000003 80.000000 0.000000 -0.000000 0.000000 170.000000 -180.000000 -91.000000 180.000000 180.000000 -70.000008 0.000000 -0.000005 79.999985 0.000000 -0.000000 0.000000 160.000015 -179.999985 -119.403740 0.000001 0.000006 90.894379 0.000002 0.000003 60.535652 6.241869 -5.437856 -8.399219 150.873383 169.559662 110.909859 160.498627 -170.804871 178.632660 0.020957 -37.002220 8.469780 113.325607 123.430695 153.447662 180.000000 -180.000000 144.011627 180.000000 -180.000000 167.005814 0.000000 -0.000000 0.000000 165.000000 -179.999985 142.401230 0.000000 -0.000002 -30.762619 0.000000 0.000000 -21.533836 0.000000 -0.000000 0.000000 0.000001 -0.000002 -32.742367 0.000003 0.000002 -49.113548 0.000003 0.000003 -32.709621 0.000000 -0.000000 0.000000 9.999997 0.000001 -31.380365 180.000000 180.000000 132.929459 0.000000 -0.000001 -31.348984 0.000000 -0.000000 0.000000 20.000000 -0.000004 -33.912376 180.000000 -180.000000 129.131424 0.000003 0.000003 -33.878475
-183.310898 4.712934 283.421356 122.918465 179.547791 179.168198 165.499756 -179.232269 177.843079 36.592422 -0.873910 0.771713 173.462631 -179.471588 -173.696762 147.165115 -178.354263 179.426605 19.049501 8.469577 -2.478208 60.603912 -12.459661 -0.098889 176.547226 173.956619 -178.381790 176.551117 173.991577 -177.057846 163.271637 174.421066 -178.085373 0.000002 3.858633 0.997202 179.999985 175.498260 -178.967178 172.924591 176.632950 -179.796509 9.926193 -8.723862 5.349649 39.600990 -45.445316 59.637905 55.133194 -16.826889 -5.227024 8.553199 -33.338654 -44.545830 68.263893 50.521122 30.075874 0.000001 0.000003 46.519218 0.000000 -0.000000 22.945076 0.000000 -0.000000 0.000000 15.000008 0.000003 70.231590 0.000000 -0.000000 57.462196 0.000004 0.000002 43.096649 0.000000 -0.000000 0.000000 180.000000 179.999985 -91.000000 0.000001 0.000005 109.652145 0.000000 -0.000000 80.000000 0.000000 -0.000000 0.000000 170.000000 -180.000000 -91.000000 0.000003 0.000002 110.000000 180.000000 179.999985 -99.999992 0.000000 -0.000000 0.000000 160.000000 180.000000 -120.811180 0.000001 0.000001 88.783211 180.000000 -179.999985 -120.870384 6.267951 -5.441487 -8.407389 150.821976 169.584381 110.889267 160.487656 -170.808899 178.641144 179.980133 -143.003616 -171.502808 113.276436 123.428391 153.402237 0.000002 0.000001 -35.973854 0.000000 -0.000002 -12.986927 0.000000 -0.000000 0.000000 165.000015 -179.999985 142.390594 0.000003 0.000003 -30.771334 180.000000 180.000000 158.460068 0.000000 -0.000000 0.000000 0.000001 0.000003 -32.744892 0.000003 0.000003 -49.117336 0.000003 0.000001 -32.712147 0.000000 -0.000000 0.000000 9.999998 -0.000002 -31.383221 0.000003 0.000001 -47.074825 180.000000 180.000000 148.648163 0.000000 -0.000000 0.000000 19.999994 0.000000 -33.917118 0.000002 0.000003 -50.875679 0.000000 -0.000002 -33.883198
-183.313385 4.712542 283.424438 122.918465 179.547791 179.168198 165.472046 -179.248978 177.856384 36.622623 -0.876696 0.755568 173.461700 -179.470551 -173.707809 147.142166 -178.371094 179.440674 19.068398 8.479225 -2.488190 60.608177 -12.461026 -0.124302 176.548874 173.953583 -178.376526 176.552780 173.988419 -177.049072 163.277618 174.414993 -178.074631 180.000000 176.144073 -179.002380 0.000001 4.498583 1.033243 172.946564 176.635315 -179.794693 9.958512 -8.745372 5.368154 39.447884 -45.756542 60.068249 55.432068 -17.237209 -5.434346 9.239353 -34.707592 -44.464977 67.354759 49.980583 28.830673 0.000000 -0.000000 46.676666 0.000003 -0.000001 23.103071 0.000000 -0.000000 0.000000 15.000002 0.000003 70.091034 0.000000 -0.000000 57.347218 0.000002 -0.000001 43.010410 0.000000 -0.000000 0.000000 0.000001 0.000001 89.000008 0.000002 -0.000000 108.400635 180.000000 179.999985 -100.000015 0.000000 -0.000000 0.000000 170.000000 -180.000000 -91.000000 180.000000 179.999985 -69.999985 180.000000 -180.000000 -100.000008 0.000000 -0.000000 0.000000 160.000015 -179.999985 -122.737984 180.000000 -180.000000 -94.106995 180.000000 180.000000 -122.795258 6.284938 -5.440681 -8.411422 150.759384 169.614807 110.872009 160.471252 -170.818771 178.653381 179.944946 -143.004623 -171.465805 113.253967 123.415451 153.380844 180.000000 179.999985 144.044250 180.000000 -179.999985 167.022125 0.000000 -0.000000 0.000000 165.000015 -180.000000 142.372650 180.000000 179.999985 149.214005 180.000000 180.000000 158.449799 0.000000 -0.000000 0.000000 180.000000 -180.000000 147.248627 180.000000 179.999985 130.872940 0.000003 0.000001 -32.718616 0.000000 -0.000000 0.000000 9.999999 -0.000002 -31.389957 180.000000 -180.000000 132.915085 180.000000 180.000000 148.641449 0.000000 -0.000000 0.000000 19.999998 0.000001 -33.929031 180.000000 -180.000000 129.106445 0.000000 0.000000 -33.895107
-183.315842 4.712356 283.427582 122.918465 179.547791 179.168198 165.453735 -179.266586 177.869949 36.648487 -0.877365 0.736239 173.455856 -179.468719 -173.719406 147.147202 -178.388290 179.459229 19.076845 8.489559 -2.503404 60.613079 -12.463250 -0.153106 176.552979 173.950546 -178.371414 176.556900 173.985336 -177.040726 163.295120 174.409805 -178.062851 0.000004 3.855495 1.001525 180.000000 175.501923 -178.962708 172.953110 176.635452 -179.791855 9.977251 -8.769059 5.378252 39.246288 -46.055191 60.506336 55.816460 -17.831026 -5.675137 10.142087 -36.414501 -44.358013 69.568794 50.817822 31.477863 0.000002 -0.000001 46.086201 0.000007 -0.000001 22.446651 0.000000 -0.000000 0.000000 15.000004 0.000003 70.054474 0.000000 -0.000000 57.317295 0.000000 -0.000004 42.987957 0.000000 -0.000000 0.000000 180.000000 -179.999985 -91.000000 0.000004 0.000001 107.252899 180.000000 179.999985 -100.000008 0.000000 -0.000000 0.000000 170.000000 -179.999985 -91.000000 0.000004 0.000001 110.000000 0.000001 0.000001 80.000000 0.000000 -0.000000 0.000000 160.000015 -180.000000 -123.832085 180.000000 179.999985 -95.748116 0.000002 -0.000001 56.111752 6.292886 -5.443555 -8.420724 150.691666 169.648041 110.860497 160.458496 -170.824753 178.665543 179.896698 -143.013916 -171.406723 113.310249 123.417816 153.439209 180.000000 179.999985 144.040726 0.000002 0.000002 -12.979633 0.000000 -0.000000 0.000000 165.000015 179.999985 142.360794 0.000004 -0.000001 -30.795704 180.000000 180.000000 158.442993 0.000000 -0.000000 0.000000 0.000003 0.000003 -32.758160 180.000000 -179.999985 130.862762 0.000000 -0.000001 -32.725395 0.000000 -0.000000 0.000000 10.000003 -0.000003 -31.400368 0.000006 0.000004 -47.100559 0.000000 0.000000 -31.368961 0.000000 -0.000000 0.000000 19.999998 0.000004 -33.952038 180.000000 180.000000 129.071945 0.000004 0.000000 -33.918087
-183.318268 4.712377 283.430725 122.918465 179.547791 179.168198 165.450485 -179.287003 177.882980 36.669476 -0.875007 0.712683 173.439804 -179.462830 -173.727615 147.180679 -178.407608 179.482346 19.076725 8.502174 -2.524812 60.619144 -12.469712 -0.186519 176.558823 173.948502 -178.368011 176.562744 173.983353 -177.035400 163.321442 174.407333 -178.053314 180.000000 176.141556 -178.990585 0.000002 4.501506 1.045466 172.957062 176.632446 -179.787064 9.993664 -8.793334 5.393520 38.974884 -46.371815 60.979759 56.105957 -18.286596 -5.870055 10.909943 -37.804115 -44.250744 69.907875 50.757381 31.753218 180.000000 -179.999985 -134.047531 0.000003 -0.000004 22.282404 180.000000 -179.999985 -180.000000 15.000000 -0.000003 70.007431 180.000000 180.000000 -122.721191 0.000002 -0.000004 42.959095 180.000000 -179.999985 -180.000000 180.000000 -179.999985 -91.000008 0.000001 -0.000001 106.003365 180.000000 180.000000 -100.497459 180.000000 -179.999985 -180.000000 170.000000 -180.000000 -91.000008 180.000000 180.000000 -70.000015 180.000000 179.999985 -100.000008 180.000000 -179.999985 -180.000000 160.000015 -179.999985 -125.021545 0.000000 -0.000000 82.467705 0.000002 -0.000001 54.923492 6.303596 -5.448253 -8.427611 150.618286 169.677444 110.849876 160.434387 -170.832108 178.681183 179.864487 -143.023178 -171.340378 113.309639 123.397217 153.442001 180.000000 -180.000000 144.069656 0.000000 0.000000 -12.965178 0.000000 -0.000000 0.000000 165.000015 179.999985 142.355576 0.000003 0.000001 -30.799973 0.000003 0.000002 -21.559978 0.000000 -0.000000 0.000000 0.000001 0.000003 -32.774479 180.000000 -180.000000 130.838287 0.000000 0.000000 -32.741699 0.000000 -0.000000 0.000000 10.000002 0.000003 -31.413605 180.000000 179.999985 132.879578 180.000000 -180.000000 148.617813 0.000000 -0.000000 0.000000 20.000002 -0.000002 -33.978279 0.000000 -0.000001 -50.967426 180.000000 180.000000 146.055679
-183.320694 4.712596 283.433807 122.918465 179.547791 179.168198 165.456711 -179.309143 177.896881 36.690105 -0.869719 0.686671 173.415421 -179.455154 -173.736572 147.232941 -178.424332 179.504166 19.070747 8.514069 -2.546698 60.625088 -12.476939 -0.218786 176.566559 173.947098 -178.365616 176.570480 173.982071 -177.031906 163.357162 174.406784 -178.044617 180.000000 176.138290 -178.981522 180.000000 175.494659 -178.945129 172.947678 176.629044 -179.782364 10.010131 -8.819840 5.414551 38.643303 -46.726002 61.515041 56.347157 -18.666775 -6.069280 11.486664 -38.891460 -44.092594 72.847427 51.911530 35.387135 0.000001 0.000003 45.281960 180.000000 180.000000 -158.427902 0.000000 -0.000000 0.000000 15.000002 -0.000003 69.806580 0.000000 -0.000000 57.114487 0.000003 0.000003 42.835850 0.000000 -0.000000 0.000000 180.000000 179.999985 -91.000000 180.000000 179.999985 -75.577850 180.000000 179.999985 -101.683395 0.000000 -0.000000 0.000000 170.000000 180.000000 -90.999985 180.000000 -179.999985 -69.999985 0.000003 -0.000002 79.999985 0.000000 -0.000000 0.000000 160.000015 179.999985 -126.083450 0.000000 -0.000000 80.874825 180.000000 -180.000000 -126.137367 6.316929 -5.455400 -8.431093 150.542191 169.712448 110.840714 160.399033 -170.843094 178.694809 179.833359 -143.027802 -171.246979 113.363556 123.365158 153.497055 180.000000 -180.000000 144.101395 0.000004 -0.000001 -12.949315 0.000000 -0.000002 0.000000 165.000015 -180.000000 142.345917 180.000000 179.999985 149.192108 0.000000 0.000000 -21.565523 0.000000 -0.000002 0.000000 0.000001 -0.000003 -32.791332 180.000000 -179.999985 130.813004 180.000000 -179.999985 147.241455 0.000000 -0.000002 0.000000 10.000002 -0.000001 -31.438025 180.000000 -180.000000 132.842987 0.000000 -0.000001 -31.406572 0.000000 -0.000002 0.000000 20.000002 -0.000003 -34.013252 180.000000 180.000000 128.980118 0.000003 0.000001 -33.979244
-183.323105 4.713028 283.436890 122.918465 179.547791 179.168198 165.515228 -179.319901 177.898376 36.664139 -0.860160 0.677239 173.385712 -179.448837 -173.748184 147.312393 -178.439331 179.522278 19.056982 8.522296 -2.565620 60.631001 -12.483506 -0.251205 176.576431 173.946655 -178.363541 176.580353 173.981842 -177.029099 163.402985 174.407822 -178.035172 179.999985 176.134277 -178.974503 180.000000 175.489990 -178.937881 172.933594 176.625137 -179.779297 10.009853 -8.841443 5.432451 38.312321 -47.043636 62.003746 56.658054 -19.175257 -6.299270 11.850575 -39.627148 -43.841618 71.660736 51.361385 33.827843 180.000000 -179.999985 -134.532761 0.000003 -0.000001 21.753588 0.000000 -0.000000 0.000000 14.999999 -0.000001 69.739655 180.000000 180.000000 -122.940277 180.000000 -179.999985 -137.205215 0.000000 -0.000000 0.000000 0.000001 0.000001 88.999985 0.000001 -0.000001 103.033539 180.000000 179.999985 -102.724838 0.000000 -0.000000 0.000000 170.000000 -180.000000 -91.000000 180.000000 180.000000 -70.000008 0.000002 -0.000004 80.000008 0.000000 -0.000000 0.000000 160.000015 -180.000000 -126.703247 180.000000 -180.000000 -100.054871 0.000005 0.000002 53.243462 6.318705 -5.464999 -8.437503 150.475647 169.751541 110.837219 160.368515 -170.855698 178.701813 179.776535 -143.027573 -171.119400 113.442726 123.377029 153.577820 0.000000 -0.000007 -35.915264 0.000003 0.000000 -12.957634 0.000000 0.000002 0.000000 165.000000 180.000000 142.306534 0.000001 -0.000003 -30.840103 0.000000 0.000000 -21.588074 0.000000 0.000002 0.000000 0.000002 -0.000000 -32.824894 180.000000 180.000000 130.762680 180.000000 180.000000 147.207932 0.000000 0.000002 0.000000 10.000003 0.000000 -31.474407 180.000000 -180.000000 132.788406 180.000000 -180.000000 148.557083 0.000000 0.000002 0.000000 20.000004 -0.000006 -34.079739 180.000000 -180.000000 128.880386 180.000000 -180.000000 145.954346
-183.325500 4.713666 283.439972 122.918465 179.547791 179.168198 165.571259 -179.330215 177.899139 36.649544 -0.850747 0.665313 173.347778 -179.442764 -173.756561 147.414215 -178.452789 179.539978 19.039259 8.533102 -2.583334 60.637592 -12.491549 -0.287005 176.586044 173.946655 -178.362061 176.589935 173.982056 -177.027298 163.447861 174.409622 -178.026932 180.000000 176.130646 -178.969650 0.000002 4.514248 1.067149 172.935089 176.621719 -179.776581 10.012422 -8.860097 5.451659 37.976841 -47.342331 62.459995 56.881264 -19.540144 -6.468782 12.325005 -40.470310 -43.663784 72.374321 51.576782 34.638416 0.000000 -0.000004 45.229050 180.000000 180.000000 -158.505753 0.000000 -0.000000 0.000001 15.000008 -0.000003 69.604713 0.000000 -0.000000 56.949303 0.000002 -0.000001 42.711990 0.000000 -0.000000 0.000001 180.000000 180.000000 -91.000000 0.000001 -0.000001 101.482338 180.000000 180.000000 -103.888237 0.000000 -0.000000 0.000001 170.000000 -179.999985 -91.000000 0.000004 0.000003 110.000015 180.000000 -180.000000 -100.000008 0.000000 -0.000000 0.000001 160.000015 180.000000 -127.400749 0.000003 -0.000002 78.898880 0.000000 -0.000000 52.546650 6.328448 -5.477296 -8.440650 150.413055 169.787781 110.831764 160.326340 -170.862930 178.705841 179.732178 -143.028687 -170.987823 113.509087 123.369568 153.648834 180.000000 -179.999985 144.096191 180.000000 180.000000 167.048096 0.000000 0.000002 0.000003 165.000015 179.999985 142.267807 180.000000 180.000000 149.128204 0.000000 0.000000 -21.610260 0.000000 0.000002 0.000003 0.000001 0.000001 -32.870338 180.000000 180.000000 130.694489 0.000003 0.000002 -32.837475 0.000000 0.000002 0.000003 10.000004 -0.000000 -31.520668 0.000000 -0.000000 -47.281017 0.000003 0.000001 -31.489149 0.000000 0.000002 0.000003 20.000000 -0.000004 -34.149796 180.000000 -179.999985 128.775299 0.000003 0.000002 -34.115654
-183.327927 4.714464 283.443146 122.918465 179.547791 179.168198 165.653839 -179.351257 177.900726 36.617222 -0.845519 0.642889 173.301468 -179.435455 -173.761276 147.514496 -178.461746 179.552902 19.018791 8.545385 -2.597413 60.643753 -12.499604 -0.320094 176.596512 173.947754 -178.361160 176.600403 173.983383 -177.026581 163.497116 174.412918 -178.019180 0.000001 3.871994 1.033677 180.000000 175.482666 -178.929413 172.932144 176.619247 -179.774963 10.000624 -8.873627 5.471643 37.645821 -47.641628 62.919670 57.033592 -19.738764 -6.594750 12.653103 -41.079109 -43.525677 72.724525 51.698341 35.025414 0.000000 -0.000000 45.071579 0.000001 0.000007 21.324919 0.000000 -0.000000 0.000000 15.000002 -0.000002 69.434593 180.000000 180.000000 -123.189880 0.000001 0.000003 42.607597 0.000000 -0.000000 0.000000 0.000002 -0.000002 89.000000 180.000000 -180.000000 -79.994278 0.000001 0.000001 75.004288 0.000000 -0.000000 0.000000 170.000000 180.000000 -90.999985 0.000002 0.000001 110.000015 0.000001 0.000001 79.999985 0.000000 -0.000000 0.000000 160.000015 -180.000000 -127.928680 0.000001 0.000001 78.106979 180.000000 -180.000000 -127.980751 6.341505 -5.486394 -8.438859 150.348587 169.825150 110.826485 160.268784 -170.870850 178.709641 179.702148 -143.022934 -170.857147 113.510262 123.382111 153.655029 0.000006 0.000002 -35.907310 0.000002 0.000000 -12.953650 0.000000 -0.000000 0.000000 165.000015 179.999985 142.217682 180.000000 -180.000000 149.087204 0.000000 0.000000 -21.638966 0.000000 -0.000000 0.000000 180.000000 180.000000 147.083282 180.000000 180.000000 130.624939 0.000003 0.000001 -32.883797 0.000000 -0.000000 0.000000 10.000004 -0.000002 -31.566778 180.000000 180.000000 132.649826 0.000000 0.000000 -31.535210 0.000000 -0.000000 0.000000 20.000002 -0.000000 -34.218044 0.000000 -0.000001 -51.327068 0.000001 -0.000002 -34.183830
-183.330338 4.715318 283.446289 122.918465 179.547791 179.168198 165.747604 -179.376434 177.903519 36.569466 -0.845217 0.617792 173.259399 -179.433670 -173.769791 147.614395 -178.467468 179.564331 18.995075 8.559383 -2.608371 60.649807 -12.504869 -0.354229 176.605927 173.948792 -178.360382 176.609818 173.984650 -177.025970 163.541443 174.415985 -178.012238 0.000001 3.872595 1.035628 0.000007 4.518033 1.072612 172.923401 176.618576 -179.774338 10.002532 -8.890306 5.485373 37.367813 -47.866043 63.280315 57.254421 -20.029873 -6.758478 12.865791 -41.512623 -43.408966 73.363747 51.993904 35.834270 180.000000 -179.999985 -135.091843 180.000000 -179.999985 -158.840500 0.000000 -0.000000 0.000000 15.000000 -0.000001 69.345894 0.000004 -0.000000 56.737556 0.000002 0.000001 42.553154 0.000000 -0.000000 0.000000 0.000000 -0.000000 89.000000 0.000001 -0.000001 98.569801 0.000000 -0.000000 73.927338 0.000000 -0.000000 0.000000 170.000000 -180.000000 -91.000000 0.000001 0.000000 110.000015 180.000000 -180.000000 -100.000015 0.000000 -0.000000 0.000000 160.000015 179.999985 -128.290817 180.000000 -180.000000 -102.436203 0.000001 -0.000006 51.657482 6.351709 -5.492228 -8.436272 150.300186 169.868744 110.827049 160.222031 -170.883743 178.708267 179.653503 -143.016724 -170.723297 113.494705 123.407417 153.636719 180.000000 -180.000000 144.061371 0.000000 -0.000002 -12.969322 0.000000 -0.000000 0.000000 165.000000 179.999985 142.158951 0.000000 0.000000 -30.960857 0.000003 0.000001 -21.672600 0.000000 -0.000000 0.000000 0.000001 0.000001 -32.961678 0.000002 0.000004 -49.442513 180.000000 -180.000000 147.071274 0.000000 -0.000000 0.000000 9.999997 0.000000 -31.610945 180.000000 -180.000000 132.583588 180.000000 -180.000000 148.420670 0.000000 -0.000000 0.000000 20.000002 -0.000002 -34.284508 0.000003 0.000002 -51.426765 0.000001 -0.000002 -34.250221
-183.332794 4.716113 283.449432 122.918465 179.547791 179.168198 165.852203 -179.407379 177.906570 36.510628 -0.849520 0.586327 173.217346 -179.431549 -173.774384 147.722946 -178.473114 179.576385 18.972151 8.577497 -2.619651 60.656784 -12.512913 -0.392417 176.618042 173.950897 -178.360214 176.621902 173.987045 -177.026642 163.598770 174.421158 -178.004898 0.000004 3.871488 1.035510 180.000000 175.483276 -178.927521 172.922073 176.619522 -179.774384 9.986857 -8.903477 5.494787 37.102699 -48.048656 63.600044 57.447777 -20.284090 -6.887964 13.270062 -42.128986 -43.455578 72.936066 52.024830 35.336647 180.000000 -179.999985 -135.144852 0.000003 -0.000004 21.113705 0.000000 -0.000000 0.000000 15.000000 0.000003 69.223816 0.000003 -0.000002 56.637661 0.000001 -0.000000 42.478241 0.000000 -0.000000 0.000000 0.000005 0.000000 89.000008 180.000000 -180.000000 -83.015884 0.000004 -0.000001 72.738083 0.000000 -0.000000 0.000000 170.000000 179.999985 -91.000000 0.000001 -0.000002 110.000015 180.000000 -180.000000 -99.999992 0.000000 -0.000000 0.000000 160.000015 180.000000 -128.935913 180.000000 -179.999985 -103.403870 0.000002 -0.000001 51.013035 6.342837 -5.492918 -8.432387 150.253281 169.901566 110.830765 160.171509 -170.895523 178.709869 179.626480 -143.013596 -170.622925 113.449547 123.411560 153.591507 0.000001 -0.000001 -35.939178 0.000002 -0.000002 -12.969587 0.000000 -0.000000 0.000000 165.000015 180.000000 142.100204 0.000003 0.000003 -31.008932 180.000000 -180.000000 158.293747 0.000000 -0.000000 0.000000 180.000000 -179.999985 147.002686 0.000003 0.000002 -49.495987 180.000000 -179.999985 147.035675 0.000000 -0.000000 0.000000 10.000001 -0.000001 -31.644508 180.000000 -179.999985 132.533234 0.000000 -0.000000 -31.612862 0.000000 -0.000000 0.000000 19.999992 0.000004 -34.334354 0.000000 -0.000001 -51.501549 0.000004 0.000000 -34.300034
-183.335251 4.716728 283.452545 122.918465 179.547791 179.168198 165.942337 -179.437790 177.907684 36.469387 -0.852442 0.555066 173.172089 -179.426468 -173.776337 147.813187 -178.477890 179.585159 18.954824 8.594167 -2.628394 60.663261 -12.519916 -0.428117 176.630203 173.952957 -178.360184 176.634064 173.989395 -177.027527 163.656357 174.426407 -177.997757 180.000000 176.131180 -178.965042 180.000000 175.486389 -178.928070 172.911163 176.621811 -179.775085 9.980993 -8.920074 5.501246 36.774883 -48.246311 63.968948 57.630112 -20.525396 -7.004223 13.565722 -42.548088 -43.490860 72.805305 52.006466 35.111416 0.000002 -0.000001 44.722034 0.000000 -0.000000 20.970331 0.000000 -0.000000 0.000000 15.000008 -0.000000 69.137192 0.000001 -0.000002 56.566761 180.000000 -180.000000 -137.574921 0.000000 -0.000000 0.000000 0.000002 -0.000002 89.000008 0.000001 -0.000001 95.632973 0.000000 -0.000000 71.724731 0.000000 -0.000000 0.000000 170.000000 180.000000 -91.000000 0.000002 -0.000000 110.000015 0.000004 -0.000006 80.000008 0.000000 -0.000000 0.000000 160.000000 180.000000 -129.275803 0.000002 -0.000003 76.086296 180.000000 -180.000000 -129.326538 6.343350 -5.497427 -8.430886 150.203079 169.926422 110.835785 160.117889 -170.905945 178.712296 179.621399 -143.024277 -170.546127 113.469521 123.398636 153.606781 0.000000 0.000000 -35.936478 180.000000 -179.999985 167.031769 0.000000 -0.000000 0.000000 165.000000 -180.000000 142.072723 0.000000 -0.000002 -31.031404 0.000000 0.000000 -21.721991 0.000000 -0.000000 0.000000 0.000003 0.000003 -33.014828 180.000000 180.000000 130.477753 180.000000 -179.999985 147.018204 0.000000 -0.000000 0.000000 10.000002 -0.000003 -31.665525 0.000001 -0.000001 -47.498287 180.000000 180.000000 148.366150 0.000000 -0.000000 0.000000 20.000000 -0.000003 -34.352448 0.000002 0.000003 -51.528664 0.000003 0.000003 -34.318092
-183.337738 4.717095 283.455688 122.918465 179.547791 179.168198 166.032486 -179.468185 177.908859 36.419178 -0.855907 0.524230 173.135086 -179.422012 -173.778656 147.893143 -178.484833 179.593002 18.943119 8.609101 -2.638665 60.669853 -12.529456 -0.462944 176.643417 173.955734 -178.360031 176.647263 173.992493 -177.028305 163.718948 174.432434 -177.989700 0.000003 3.866087 1.031475 0.000005 4.510435 1.068311 172.891785 176.624298 -179.778091 9.950890 -8.931195 5.503971 36.468468 -48.418934 64.302269 57.877369 -20.853371 -7.179563 13.783901 -42.842178 -43.506466 73.708397 52.231384 36.174023 0.000001 0.000003 44.544003 0.000003 -0.000001 20.779005 0.000000 -0.000000 0.000000 15.000002 -0.000001 69.089363 180.000000 179.999985 -123.472336 0.000001 -0.000000 42.395741 0.000000 -0.000000 0.000000 0.000000 -0.000000 88.999985 0.000001 0.000002 94.223251 0.000002 0.000003 70.667450 0.000000 -0.000000 0.000000 170.000000 180.000000 -91.000000 180.000000 179.999985 -69.999985 0.000000 -0.000000 80.000008 0.000000 -0.000000 0.000000 160.000015 -180.000000 -129.261337 0.000000 0.000003 76.107994 0.000001 0.000002 50.687923 6.326799 -5.501794 -8.431245 150.171860 169.951614 110.846504 160.083710 -170.926590 178.708786 179.608261 -143.030136 -170.470459 113.513832 123.405235 153.645538 180.000000 179.999985 144.041397 0.000001 0.000004 -12.979300 0.000000 -0.000000 0.000000 165.000015 -179.999985 142.048981 180.000000 179.999985 148.949173 0.000003 0.000002 -21.735580 0.000000 -0.000000 0.000000 0.000000 -0.000001 -33.018162 0.000004 0.000000 -49.527233 0.000006 0.000003 -32.985134 0.000000 -0.000000 0.000000 10.000001 -0.000002 -31.666840 180.000000 180.000000 132.499741 180.000000 -180.000000 148.364822 0.000000 -0.000000 0.000000 20.000004 -0.000002 -34.352364 180.000000 -180.000000 128.471436 0.000003 0.000001 -34.318024
-183.340256 4.717203 283.458771 122.918465 179.547791 179.168198 166.103821 -179.504807 177.906906 36.379097 -0.867232 0.493862 173.106445 -179.414719 -173.780441 147.973022 -178.493835 179.601364 18.932322 8.621497 -2.649972 60.676163 -12.539907 -0.495477 176.654877 173.959167 -178.359985 176.658691 173.996185 -177.029129 163.773346 174.438400 -177.982651 180.000000 176.137177 -178.978241 180.000000 175.493378 -178.941742 172.892471 176.627686 -179.783707 9.932306 -8.940575 5.505980 36.117317 -48.608707 64.657234 58.067551 -21.096819 -7.317955 14.113803 -43.210735 -43.595867 74.415459 52.327698 36.932125 180.000000 180.000000 -135.664505 180.000000 180.000000 -159.450775 0.000000 -0.000000 0.000000 15.000002 -0.000001 69.032837 0.000002 -0.000001 56.481419 180.000000 -180.000000 -137.638947 0.000000 -0.000000 0.000000 180.000000 -180.000000 -91.000008 0.000001 0.000001 92.864113 180.000000 -180.000000 -110.351913 0.000000 -0.000000 0.000000 170.000000 -179.999985 -91.000000 180.000000 -180.000000 -70.000008 0.000000 -0.000005 80.000008 0.000000 -0.000000 0.000000 160.000000 180.000000 -129.221603 0.000001 -0.000001 76.167595 180.000000 -180.000000 -129.272369 6.318816 -5.511036 -8.434661 150.146225 169.962982 110.854599 160.062164 -170.940567 178.709503 179.608185 -143.043152 -170.419479 113.623596 123.392342 153.748917 0.000002 0.000001 -35.967125 0.000002 -0.000002 -12.983563 0.000000 -0.000000 0.000000 165.000015 -180.000000 142.053406 180.000000 -180.000000 148.952789 0.000000 0.000000 -21.733053 0.000000 -0.000000 0.000000 180.000000 -180.000000 146.969070 180.000000 180.000000 130.453613 0.000003 0.000002 -32.997890 0.000000 -0.000000 0.000000 9.999999 -0.000000 -31.663675 180.000000 -179.999985 132.504501 180.000000 -180.000000 148.367996 0.000000 -0.000000 0.000000 20.000002 -0.000004 -34.368671 0.000004 -0.000000 -51.552982 0.000000 -0.000001 -34.334301
-183.342773 4.717092 283.461823 122.918465 179.547791 179.168198 166.152100 -179.539688 177.904327 36.360580 -0.878526 0.463319 173.079224 -179.404816 -173.778534 148.036072 -178.503296 179.607178 18.928629 8.630294 -2.659567 60.681614 -12.550547 -0.522609 176.668518 173.964554 -178.360138 176.672302 174.001862 -177.030579 163.838364 174.446594 -177.974472 180.000000 176.139404 -178.988693 180.000000 175.495987 -178.952576 172.886902 176.630234 -179.790237 9.904619 -8.947749 5.512041 35.703514 -48.833252 65.054482 58.218113 -21.290506 -7.450579 14.333970 -43.468567 -43.616776 74.063408 52.252422 36.484390 0.000004 0.000002 44.328403 0.000000 -0.000000 20.541765 0.000002 -0.000000 0.000000 15.000002 -0.000000 68.982674 0.000002 -0.000001 56.440365 180.000000 180.000000 -137.669724 0.000002 -0.000000 0.000000 180.000000 179.999985 -91.000000 180.000000 -180.000000 -88.279472 0.000002 0.000000 68.790390 0.000002 -0.000000 0.000000 170.000000 -179.999985 -91.000000 180.000000 180.000000 -70.000008 180.000000 179.999985 -100.000015 0.000002 -0.000000 0.000000 160.000015 -179.999985 -129.406494 0.000001 -0.000002 75.890228 180.000000 179.999985 -129.457077 6.298129 -5.523154 -8.437778 150.127365 169.963669 110.859177 160.046875 -170.947876 178.715073 179.631699 -143.056702 -170.390228 113.702263 123.425156 153.838577 0.000000 0.000000 -35.987144 0.000002 -0.000002 -12.993573 0.000000 -0.000000 0.000000 165.000015 -179.999985 142.041077 180.000000 -179.999985 148.942719 180.000000 -180.000000 158.259903 0.000000 -0.000000 0.000000 0.000001 0.000002 -33.037117 180.000000 -179.999985 130.444321 180.000000 180.000000 146.995911 0.000000 -0.000000 0.000000 10.000000 0.000004 -31.677250 0.000004 0.000000 -47.515865 180.000000 -180.000000 148.354431 0.000000 -0.000000 0.000000 20.000004 -0.000001 -34.367264 180.000000 180.000000 128.449081 180.000000 180.000000 145.667084
-183.345322 4.716859 283.464844 122.918465 179.547791 179.168198 166.180054 -179.567078 177.900650 36.353001 -0.888190 0.441119 173.061584 -179.397644 -173.780167 148.085464 -178.511932 179.612061 18.930183 8.638539 -2.668064 60.686565 -12.559643 -0.547429 176.678543 173.971619 -178.360565 176.682312 174.009094 -177.032242 163.886642 174.454987 -177.968445 179.999985 176.139267 -179.000595 0.000004 4.504191 1.035092 172.888489 176.630859 -179.797485 9.887809 -8.947179 5.519514 35.308411 -49.052731 65.424820 58.407993 -21.560965 -7.633337 14.441557 -43.566296 -43.550110 74.368698 52.371822 36.889904 0.000004 0.000006 44.312271 0.000004 0.000003 20.529163 0.000000 -0.000000 0.000000 15.000000 -0.000001 68.897751 0.000002 -0.000001 56.370876 180.000000 180.000000 -137.721832 0.000000 -0.000000 0.000000 0.000000 -0.000000 88.999985 0.000002 0.000003 90.362419 180.000000 -179.999985 -112.228188 0.000000 -0.000000 0.000000 170.000000 -180.000000 -91.000000 0.000001 0.000001 110.000015 180.000000 180.000000 -100.000008 0.000000 -0.000000 0.000000 160.000015 -179.999985 -129.452606 180.000000 -180.000000 -104.178902 0.000000 0.000001 50.496872 6.289451 -5.532421 -8.441696 150.135025 169.968338 110.867287 160.048416 -170.964874 178.712311 179.658142 -143.057404 -170.372574 113.695961 123.459190 153.841095 180.000000 -180.000000 143.994415 0.000000 -0.000002 -13.002790 0.000000 -0.000000 0.000000 165.000015 -180.000000 142.012726 0.000001 0.000002 -31.080500 180.000000 -179.999985 158.243652 0.000000 -0.000000 0.000000 0.000001 0.000003 -33.054893 180.000000 -180.000000 130.417648 180.000000 -180.000000 146.978165 0.000000 -0.000000 0.000000 10.000000 -0.000003 -31.689657 180.000000 -179.999985 132.465515 0.000000 -0.000001 -31.657970 0.000000 -0.000000 0.000000 19.999998 0.000003 -34.386784 180.000000 -179.999985 128.419830 0.000004 0.000000 -34.352406
-183.347870 4.716635 283.467834 122.918465 179.547791 179.168198 166.209030 -179.612198 177.897232 36.336079 -0.917548 0.408895 173.051636 -179.393707 -173.780869 148.136032 -178.518997 179.619064 18.932116 8.653879 -2.678938 60.692188 -12.573204 -0.573684 176.686264 173.979050 -178.361374 176.690048 174.016663 -177.034439 163.924301 174.463226 -177.964386 180.000000 176.139709 -179.014206 180.000000 175.496323 -178.979004 172.910675 176.632187 -179.804504 9.876483 -8.949115 5.527355 34.922977 -49.276203 65.774208 58.513821 -21.715702 -7.759948 14.688706 -43.750156 -43.596287 74.594955 52.441132 37.139221 0.000002 -0.000001 44.217762 180.000000 179.999985 -159.570221 0.000000 -0.000000 0.000001 14.999999 0.000002 68.814583 180.000000 180.000000 -123.697144 180.000000 179.999985 -137.772873 0.000000 -0.000000 0.000001 0.000001 -0.000004 89.000000 0.000001 0.000002 89.184959 0.000000 -0.000000 66.888718 0.000000 -0.000000 0.000001 170.000000 180.000000 -91.000000 180.000000 -179.999985 -71.855598 0.000000 -0.000000 80.000000 0.000000 -0.000000 0.000001 160.000015 -179.999985 -129.467148 180.000000 180.000000 -104.200722 180.000000 180.000000 -129.517685 6.286819 -5.542320 -8.442331 150.147446 169.965927 110.870781 160.060318 -170.970474 178.712708 179.694046 -143.059967 -170.381439 113.728149 123.497841 153.884354 0.000001 0.000000 -36.027775 0.000002 0.000000 -13.013891 0.000000 -0.000000 0.000000 165.000000 180.000000 141.997635 0.000000 -0.000002 -31.092838 0.000004 -0.000001 -21.764986 0.000000 -0.000000 0.000000 0.000001 0.000004 -33.065952 0.000003 0.000001 -49.598938 0.000000 -0.000001 -33.032890 0.000000 -0.000000 0.000000 10.000004 -0.000004 -31.698803 0.000000 -0.000000 -47.548214 0.000003 0.000000 -31.667110 0.000000 -0.000000 0.000000 20.000002 -0.000002 -34.402176 180.000000 -179.999985 128.396744 0.000003 0.000003 -34.367779
-183.350464 4.716500 283.470856 122.918465 179.547791 179.168198 166.238007 -179.657303 177.893829 36.315529 -0.949594 0.377723 173.045273 -179.391174 -173.781845 148.177170 -178.522629 179.625259 18.929110 8.672815 -2.687658 60.697235 -12.585015 -0.597414 176.692474 173.988800 -178.362961 176.696228 174.026474 -177.037872 163.955185 174.473160 -177.962250 180.000000 176.137360 -179.024750 179.999985 175.493591 -178.989914 172.930618 176.630936 -179.810059 9.880487 -8.954713 5.535755 34.541218 -49.503956 66.101532 58.568188 -21.792524 -7.866239 14.846468 -43.898071 -43.604923 75.182068 52.505459 37.783772 0.000002 0.000003 44.085560 0.000000 -0.000000 20.283428 0.000000 -0.000000 0.000000 15.000000 0.000001 68.771461 0.000000 -0.000000 56.267548 180.000000 180.000000 -137.799332 0.000000 -0.000000 0.000000 180.000000 179.999985 -91.667404 0.000002 0.000000 88.332611 0.000002 0.000000 66.249458 0.000000 -0.000000 0.000000 170.000000 179.999985 -90.999985 180.000000 180.000000 -74.890198 180.000000 179.999985 -101.167656 0.000000 -0.000000 0.000000 160.000015 179.999985 -129.300507 0.000000 -0.000000 76.049240 0.000002 -0.000001 50.648792 6.290462 -5.549709 -8.440287 150.164108 169.957352 110.869751 160.080078 -170.973541 178.713516 179.739563 -143.065628 -170.419250 113.690186 123.539787 153.853500 0.000000 0.000002 -36.055515 0.000001 -0.000005 -13.027760 0.000000 -0.000000 0.000000 165.000015 -179.999985 141.972168 0.000004 0.000005 -31.113680 180.000000 179.999985 158.220428 0.000000 -0.000000 0.000000 0.000001 0.000003 -33.069363 0.000002 0.000004 -49.604042 0.000001 -0.000002 -33.036301 0.000000 -0.000000 0.000000 9.999999 -0.000003 -31.698730 180.000000 180.000000 132.451904 0.000000 -0.000000 -31.667032 0.000000 -0.000000 0.000000 20.000004 0.000001 -34.391788 0.000003 0.000001 -51.587692 0.000004 -0.000001 -34.357407
-183.353073 4.716481 283.473877 122.918465 179.547791 179.168198 166.255417 -179.700287 177.890991 36.302357 -0.984513 0.349051 173.043213 -179.392761 -173.785812 148.211792 -178.523972 179.630554 18.928186 8.699048 -2.693664 60.703110 -12.599115 -0.624855 176.698212 174.001114 -178.365509 176.701935 174.038849 -177.043015 163.984467 174.485519 -177.961792 180.000000 176.132401 -179.032150 179.999985 175.487808 -178.997574 172.938934 176.627182 -179.814621 9.885938 -8.952625 5.547869 34.244389 -49.687778 66.329742 58.674255 -21.913486 -8.036981 14.919132 -43.985043 -43.559483 75.698181 52.592056 38.421329 0.000002 0.000007 44.076923 0.000001 0.000007 20.272778 0.000000 0.000000 -0.000000 15.000004 0.000000 68.717400 0.000000 -0.000000 56.223312 0.000001 0.000001 42.167488 0.000000 0.000000 -0.000000 180.000000 -180.000000 -92.578270 180.000000 180.000000 -92.578270 0.000000 -0.000000 65.566292 0.000000 0.000000 -0.000000 170.000000 180.000000 -90.999985 0.000001 -0.000001 102.309105 180.000000 -180.000000 -103.268173 0.000000 0.000000 -0.000000 160.000015 -180.000000 -129.177872 0.000001 0.000001 76.233192 180.000000 180.000000 -129.228714 6.284455 -5.547203 -8.434733 150.199005 169.950836 110.870941 160.104462 -170.989929 178.706360 179.788666 -143.068802 -170.473160 113.593567 123.560188 153.758453 0.000001 0.000002 -36.065933 180.000000 -179.999985 166.967041 0.000000 -0.000000 0.000000 165.000000 -179.999985 141.952972 180.000000 -180.000000 148.870621 0.000003 0.000001 -21.790560 0.000000 -0.000000 0.000000 180.000000 -179.999985 146.923477 0.000002 0.000004 -49.614792 180.000000 180.000000 146.956543 0.000000 -0.000000 0.000000 10.000008 -0.000005 -31.693508 0.000003 0.000001 -47.540260 0.000003 0.000001 -31.661814 0.000000 -0.000000 0.000000 20.000002 -0.000005 -34.377720 180.000000 179.999985 128.433411 0.000000 0.000000 -34.343342
-183.355713 4.716581 283.476898 122.918465 179.547791 179.168198 166.272156 -179.746857 177.888992 36.287277 -1.023286 0.320380 173.043610 -179.394470 -173.790985 148.240402 -178.525009 179.636551 18.934065 8.732360 -2.699030 60.710136 -12.615481 -0.657885 176.701767 174.011505 -178.367828 176.705475 174.049225 -177.047531 164.003128 174.495636 -177.962463 180.000000 176.131302 -179.041367 0.000000 4.513475 0.992879 172.954254 176.626907 -179.819489 9.882872 -8.962163 5.548150 34.015644 -49.858921 66.495140 58.742050 -22.029217 -8.172857 15.111824 -44.112488 -43.587872 75.582779 52.484867 38.258804 180.000000 179.999985 -135.871231 0.000000 -0.000000 20.320490 0.000000 0.000000 -0.000001 14.999999 0.000003 68.673660 0.000000 -0.000000 56.187546 0.000002 -0.000001 42.140659 0.000000 0.000000 -0.000001 0.000004 -0.000001 86.469193 0.000001 0.000002 86.469215 0.000000 -0.000000 64.851898 0.000000 0.000000 -0.000001 170.000000 179.999985 -91.000008 180.000000 -180.000000 -80.098923 0.000004 -0.000000 74.925812 0.000000 0.000000 -0.000001 160.000015 -180.000000 -129.086441 0.000002 -0.000003 76.370361 180.000000 180.000000 -129.137329 6.287127 -5.552951 -8.430709 150.233337 169.937012 110.868454 160.133850 -171.005417 178.697144 179.833054 -143.080048 -170.539749 113.511444 123.597626 153.684174 180.000000 180.000000 143.916672 0.000002 -0.000002 -13.041653 0.000000 -0.000000 0.000000 165.000000 179.999985 141.945831 180.000000 180.000000 148.864777 0.000001 -0.000003 -21.794664 0.000000 -0.000000 0.000000 0.000004 0.000005 -33.067638 180.000000 -179.999985 130.398529 0.000003 0.000003 -33.034573 0.000000 -0.000000 0.000000 10.000005 -0.000003 -31.688082 180.000000 -180.000000 132.467865 180.000000 -180.000000 148.343613 0.000000 -0.000000 0.000000 20.000004 -0.000003 -34.362061 0.000002 0.000003 -51.543083 180.000000 180.000000 145.672302
-183.358368 4.716774 283.479889 122.918465 179.547791 179.168198 166.288528 -179.797958 177.887039 36.272385 -1.066686 0.289166 173.044052 -179.395782 -173.796036 148.260345 -178.526123 179.641891 18.940634 8.763680 -2.703415 60.716530 -12.631091 -0.687316 176.703766 174.024399 -178.371445 176.707458 174.062103 -177.054199 164.015213 174.508057 -177.966049 179.999985 176.127930 -179.047791 180.000000 175.482605 -179.013794 172.960052 176.624451 -179.823425 9.883754 -8.971507 5.546991 33.803238 -50.047722 66.625717 58.773579 -22.111443 -8.279552 15.206916 -44.171494 -43.564217 75.340866 52.425480 37.948830 180.000000 180.000000 -135.869507 180.000000 -179.999985 -159.678680 0.000000 -0.000000 0.000000 15.000004 -0.000000 68.609497 0.000000 -0.000000 56.135033 0.000000 -0.000000 42.101273 0.000000 -0.000000 0.000000 0.000001 0.000001 85.680809 0.000000 -0.000000 85.680809 0.000000 -0.000000 64.260628 0.000000 -0.000000 0.000000 170.000000 -180.000000 -90.999985 180.000000 -180.000000 -82.743759 0.000002 -0.000003 72.942184 0.000000 -0.000000 0.000000 160.000015 -179.999985 -129.020645 0.000001 0.000001 76.469032 0.000000 -0.000000 50.928371 6.294876 -5.559486 -8.423793 150.273239 169.910797 110.858643 160.167389 -171.019928 178.689804 179.876877 -143.108093 -170.621948 113.485512 123.616463 153.663589 180.000000 -180.000000 143.909454 0.000003 0.000000 -13.045282 0.000000 -0.000000 0.000000 165.000000 -179.999985 141.966827 180.000000 -180.000000 148.881943 0.000000 0.000000 -21.782637 0.000000 -0.000000 0.000000 0.000001 0.000002 -33.050827 180.000000 -179.999985 130.423767 0.000007 0.000002 -33.017776 0.000000 -0.000000 0.000000 9.999997 -0.000000 -31.674269 180.000000 180.000000 132.488602 180.000000 180.000000 148.357407 0.000000 -0.000000 0.000000 20.000000 0.000002 -34.339775 180.000000 -180.000000 128.490341 0.000000 -0.000001 -34.305447
-183.361023 4.717029 283.482849 122.918465 179.547791 179.168198 166.290939 -179.837204 177.887680 36.269859 -1.099211 0.263655 173.046631 -179.396179 -173.804092 148.271439 -178.531250 179.646240 18.951994 8.792744 -2.706404 60.723183 -12.645909 -0.718866 176.705185 174.036209 -178.374741 176.708847 174.073883 -177.060242 164.024292 174.519272 -177.969498 180.000000 176.128265 -179.055725 180.000000 175.483002 -179.021988 172.951828 176.625229 -179.828766 9.879455 -8.979943 5.542757 33.668049 -50.211960 66.678360 58.857613 -22.211082 -8.447494 15.220199 -44.192215 -43.484604 75.569366 52.542938 38.267208 180.000000 -179.999985 -135.882584 180.000000 180.000000 -159.686172 0.000000 -0.000000 0.000000 15.000000 -0.000001 68.541687 0.000000 -0.000000 56.079567 0.000000 -0.000002 42.059666 0.000000 -0.000000 0.000000 180.000000 180.000000 -95.126740 180.000000 -180.000000 -95.126755 0.000000 -0.000000 63.654945 0.000000 -0.000000 0.000000 170.000000 180.000000 -90.999985 0.000002 0.000001 94.716393 180.000000 -180.000000 -108.962692 0.000000 -0.000000 0.000000 160.000015 -180.000000 -129.022049 0.000005 0.000001 76.466927 0.000003 -0.000002 50.926960 6.296753 -5.568077 -8.419677 150.332947 169.886139 110.851105 160.198273 -171.051392 178.676285 179.926147 -143.126755 -170.707657 113.462166 123.605263 153.639725 0.000003 -0.000003 -36.077412 0.000002 0.000002 -13.038709 0.000000 -0.000000 0.000000 165.000000 -180.000000 141.994049 180.000000 -179.999985 148.904236 0.000000 0.000000 -21.767042 0.000000 -0.000000 0.000000 0.000000 -0.000001 -33.021748 180.000000 180.000000 130.467361 0.000000 -0.000000 -32.988731 0.000000 -0.000000 0.000000 10.000001 0.000005 -31.652245 180.000000 180.000000 132.521622 180.000000 180.000000 148.379395 0.000000 -0.000000 0.000000 20.000006 0.000001 -34.306931 180.000000 -180.000000 128.539581 0.000000 0.000000 -34.272633
-183.363678 4.717291 283.485840 122.918465 179.547791 179.168198 166.287460 -179.885361 177.888870 36.269157 -1.137472 0.233275 173.053055 -179.394516 -173.812683 148.284500 -178.540421 179.653442 18.964731 8.823462 -2.712111 60.730759 -12.662524 -0.755021 176.703842 174.050735 -178.379074 176.707504 174.088303 -177.067947 164.020935 174.532303 -177.975998 179.999985 176.129211 -179.067383 180.000000 175.484070 -179.034073 172.949417 176.626770 -179.835968 9.878729 -8.982303 5.539103 33.581242 -50.389324 66.670128 58.884987 -22.314041 -8.567592 15.317548 -44.202877 -43.459618 75.918076 52.601044 38.670200 0.000001 -0.000000 44.054951 0.000000 -0.000000 20.246340 0.000002 -0.000000 0.000000 15.000004 -0.000000 68.509598 0.000002 -0.000001 56.053291 180.000000 -180.000000 -137.960022 0.000002 -0.000000 0.000000 0.000001 0.000001 84.267738 180.000000 -179.999985 -95.732269 0.000000 -0.000000 63.200790 0.000002 -0.000000 0.000000 170.000000 -179.999985 -91.000000 0.000002 0.000003 92.763077 180.000000 -180.000000 -110.427696 0.000002 -0.000000 0.000000 160.000000 180.000000 -128.745575 0.000000 -0.000000 76.881630 180.000000 179.999985 -128.796829 6.304780 -5.573492 -8.414893 150.398712 169.852432 110.841003 160.229248 -171.073303 178.664597 179.965469 -143.152130 -170.786774 113.510437 123.604034 153.691574 180.000000 180.000000 143.926727 180.000000 -180.000000 166.963379 0.000000 -0.000000 0.000000 165.000015 -180.000000 142.025299 0.000001 0.000002 -31.070206 0.000003 0.000002 -21.749144 0.000000 -0.000000 0.000000 0.000001 0.000004 -32.999214 0.000002 -0.000001 -49.498840 0.000000 -0.000000 -32.966225 0.000000 -0.000000 0.000000 10.000000 0.000002 -31.628954 180.000000 -180.000000 132.556564 0.000003 0.000002 -31.597326 0.000000 -0.000000 0.000000 20.000002 0.000006 -34.275845 180.000000 -179.999985 128.586227 0.000003 0.000001 -34.241570
-183.366364 4.717507 283.488831 122.918465 179.547791 179.168198 166.275757 -179.922348 177.892090 36.274170 -1.163551 0.208493 173.063095 -179.390396 -173.822357 148.293427 -178.550873 179.660706 18.980135 8.848979 -2.717819 60.737579 -12.676229 -0.788341 176.701904 174.061935 -178.382553 176.705551 174.099396 -177.074020 164.014160 174.542175 -177.981735 180.000000 176.131424 -179.077133 179.999985 175.486664 -179.044174 172.947403 176.629272 -179.841873 9.873146 -9.008982 5.526598 33.529369 -50.599068 66.612587 58.859211 -22.437128 -8.663774 15.320347 -44.220482 -43.404678 75.943375 52.587830 38.682816 180.000000 180.000000 -135.965286 0.000000 -0.000000 20.223169 0.000000 -0.000000 0.000000 15.000004 -0.000001 68.478355 0.000000 -0.000000 56.027744 180.000000 -180.000000 -137.979187 0.000000 -0.000000 0.000000 180.000000 179.999985 -96.304314 0.000001 -0.000001 83.695694 0.000000 -0.000000 62.771759 0.000000 -0.000000 0.000000 170.000000 -180.000000 -91.000000 0.000001 -0.000002 90.919701 180.000000 180.000000 -111.810204 0.000000 -0.000000 0.000000 160.000000 180.000000 -128.543198 180.000000 -180.000000 -102.814796 0.000003 0.000002 51.405350 6.307463 -5.599258 -8.413109 150.480957 169.810516 110.824875 160.266296 -171.090057 178.654236 179.999084 -143.177414 -170.863052 113.551666 123.615234 153.741104 180.000000 -180.000000 143.927536 180.000000 -179.999985 166.963760 0.000002 -0.000000 0.000000 165.000015 180.000000 142.046356 180.000000 -180.000000 148.947021 0.000003 0.000001 -21.737082 0.000002 -0.000000 0.000000 180.000000 180.000000 147.020386 0.000001 0.000002 -49.469421 0.000000 -0.000000 -32.946632 0.000002 -0.000000 0.000000 9.999998 -0.000001 -31.609081 180.000000 -179.999985 132.586365 180.000000 180.000000 148.422531 0.000002 -0.000000 0.000000 20.000006 0.000002 -34.240482 180.000000 -180.000000 128.639282 0.000001 -0.000002 -34.206242
-183.369049 4.717661 283.491821 122.918465 179.547791 179.168198 166.258667 -179.959595 177.895004 36.281593 -1.190050 0.183769 173.076294 -179.385422 -173.834778 148.301758 -178.564438 179.669662 18.990360 8.863645 -2.727108 60.742599 -12.686210 -0.812841 176.699966 174.073135 -178.386017 176.703598 174.110489 -177.080109 164.007385 174.552048 -177.987488 179.999985 176.137756 -179.090530 179.999985 175.494034 -179.058060 172.931244 176.635513 -179.850403 9.862359 -9.018661 5.520842 33.535961 -50.804642 66.508347 58.878677 -22.572063 -8.801107 15.295568 -44.179585 -43.355358 75.805946 52.648994 38.584663 0.000000 -0.000000 44.095795 0.000001 0.000003 20.296137 0.000000 -0.000000 0.000000 15.000000 -0.000001 68.447853 0.000002 -0.000001 56.002792 0.000001 -0.000000 42.002090 0.000000 -0.000000 0.000000 0.000000 -0.000000 83.040642 0.000000 -0.000000 83.040649 0.000000 -0.000000 62.280491 0.000000 -0.000000 0.000000 170.000000 179.999985 -91.023109 0.000002 0.000001 88.976891 0.000000 -0.000000 66.732666 0.000000 -0.000000 0.000000 160.000015 -179.999985 -128.477661 0.000001 -0.000001 77.283524 180.000000 179.999985 -128.529175 6.301324 -5.622937 -8.410572 150.582031 169.776016 110.809502 160.302170 -171.119003 178.639526 0.044235 -36.810390 9.056574 113.513405 123.608910 153.703262 0.000004 -0.000001 -36.061337 180.000000 -180.000000 166.969345 0.000000 -0.000000 0.000000 165.000015 179.999985 142.068710 180.000000 -180.000000 148.965286 180.000000 179.999985 158.275696 0.000000 -0.000000 0.000000 0.000000 -0.000002 -32.965973 0.000002 0.000000 -49.448963 0.000003 0.000001 -32.933006 0.000000 -0.000000 0.000000 9.999999 -0.000001 -31.591852 0.000001 -0.000002 -47.387772 180.000000 -180.000000 148.439743 0.000000 -0.000000 0.000000 19.999990 0.000005 -34.215202 0.000000 0.000000 -51.322811 0.000003 0.000002 -34.181000
-183.371719 4.717753 283.494720 122.918465 179.547791 179.168198 166.241928 -179.992294 177.897919 36.283436 -1.211639 0.162283 173.094818 -179.378693 -173.846603 148.300812 -178.580994 179.678192 19.017433 8.887738 -2.737090 60.750374 -12.702784 -0.850052 176.692261 174.091766 -178.391174 176.695862 174.128784 -177.088882 163.974701 174.566528 -177.998108 179.999985 176.140472 -179.109192 179.999985 175.497208 -179.077377 172.940216 176.639053 -179.861115 9.885276 -8.996797 5.524507 33.627098 -51.025219 66.317421 58.826698 -22.675303 -8.910854 15.283848 -44.163677 -43.334888 75.610832 52.652519 38.343975 180.000000 180.000000 -135.936783 180.000000 179.999985 -159.734894 0.000000 -0.000000 0.000000 15.000002 -0.000002 68.404495 0.000002 -0.000001 55.967308 0.000001 0.000001 41.975475 0.000000 -0.000000 0.000000 0.000001 0.000001 82.464859 180.000000 -180.000000 -97.535133 0.000001 -0.000001 61.848648 0.000000 -0.000000 0.000000 170.000000 180.000000 -92.516495 0.000001 0.000002 87.483498 180.000000 -180.000000 -114.387367 0.000000 -0.000000 0.000000 160.000000 -180.000000 -128.295319 0.000002 0.000000 77.557014 180.000000 -180.000000 -128.347031 6.318729 -5.632172 -8.404993 150.681946 169.735870 110.789337 160.345215 -171.136475 178.626144 0.077455 -36.799164 8.984855 113.485558 123.642136 153.682678 0.000001 -0.000002 -36.080105 0.000000 -0.000003 -13.040052 0.000000 -0.000000 0.000000 165.000015 179.999985 142.069016 180.000000 -179.999985 148.965561 0.000000 -0.000002 -21.724106 0.000000 -0.000000 0.000000 180.000000 -179.999985 147.046188 180.000000 180.000000 130.569290 0.000003 0.000003 -32.920856 0.000000 -0.000000 0.000000 9.999994 0.000000 -31.584639 180.000000 -180.000000 132.623047 180.000000 -180.000000 148.446945 0.000000 -0.000000 0.000000 20.000004 -0.000006 -34.194191 180.000000 -179.999985 128.708694 180.000000 -180.000000 145.839996
-183.374451 4.717762 283.497711 122.918465 179.547791 179.168198 166.230499 179.985229 177.899734 36.275467 -1.222002 0.149533 173.118774 -179.369034 -173.859741 148.289383 -178.593948 179.686157 19.048944 8.906264 -2.746192 60.756283 -12.715450 -0.878237 176.682129 174.116669 -178.398087 176.685715 174.153259 -177.100708 163.931976 174.586029 -178.012299 179.999985 176.135742 -179.126328 179.999985 175.491699 -179.095108 172.960587 176.636169 -179.870941 9.921664 -8.952047 5.536242 33.803394 -51.275772 66.024696 58.708801 -22.790586 -8.997808 15.337805 -44.170792 -43.375198 75.759964 52.718048 38.522850 180.000000 179.999985 -135.991196 0.000001 0.000003 20.210426 0.000002 -0.000002 -0.000000 15.000000 -0.000002 68.358063 0.000001 0.000002 55.929310 0.000001 0.000002 41.946987 0.000002 -0.000002 -0.000000 0.000001 0.000001 81.978195 0.000000 -0.000000 81.978188 180.000000 -180.000000 -118.516365 0.000002 -0.000002 -0.000000 170.000000 180.000000 -93.834663 0.000002 0.000000 86.165321 0.000000 0.000001 64.623993 0.000002 -0.000002 -0.000000 160.000015 -179.999985 -128.068817 0.000001 0.000001 77.896751 180.000000 179.999985 -128.120773 6.340185 -5.636387 -8.393574 150.781998 169.690201 110.760513 160.401474 -171.151611 178.615860 0.114421 -36.780598 8.895797 113.373138 123.676491 153.572754 0.000003 -0.000001 -36.101845 180.000000 -180.000000 166.949081 0.000000 -0.000000 0.000000 165.000000 -180.000000 142.056183 0.000003 0.000003 -31.044931 0.000003 0.000002 -21.731453 0.000000 -0.000000 0.000000 180.000000 -180.000000 147.053787 0.000001 0.000005 -49.419334 0.000003 0.000001 -32.913273 0.000000 -0.000000 0.000000 9.999995 -0.000000 -31.566095 180.000000 -180.000000 132.650864 0.000003 0.000002 -31.534515 0.000000 -0.000000 0.000000 19.999992 -0.000001 -34.172073 180.000000 -179.999985 128.741898 180.000000 -180.000000 145.862091
-183.377182 4.717711 283.500671 122.918465 179.547791 179.168198 166.184875 179.947983 177.907715 36.301491 -1.241443 0.123277 173.144287 -179.359253 -173.875977 148.257858 -178.604736 179.694489 19.091860 8.933265 -2.753954 60.763412 -12.730110 -0.912639 176.671692 174.142578 -178.404984 176.675262 174.178696 -177.112488 163.887924 174.606094 -178.026306 179.999985 176.134018 -179.143326 179.999969 175.489700 -179.112717 172.974899 176.635818 -179.880753 9.966705 -8.892335 5.551305 34.032963 -51.498993 65.686714 58.621548 -22.876934 -9.114336 15.365206 -44.185169 -43.425068 75.906891 52.796860 38.744499 0.000002 0.000003 44.031895 0.000000 -0.000000 20.239552 0.000000 -0.000000 0.000000 14.999999 0.000001 68.337906 0.000001 0.000002 55.912830 0.000001 0.000002 41.934620 0.000000 -0.000000 0.000000 180.000000 -180.000000 -98.376099 0.000001 -0.000001 81.623917 0.000001 0.000001 61.217934 0.000000 -0.000000 0.000000 170.000000 180.000000 -94.660637 0.000002 -0.000000 85.339340 180.000000 -179.999985 -115.995476 0.000000 -0.000000 0.000000 160.000000 180.000000 -127.903748 180.000000 -179.999985 -101.855606 0.000000 -0.000000 52.044174 6.364359 -5.635103 -8.381169 150.875763 169.657257 110.729935 160.461166 -171.179245 178.607880 0.176268 -36.758465 8.780229 113.276466 123.663704 153.470245 0.000003 -0.000004 -36.090622 180.000000 -180.000000 166.954697 0.000000 -0.000000 0.000000 165.000015 180.000000 142.081375 0.000000 0.000000 -31.024328 0.000003 0.000002 -21.717024 0.000000 -0.000000 0.000000 180.000000 179.999985 147.080734 180.000000 -180.000000 130.621078 180.000000 180.000000 147.113647 0.000000 -0.000000 0.000000 9.999999 -0.000004 -31.537193 0.000000 -0.000001 -47.305794 0.000000 0.000000 -31.505669 0.000000 -0.000000 0.000000 19.999998 0.000002 -34.123680 0.000003 0.000001 -51.185520 0.000000 0.000000 -34.089550
-183.379944 4.717667 283.503632 122.918465 179.547791 179.168198 166.125626 179.904953 177.917694 36.338120 -1.263623 0.091606 173.171906 -179.349426 -173.890869 148.217361 -178.614746 179.704224 19.139631 8.971541 -2.763574 60.772522 -12.749763 -0.955931 176.660202 174.171997 -178.412720 176.663742 174.207626 -177.125793 163.839462 174.628983 -178.041885 179.999969 176.138199 -179.163971 179.999985 175.494583 -179.134109 172.979568 176.640747 -179.892746 9.993207 -8.880759 5.538052 34.280636 -51.674526 65.369637 58.492832 -22.982937 -9.220345 15.467690 -44.119812 -43.503605 76.310226 52.895035 39.241615 0.000002 -0.000001 43.991322 0.000000 -0.000000 20.198383 0.000000 -0.000000 0.000000 15.000004 0.000000 68.328117 180.000000 -180.000000 -124.095169 0.000003 0.000004 41.928631 0.000000 -0.000000 0.000000 180.000000 180.000000 -98.636429 180.000000 -179.999985 -98.636429 0.000000 0.000004 61.022686 0.000000 -0.000000 0.000000 170.000000 179.999985 -95.463310 0.000003 0.000001 84.536674 0.000003 -0.000001 63.402508 0.000000 -0.000000 0.000000 160.000000 179.999985 -127.638382 0.000003 0.000001 78.542412 180.000000 -180.000000 -127.690758 6.394499 -5.630104 -8.366612 150.952988 169.622482 110.695229 160.522705 -171.210632 178.602310 0.239949 -36.734715 8.663251 113.174004 123.662239 153.357605 180.000000 -180.000000 143.900391 180.000000 -179.999985 166.950195 0.000000 -0.000000 0.000000 165.000000 180.000000 142.098663 0.000002 -0.000001 -31.010197 0.000000 -0.000002 -21.707134 0.000000 -0.000000 0.000000 180.000000 180.000000 147.110199 0.000000 -0.000001 -49.334702 0.000003 0.000002 -32.856907 0.000000 -0.000000 0.000000 10.000001 0.000001 -31.496202 0.000004 -0.000000 -47.244293 0.000000 -0.000001 -31.464701 0.000000 -0.000000 0.000000 20.000004 0.000001 -34.070633 180.000000 -180.000000 128.894058 0.000003 0.000001 -34.036560
-183.382736 4.717673 283.506592 122.918465 179.547791 179.168198 166.069305 179.870972 177.927017 36.368153 -1.277511 0.066829 173.204819 -179.340286 -173.906967 148.174438 -178.620468 179.712326 19.190062 9.020663 -2.769254 60.783146 -12.771647 -1.006971 176.646408 174.208984 -178.422180 176.649918 174.244003 -177.142075 163.781586 174.657776 -178.060562 179.999985 176.133408 -179.180725 179.999985 175.488968 -179.151459 173.001404 176.637787 -179.902191 10.026085 -8.869590 5.520379 34.615852 -51.845108 64.938972 58.260620 -23.057726 -9.294998 15.518009 -44.102253 -43.563419 76.454575 52.907017 39.425701 180.000000 -179.999985 -135.988068 180.000000 -179.999985 -159.780960 0.000000 -0.000000 0.000000 15.000000 -0.000001 68.321709 0.000000 -0.000000 55.899578 0.000001 0.000001 41.924690 0.000000 -0.000000 0.000000 180.000000 180.000000 -98.569405 180.000000 -180.000000 -98.569405 0.000001 0.000001 61.072956 0.000000 -0.000000 0.000000 170.000000 -180.000000 -95.903534 180.000000 180.000000 -95.903519 0.000002 -0.000003 63.072372 0.000000 -0.000000 0.000000 160.000015 180.000000 -127.406700 0.000002 -0.000003 78.889961 0.000002 -0.000003 52.540718 6.435910 -5.617701 -8.348690 151.019333 169.585678 110.651772 160.590378 -171.240463 178.603317 0.309370 -36.695522 8.540127 113.135391 123.652626 153.315552 0.000001 0.000000 -36.092487 180.000000 180.000000 166.953751 0.000000 -0.000000 0.000000 165.000015 180.000000 142.127106 180.000000 -179.999985 149.013107 0.000001 -0.000003 -21.690830 0.000000 -0.000000 0.000000 0.000000 -0.000001 -32.857971 180.000000 -180.000000 130.713028 180.000000 180.000000 147.174881 0.000000 -0.000000 0.000000 9.999999 0.000003 -31.459387 180.000000 -179.999985 132.810944 0.000000 0.000000 -31.427914 0.000000 -0.000000 0.000000 20.000004 0.000002 -34.010876 180.000000 -180.000000 128.983673 0.000000 0.000000 -33.976871
-183.397903 4.714132 283.525879 123.136642 179.388016 179.238159 165.776840 179.989731 177.912567 36.415611 -1.303066 0.030212 173.236588 -179.333572 -173.926163 147.912155 -178.455261 179.746033 19.228359 9.071573 -2.773091 60.793362 -12.791602 -1.056769 176.601242 174.311981 -178.430893 176.604813 174.344467 -177.158142 163.584457 174.721695 -178.080215 179.999969 176.140564 -179.196991 179.999985 175.497330 -179.168304 172.995895 176.644958 -179.911774 10.038616 -8.872712 5.498296 34.958252 -51.973824 64.498291 58.051022 -23.099648 -9.377972 15.607207 -44.092510 -43.642735 76.107613 52.955750 39.100693 180.000000 180.000000 -135.880524 0.000001 0.000007 20.343872 0.000003 -0.000000 0.000001 15.000004 -0.000000 68.310532 180.000000 179.999985 -124.109581 0.000002 0.000001 41.917828 0.000003 -0.000000 0.000001 0.000002 -0.000000 81.447411 180.000000 180.000000 -98.552582 0.000001 -0.000002 61.085545 0.000003 -0.000000 0.000001 170.000000 -180.000000 -96.684258 0.000000 -0.000000 83.315758 0.000003 -0.000002 62.486824 0.000003 -0.000000 0.000001 160.000015 -180.000000 -127.361130 0.000002 0.000000 78.958321 180.000000 179.999985 -127.413750 6.463383 -5.612557 -8.333760 151.080124 169.574661 110.611092 160.659943 -171.284821 178.604004 0.384245 -36.660149 8.426847 113.150528 123.631653 153.335403 0.000002 -0.000005 -36.061890 0.000002 0.000002 -13.030948 0.000000 -0.000000 0.000000 165.000015 180.000000 142.169128 0.000002 0.000000 -30.952536 0.000001 -0.000003 -21.666775 0.000000 -0.000000 0.000000 180.000000 -179.999985 147.172424 0.000001 0.000002 -49.241386 0.000003 0.000001 -32.794758 0.000000 -0.000000 0.000000 9.999994 -0.000000 -31.420242 0.000001 -0.000003 -47.130360 0.000000 -0.000000 -31.388821 0.000000 -0.000000 0.000000 20.000002 0.000002 -33.961796 0.000002 -0.000004 -50.942699 0.000000 -0.000001 -33.927837
-183.412872 4.705918 283.544678 123.345856 179.233627 179.307007 165.482010 -179.908569 177.901978 36.474297 -1.339956 -0.015419 173.268402 -179.330246 -173.944122 147.657974 -178.296432 179.779388 19.267151 9.137869 -2.775575 60.806831 -12.817924 -1.122298 176.558777 174.410278 -178.439163 176.562393 174.440353 -177.173325 163.399048 174.782761 -178.098083 179.999969 176.164307 -179.216293 179.999985 175.525009 -179.188309 172.972443 176.666458 -179.922592 10.044383 -8.882668 5.473501 35.339981 -52.084969 64.007523 57.816486 -23.184151 -9.453623 15.666381 -44.036495 -43.708714 75.903725 53.018578 38.872704 0.000000 0.000003 44.072807 0.000003 -0.000004 20.303141 0.000000 -0.000000 0.000000 15.000000 -0.000000 68.262070 0.000000 -0.000000 55.850788 0.000000 -0.000000 41.888100 0.000000 -0.000000 0.000000 0.000001 -0.000001 81.381424 180.000000 -179.999985 -98.618576 0.000000 -0.000000 61.036087 0.000000 -0.000000 0.000000 170.000000 180.000000 -97.514145 180.000000 -179.999985 -97.514130 180.000000 -180.000000 -118.135597 0.000000 -0.000000 0.000000 160.000015 -179.999985 -127.235794 0.000002 -0.000003 79.146317 0.000000 -0.000000 52.711449 6.489310 -5.619331 -8.323433 151.131897 169.558823 110.570572 160.713348 -171.317429 178.608322 0.447358 -36.624260 8.349090 113.204178 123.614471 153.401138 0.000001 -0.000001 -36.024395 0.000004 -0.000001 -13.012199 0.000000 -0.000000 0.000000 165.000000 -180.000000 142.198868 180.000000 180.000000 149.071823 180.000000 -180.000000 158.350266 0.000000 -0.000000 0.000000 0.000000 -0.000002 -32.803749 180.000000 -179.999985 130.794388 180.000000 -179.999985 147.229065 0.000000 -0.000000 0.000000 10.000000 0.000004 -31.396152 180.000000 -180.000000 132.905777 180.000000 -180.000000 148.635254 0.000000 -0.000000 0.000000 20.000000 0.000002 -33.934818 0.000001 -0.000002 -50.902218 0.000000 -0.000001 -33.900864
-183.426285 4.693884 283.561157 123.546959 179.087540 179.373901 165.230301 -179.797379 177.887436 36.498074 -1.365539 -0.045063 173.300751 -179.327728 -173.962830 147.422256 -178.144592 179.809067 19.298420 9.198610 -2.776528 60.819187 -12.842217 -1.182128 176.519913 174.498337 -178.445999 176.523514 174.526184 -177.185852 163.228561 174.836670 -178.113068 179.999985 176.197464 -179.234512 179.999969 175.563705 -179.207199 172.943008 176.695953 -179.932129 10.033118 -8.968727 5.422933 35.694023 -52.189850 63.543941 57.538837 -23.320244 -9.541612 15.709213 -43.998077 -43.757561 75.943871 53.085747 38.878384 0.000003 -0.000001 43.923794 0.000000 -0.000000 20.149801 0.000000 -0.000000 0.000000 15.000004 0.000002 68.231354 180.000000 -179.999985 -124.174370 180.000000 180.000000 -138.130753 0.000000 -0.000000 0.000000 0.000001 0.000001 81.347992 0.000003 -0.000000 81.347992 180.000000 -179.999985 -118.988998 0.000000 -0.000000 0.000000 170.000000 -180.000000 -97.597336 0.000004 0.000002 82.402657 0.000002 0.000001 61.801983 0.000000 -0.000000 0.000000 160.000015 -180.000000 -127.056137 0.000002 -0.000000 79.415771 0.000000 0.000001 52.890907 6.504804 -5.660716 -8.318087 151.188385 169.539139 110.527924 160.757233 -171.344345 178.611984 0.484553 -36.600876 8.323097 113.274948 123.584251 153.481110 180.000000 180.000000 144.019836 180.000000 180.000000 167.009918 0.000000 -0.000000 0.000000 165.000015 -179.999985 142.242142 180.000000 -179.999985 149.107224 180.000000 179.999985 158.375046 0.000000 -0.000000 0.000000 180.000000 180.000000 147.211472 180.000000 -179.999985 130.817200 180.000000 -180.000000 147.244263 0.000000 -0.000000 0.000000 9.999999 -0.000002 -31.388073 0.000001 -0.000001 -47.082108 0.000000 -0.000001 -31.356678 0.000000 -0.000000 0.000000 19.999989 0.000003 -33.924126 180.000000 -179.999985 129.113815 180.000000 180.000000 146.109802
-183.438065 4.679166 283.574951 123.731529 178.948914 179.440155 165.005661 -179.695023 177.874115 36.516041 -1.392473 -0.076347 173.329514 -179.324478 -173.983170 147.208450 -177.998856 179.836655 19.327120 9.263232 -2.775078 60.832184 -12.866399 -1.245982 176.478851 174.594330 -178.456100 176.482407 174.619858 -177.203873 163.049164 174.898071 -178.133408 179.999939 176.238983 -179.259323 179.999924 175.612152 -179.232895 172.944366 176.733078 -179.943130 10.080967 -8.960586 5.411747 36.032879 -52.311077 63.065323 57.288906 -23.384018 -9.650875 15.788698 -44.002205 -43.854855 75.880219 53.124256 38.824734 0.000003 0.000003 43.925140 180.000000 180.000000 -159.844269 0.000000 -0.000000 0.000000 15.000002 -0.000001 68.164726 0.000000 -0.000000 55.771122 0.000002 0.000001 41.828350 0.000000 -0.000000 0.000000 0.000001 -0.000001 81.403847 0.000003 -0.000000 81.403839 0.000000 -0.000000 61.052891 0.000000 -0.000000 0.000000 170.000000 179.999985 -97.794716 0.000003 0.000001 82.205284 0.000000 -0.000000 61.653973 0.000000 -0.000000 0.000000 160.000015 -180.000000 -126.978844 180.000000 -180.000000 -100.468254 0.000003 0.000002 52.968132 6.552616 -5.658644 -8.308539 151.245544 169.541931 110.492661 160.797150 -171.372513 178.610764 0.497030 -36.588093 8.343379 113.281883 123.567589 153.485733 180.000000 180.000000 144.032471 180.000000 -179.999985 167.016251 0.000000 -0.000000 0.000000 165.000015 179.999985 142.250824 180.000000 -180.000000 149.114319 0.000000 -0.000002 -21.619980 0.000000 -0.000000 0.000000 0.000001 0.000001 -32.784081 0.000002 0.000003 -49.176117 0.000000 -0.000001 -32.751297 0.000000 -0.000000 0.000000 10.000001 0.000001 -31.384087 180.000000 179.999985 132.923889 0.000003 0.000001 -31.352690 0.000000 -0.000000 0.000000 20.000000 0.000002 -33.922859 180.000000 180.000000 129.115707 0.000004 -0.000001 -33.888939
-183.448959 4.662789 283.587158 123.916245 178.810547 179.506836 164.781067 -179.592560 177.861450 36.536507 -1.419400 -0.107245 173.354263 -179.319656 -174.001434 146.997604 -177.854568 179.866211 19.355759 9.336917 -2.773709 60.847198 -12.894532 -1.319410 176.438721 174.686356 -178.465286 176.442184 174.709579 -177.220261 162.873077 174.956268 -178.152008 179.999893 176.320480 -179.291168 179.999863 175.707214 -179.265869 172.947540 176.804810 -179.954376 10.124307 -8.963560 5.403906 36.333504 -52.447525 62.636440 57.038532 -23.471880 -9.756495 15.920375 -43.923359 -44.027348 75.997459 53.269024 38.966431 0.000000 0.000003 43.792839 0.000001 0.000003 20.026278 0.000002 -0.000000 0.000001 15.000000 0.000000 68.054001 0.000000 -0.000000 55.680550 180.000000 179.999985 -138.239594 0.000002 -0.000000 0.000001 0.000001 -0.000001 81.118759 0.000001 0.000001 81.118759 180.000000 180.000000 -119.160942 0.000002 -0.000000 0.000001 170.000000 -180.000000 -97.791443 180.000000 180.000000 -97.791466 0.000001 -0.000001 61.656391 0.000002 -0.000000 0.000001 160.000015 180.000000 -126.898781 180.000000 -180.000000 -100.348160 0.000001 0.000002 53.048122 6.596022 -5.668456 -8.298903 151.301468 169.540573 110.458145 160.808807 -171.388123 178.608063 0.497929 -36.582123 8.403948 113.293449 123.533249 153.493561 0.000001 -0.000001 -35.939140 180.000000 -180.000000 167.030411 0.000000 -0.000000 0.000000 165.000015 179.999985 142.255829 180.000000 180.000000 149.118378 180.000000 -179.999985 158.382874 0.000000 -0.000000 0.000000 0.000000 -0.000002 -32.801613 0.000001 -0.000001 -49.202415 0.000000 -0.000001 -32.768803 0.000000 -0.000000 0.000000 10.000000 -0.000003 -31.398645 180.000000 -180.000000 132.902039 0.000000 0.000000 -31.367241 0.000000 -0.000000 0.000000 20.000002 -0.000000 -33.948063 0.000003 0.000001 -50.922089 0.000004 0.000000 -33.914104
-183.445572 4.649326 283.579407 123.851906 178.837433 179.498566 164.819962 -179.668106 177.878128 36.543530 -1.443007 -0.141579 173.380112 -179.310989 -174.020859 147.046463 -177.885986 179.866180 19.376459 9.402751 -2.772988 60.860878 -12.919693 -1.386611 176.437195 174.702667 -178.473618 176.440643 174.725937 -177.234711 162.869980 174.974335 -178.165619 179.999847 176.414520 -179.324463 179.999847 175.816956 -179.300354 172.974045 176.887436 -179.964050 10.168167 -8.988914 5.392723 36.656521 -52.585945 62.184856 56.765495 -23.570799 -9.859782 16.071110 -43.866425 -44.251888 75.647087 53.150311 38.628311 0.000000 -0.000000 44.044552 0.000004 0.000003 20.289207 0.000000 -0.000000 0.000000 15.000000 -0.000002 68.051109 180.000000 179.999985 -124.321815 0.000001 -0.000000 41.758633 0.000000 -0.000000 0.000000 180.000000 -180.000000 -98.855194 0.000001 -0.000001 81.144806 0.000001 0.000001 60.858612 0.000000 -0.000000 0.000000 170.000000 180.000000 -97.981499 0.000000 0.000002 82.018501 0.000000 -0.000000 61.513870 0.000000 -0.000000 0.000000 160.000015 180.000000 -126.835899 0.000003 -0.000002 79.746162 0.000000 -0.000000 53.110947 6.640306 -5.691103 -8.286867 151.358154 169.532623 110.419006 160.797653 -171.398636 178.602829 0.484786 -36.580807 8.502295 113.243752 123.522903 153.445465 180.000000 180.000000 144.079803 180.000000 -180.000000 167.039917 0.000000 -0.000000 0.000000 165.000015 -180.000000 142.238678 0.000000 0.000000 -30.895622 180.000000 -179.999985 158.373062 0.000000 -0.000000 0.000000 0.000005 0.000002 -32.834541 0.000000 0.000003 -49.251820 0.000000 0.000000 -32.801712 0.000000 -0.000000 0.000000 9.999994 -0.000004 -31.432743 180.000000 -180.000000 132.850906 0.000000 -0.000000 -31.401300 0.000000 -0.000000 0.000000 20.000002 0.000001 -34.006355 180.000000 -179.999985 128.990463 0.000000 0.000000 -33.972355
-183.440933 4.640533 283.569336 123.779282 178.860626 179.489594 164.868988 -179.742157 177.897446 36.553665 -1.466686 -0.178326 173.401062 -179.299164 -174.040771 147.109787 -177.917938 179.867905 19.389809 9.465064 -2.770978 60.874424 -12.943527 -1.453787 176.435577 174.722626 -178.482361 176.438980 174.745880 -177.250000 162.866760 174.995224 -178.179337 179.999817 176.543854 -179.362869 179.999771 175.967850 -179.340134 173.025848 177.000565 -179.971970 10.220226 -9.007035 5.381532 36.914745 -52.700146 61.817856 56.554077 -23.598976 -9.949095 16.158052 -43.879250 -44.456841 75.820007 53.366154 38.832920 0.000002 0.000003 43.838497 0.000000 -0.000000 20.086332 0.000000 -0.000000 0.000000 14.999997 0.000000 67.987579 180.000000 179.999985 -124.373787 180.000000 -180.000000 -138.280350 0.000000 -0.000000 0.000000 0.000000 -0.000000 81.074173 180.000000 -180.000000 -98.925804 0.000001 -0.000001 60.805641 0.000000 -0.000000 0.000000 170.000000 -179.999985 -98.177460 180.000000 -180.000000 -98.177444 0.000000 -0.000000 61.366901 0.000000 -0.000000 0.000000 160.000015 -179.999985 -126.776886 0.000001 0.000001 79.834671 0.000001 0.000002 53.169903 6.694414 -5.692391 -8.270836 151.409439 169.549408 110.384727 160.792877 -171.419510 178.590668 0.443864 -36.584427 8.625461 113.203308 123.532867 153.398849 180.000000 -179.999985 144.060593 180.000000 -180.000000 167.030289 0.000000 -0.000000 0.000000 165.000000 -180.000000 142.188156 180.000000 -179.999985 149.063034 180.000000 -180.000000 158.344131 0.000000 -0.000000 0.000000 0.000000 0.000000 -32.883129 180.000000 -180.000000 130.675308 0.000000 -0.000001 -32.850250 0.000000 -0.000000 0.000000 9.999995 0.000001 -31.483503 180.000000 180.000000 132.774750 0.000000 -0.000000 -31.452021 0.000000 -0.000000 0.000000 19.999998 -0.000000 -34.083958 180.000000 -179.999985 128.874039 180.000000 179.999985 145.950119
-183.436844 4.635761 283.559662 123.708000 178.876968 179.482269 164.906509 -179.817673 177.919449 36.573540 -1.492670 -0.220309 173.421463 -179.282257 -174.059723 147.166336 -177.949097 179.872681 19.402357 9.528215 -2.769550 60.889046 -12.968233 -1.526870 176.432602 174.748901 -178.491745 176.435974 174.772049 -177.266556 162.858154 175.020599 -178.193695 179.999771 176.718414 -179.408905 179.999741 176.171478 -179.387817 173.085663 177.152863 -179.979385 10.283784 -8.958327 5.392551 37.255394 -52.824802 61.355461 56.370201 -23.651037 -10.018861 16.341501 -43.805370 -44.788120 75.863632 53.358875 38.885044 0.000001 -0.000000 43.849464 0.000001 0.000003 20.096594 0.000000 -0.000000 0.000000 15.000000 -0.000001 67.992203 0.000002 -0.000001 55.629978 0.000001 0.000002 41.722492 0.000000 -0.000000 0.000000 0.000001 -0.000001 81.101082 0.000000 -0.000000 81.101105 0.000001 0.000001 60.825821 0.000000 -0.000000 0.000000 170.000000 -179.999985 -98.058319 180.000000 179.999985 -98.058304 0.000001 -0.000002 61.456264 0.000000 -0.000000 0.000000 160.000015 -180.000000 -126.722183 180.000000 180.000000 -100.083260 0.000000 -0.000000 53.224564 6.753641 -5.679810 -8.250463 151.452911 169.560135 110.349113 160.768448 -171.445236 178.576859 0.412037 -36.585464 8.744802 113.079117 123.530243 153.270615 180.000000 -179.999985 144.067215 180.000000 -180.000000 167.033615 0.000000 -0.000000 0.000000 165.000015 180.000000 142.127426 0.000002 0.000004 -30.986645 180.000000 -179.999985 158.309341 0.000000 -0.000000 0.000000 180.000000 -180.000000 147.075699 0.000003 0.000003 -49.386436 0.000000 -0.000000 -32.891365 0.000000 -0.000000 0.000000 10.000002 0.000001 -31.526510 0.000001 0.000006 -47.289749 0.000003 0.000001 -31.494980 0.000000 -0.000000 0.000000 19.999998 0.000001 -34.139828 180.000000 -179.999985 128.790283 0.000003 0.000001 -34.105675
-183.433395 4.633793 283.550812 123.642540 178.885361 179.475098 164.937881 -179.881424 177.940582 36.590836 -1.516438 -0.254446 173.444870 -179.261505 -174.081467 147.215149 -177.977020 179.881439 19.410183 9.577600 -2.769990 60.901264 -12.987744 -1.588688 176.432373 174.770096 -178.498581 176.435730 174.793167 -177.278809 162.861267 175.041061 -178.202621 179.999756 176.903809 -179.451721 179.999725 176.387787 -179.432159 173.131393 177.314255 -179.984634 10.329113 -8.922290 5.400116 37.683437 -52.961910 60.806717 56.214634 -23.740301 -10.097711 16.480122 -43.755257 -45.114616 76.057213 53.265285 39.026451 180.000000 -179.999985 -136.221497 0.000003 -0.000004 20.009758 0.000000 -0.000000 0.000000 15.000004 0.000001 68.051598 0.000000 -0.000000 55.678593 0.000000 -0.000000 41.758926 0.000000 -0.000000 0.000000 180.000000 -180.000000 -98.791672 0.000001 -0.000001 81.208313 180.000000 180.000000 -119.093750 0.000000 -0.000000 0.000000 170.000000 180.000000 -98.025772 0.000001 0.000000 81.974213 180.000000 179.999985 -118.519356 0.000000 -0.000000 0.000000 160.000000 179.999985 -126.538010 180.000000 179.999985 -99.807022 180.000000 -179.999985 -126.591476 6.794087 -5.702796 -8.233361 151.486664 169.562088 110.305748 160.731125 -171.476685 178.565918 0.392657 -36.573109 8.854229 112.989876 123.507347 153.165604 180.000000 180.000000 144.068863 0.000002 -0.000003 -12.965569 0.000000 -0.000000 0.000000 165.000015 180.000000 142.087097 0.000003 0.000001 -31.019642 0.000003 0.000001 -21.713753 0.000000 -0.000000 0.000000 0.000001 0.000001 -32.958271 0.000000 -0.000001 -49.437428 180.000000 -180.000000 147.074677 0.000000 -0.000000 0.000000 9.999999 0.000002 -31.556597 180.000000 180.000000 132.665085 0.000003 0.000001 -31.525038 0.000000 -0.000000 0.000000 20.000002 0.000002 -34.181892 0.000000 -0.000001 -51.272842 180.000000 -180.000000 145.852280
-183.430252 4.633440 283.542328 123.577072 178.893753 179.467926 164.963623 -179.960342 177.965363 36.615028 -1.551283 -0.300115 173.467667 -179.235214 -174.103592 147.256088 -178.011414 179.890961 19.421227 9.616633 -2.770080 60.912216 -13.001583 -1.646871 176.433609 174.787735 -178.504654 176.436920 174.810806 -177.289764 162.870544 175.058853 -178.210190 179.999725 177.120300 -179.498306 179.999680 176.640350 -179.480408 173.167252 177.502487 -179.989426 10.372557 -8.874744 5.408843 38.094849 -53.081455 60.299717 56.159599 -23.786531 -10.216324 16.602215 -43.722168 -45.422977 75.922546 53.199177 38.868183 0.000000 -0.000000 43.839161 180.000000 -179.999985 -159.929596 0.000000 -0.000000 0.000000 15.000004 -0.000000 68.049568 180.000000 -180.000000 -124.323074 0.000001 0.000002 41.757683 0.000000 -0.000000 0.000000 180.000000 -180.000000 -98.846970 180.000000 -180.000000 -98.846962 0.000001 0.000001 60.864780 0.000000 -0.000000 0.000000 170.000000 -179.999985 -98.236053 0.000002 -0.000000 81.763939 180.000000 180.000000 -118.677025 0.000000 -0.000000 0.000000 160.000015 -180.000000 -126.416451 0.000002 0.000000 80.375313 180.000000 -180.000000 -126.470039 6.831497 -5.723794 -8.218966 151.509033 169.583481 110.271523 160.717392 -171.519699 178.549194 0.349551 -36.558781 8.972027 113.037483 123.502823 153.201950 180.000000 -180.000000 144.046509 0.000002 0.000002 -12.976754 0.000000 -0.000000 0.000000 165.000000 -179.999985 142.054199 180.000000 179.999985 148.953445 0.000000 -0.000002 -21.732584 0.000000 -0.000000 0.000000 0.000002 -0.000006 -32.982498 180.000000 180.000000 130.526260 180.000000 180.000000 147.050491 0.000000 -0.000000 0.000000 10.000004 0.000002 -31.583078 0.000000 -0.000000 -47.374630 0.000004 0.000000 -31.551493 0.000000 -0.000000 0.000000 20.000000 -0.000000 -34.220024 0.000000 0.000000 -51.330029 0.000000 0.000000 -34.185799
-183.427795 4.633700 283.534698 123.518997 178.892227 179.461166 164.985565 179.972061 177.989151 36.638950 -1.588912 -0.338430 173.486328 -179.208054 -174.126846 147.286575 -178.044846 179.908005 19.439842 9.655123 -2.770932 60.924244 -13.014676 -1.712343 176.431915 174.811310 -178.509750 176.435211 174.834167 -177.299133 162.866562 175.078949 -178.215912 179.999649 177.386398 -179.554031 179.999588 176.950790 -179.538132 173.226608 177.733795 -179.994751 10.447841 -8.892615 5.423389 38.433727 -53.165413 59.869987 56.067234 -23.856339 -10.318112 16.829390 -43.629951 -45.792355 75.792213 53.232944 38.692596 0.000002 0.000003 43.755005 0.000001 0.000003 19.986420 0.000000 -0.000000 0.000000 15.000004 0.000000 67.955505 0.000001 0.000002 55.599941 0.000000 -0.000000 41.699955 0.000000 -0.000000 0.000000 180.000000 179.999985 -99.030670 0.000000 -0.000000 80.969353 0.000002 0.000003 60.727020 0.000000 -0.000000 0.000000 170.000000 179.999985 -98.334679 0.000001 0.000001 81.665314 180.000000 180.000000 -118.750992 0.000000 -0.000000 0.000000 160.000015 180.000000 -126.320404 0.000001 0.000001 80.519386 0.000003 0.000002 53.625919 6.885009 -5.740289 -8.209789 151.518600 169.590561 110.236496 160.696564 -171.563309 178.536896 0.324826 -36.547195 9.070531 113.066010 123.465385 153.216827 0.000000 0.000000 -35.943481 0.000000 -0.000002 -12.971737 0.000000 -0.000000 0.000003 165.000015 179.999985 142.050751 180.000000 -179.999985 148.950638 180.000000 180.000000 158.265442 0.000000 -0.000000 0.000003 180.000000 180.000000 146.995743 0.000001 0.000002 -49.506374 0.000003 0.000002 -32.971249 0.000000 -0.000000 0.000003 10.000005 -0.000000 -31.601397 180.000000 180.000000 132.597916 0.000003 0.000001 -31.569786 0.000000 -0.000000 0.000003 20.000002 0.000002 -34.253349 0.000002 0.000003 -51.380016 180.000000 -180.000000 145.780914
-183.425598 4.633866 283.526825 123.456734 178.884949 179.455643 165.021545 179.916077 178.013092 36.654221 -1.621731 -0.367094 173.505493 -179.175339 -174.155365 147.323837 -178.072525 179.929840 19.455595 9.685631 -2.775316 60.934189 -13.022611 -1.768764 176.429840 174.835587 -178.514603 176.433105 174.858185 -177.308105 162.860764 175.099152 -178.221191 179.999619 177.637283 -179.605759 179.999573 177.243500 -179.591721 173.307907 177.951843 -179.999054 10.540248 -8.928520 5.443516 38.816189 -53.296597 59.379566 55.940865 -23.941063 -10.432807 17.060419 -43.507420 -46.204601 75.734985 53.396969 38.658878 0.000000 -0.000000 43.655231 0.000000 -0.000000 19.896421 0.000000 -0.000000 0.000000 15.000004 0.000001 67.918701 0.000002 -0.000001 55.569847 180.000000 -180.000000 -138.322632 0.000000 -0.000000 0.000000 0.000000 -0.000000 80.919235 180.000000 -180.000000 -99.080772 180.000000 -180.000000 -119.310562 0.000000 -0.000000 0.000000 170.000000 179.999985 -98.807121 0.000001 -0.000001 81.192894 0.000002 0.000001 60.894676 0.000000 -0.000000 0.000000 160.000015 180.000000 -126.325958 0.000000 -0.000000 80.511063 180.000000 -179.999985 -126.379646 6.945234 -5.769721 -8.201581 151.525543 169.587921 110.195763 160.666275 -171.606934 178.527267 0.316487 -36.537739 9.168480 113.130226 123.438362 153.274796 180.000000 179.999985 144.066788 0.000002 0.000000 -12.966602 0.000000 -0.000000 0.000000 165.000000 -180.000000 142.040695 0.000004 -0.000001 -31.057617 0.000000 0.000000 -21.740328 0.000000 -0.000000 0.000000 0.000000 -0.000001 -33.022865 180.000000 -180.000000 130.465714 180.000000 180.000000 147.010162 0.000000 -0.000000 0.000000 10.000001 0.000004 -31.625057 180.000000 180.000000 132.562424 0.000003 0.000001 -31.593433 0.000000 -0.000000 0.000000 20.000004 -0.000000 -34.285938 180.000000 -180.000000 128.571091 0.000000 -0.000001 -34.251652
-183.423294 4.633425 283.517303 123.376999 178.869293 179.451523 165.086197 179.865189 178.044312 36.663174 -1.656100 -0.402935 173.522217 -179.137741 -174.184479 147.380539 -178.094925 179.959122 19.473917 9.711581 -2.779358 60.942986 -13.023083 -1.823736 176.428131 174.864639 -178.520401 176.431366 174.886932 -177.318893 162.857452 175.123611 -178.227142 179.999588 177.901611 -179.652924 179.999542 177.551895 -179.640579 173.442673 178.181183 -179.998489 10.652067 -8.965297 5.467039 39.152699 -53.431370 58.941807 55.785732 -24.010933 -10.525265 17.305038 -43.399162 -46.626862 75.683731 53.499317 38.676903 0.000002 -0.000001 43.707058 0.000001 0.000003 19.961170 0.000000 -0.000000 0.000000 15.000000 -0.000003 67.691528 0.000001 0.000002 55.383968 0.000001 0.000002 41.537971 0.000000 -0.000000 0.000000 0.000001 -0.000001 80.606728 180.000000 -180.000000 -99.393288 0.000001 0.000001 60.455036 0.000000 -0.000000 0.000000 170.000000 179.999985 -99.423340 180.000000 -180.000000 -99.423370 180.000000 -180.000000 -119.567528 0.000000 -0.000000 0.000000 160.000015 179.999985 -126.334045 0.000001 -0.000002 80.498940 180.000000 179.999985 -126.387703 7.022353 -5.780679 -8.194944 151.526581 169.605286 110.160698 160.661484 -171.647827 178.515900 0.286978 -36.527584 9.274798 113.216263 123.455994 153.363617 180.000000 179.999985 144.045334 0.000002 0.000002 -12.977334 0.000000 -0.000000 0.000000 165.000015 -179.999985 142.001434 180.000000 -179.999985 148.910278 180.000000 180.000000 158.237198 0.000000 -0.000000 0.000000 180.000000 180.000000 146.943436 0.000002 0.000001 -49.584846 0.000000 0.000000 -33.023514 0.000000 -0.000000 0.000000 9.999996 0.000001 -31.653675 0.000001 -0.000003 -47.480522 0.000003 0.000001 -31.622026 0.000000 -0.000000 0.000000 20.000002 -0.000000 -34.327747 180.000000 179.999985 128.508377 180.000000 179.999985 145.706573
-183.421219 4.632271 283.508026 123.308151 178.854370 179.448471 165.136551 179.803635 178.081085 36.681530 -1.696111 -0.446261 173.532318 -179.100143 -174.216156 147.419983 -178.121506 179.993149 19.504353 9.742755 -2.783075 60.952888 -13.019742 -1.888901 176.425659 174.890198 -178.525253 176.428879 174.912231 -177.327911 162.849945 175.144608 -178.232315 179.999710 178.206863 -179.694443 179.999649 177.908020 -179.683594 173.610916 178.445236 -179.990311 10.759679 -9.012639 5.488787 39.537991 -53.611744 58.435047 55.537724 -24.042578 -10.578312 17.651932 -43.298374 -47.219261 75.852432 53.836044 38.954288 180.000000 -179.999985 -136.460464 180.000000 180.000000 -160.188721 0.000000 -0.000000 0.000000 15.000002 -0.000002 67.843567 180.000000 180.000000 -124.491631 0.000003 0.000003 41.631275 0.000000 -0.000000 0.000000 180.000000 -180.000000 -99.724297 180.000000 -180.000000 -99.724304 0.000000 -0.000000 60.206791 0.000000 -0.000000 0.000000 170.000000 -180.000000 -99.459381 180.000000 180.000000 -99.459389 0.000000 -0.000000 60.405460 0.000000 -0.000000 0.000000 160.000000 180.000000 -126.455444 0.000001 -0.000001 80.316833 0.000002 -0.000000 53.491005 7.098511 -5.797738 -8.186743 151.521927 169.617264 110.124924 160.654861 -171.679642 178.507324 0.269990 -36.526226 9.365809 113.218056 123.474602 153.371582 0.000002 0.000001 -35.962391 0.000000 0.000000 -12.981200 0.000000 -0.000000 0.000000 165.000000 -180.000000 141.958801 0.000006 0.000003 -31.124613 180.000000 -179.999985 158.212784 0.000000 -0.000000 0.000000 180.000000 180.000000 146.909836 0.000006 0.000000 -49.635231 0.000000 -0.000001 -33.057068 0.000000 -0.000000 0.000000 10.000002 0.000002 -31.682922 0.000002 0.000005 -47.524376 180.000000 180.000000 148.348755 0.000000 -0.000000 0.000000 20.000000 0.000008 -34.364193 0.000003 0.000002 -51.546295 180.000000 180.000000 145.670181
-183.418762 4.630573 283.496979 123.215767 178.833206 179.445953 165.212799 179.755280 178.118927 36.703239 -1.729605 -0.480816 173.537857 -179.057281 -174.254074 147.487778 -178.136871 -179.967514 19.534277 9.775220 -2.788762 60.961311 -13.009963 -1.949934 176.424927 174.923294 -178.532043 176.428116 174.945038 -177.340576 162.851959 175.172989 -178.238846 179.999847 178.468643 -179.723007 179.999832 178.213425 -179.713135 173.806473 178.671265 -179.977615 10.915884 -9.081284 5.521323 40.031250 -53.799961 57.764618 55.127098 -24.088984 -10.611082 18.027626 -43.256840 -47.865585 76.123703 54.335598 39.383728 0.000002 0.000007 43.286297 0.000003 -0.000001 19.584785 0.000000 -0.000000 0.000000 15.000004 -0.000003 68.033371 0.000001 0.000002 55.663654 180.000000 -180.000000 -138.252274 0.000000 -0.000000 0.000000 0.000000 -0.000000 80.222740 180.000000 -180.000000 -99.777267 0.000000 -0.000000 60.167061 0.000000 -0.000000 0.000000 170.000000 180.000000 -100.185532 0.000001 0.000001 79.814491 0.000000 -0.000000 59.860851 0.000000 -0.000000 0.000000 160.000015 -180.000000 -126.699516 180.000000 179.999985 -100.049263 0.000000 -0.000000 53.247177 7.193057 -5.804922 -8.176718 151.503387 169.625259 110.083366 160.644485 -171.712341 178.507523 0.277405 -36.530567 9.435120 113.175293 123.480507 153.327026 0.000004 -0.000001 -35.968304 180.000000 -179.999985 167.015854 0.000000 -0.000000 0.000000 165.000015 179.999985 141.923828 0.000000 -0.000002 -31.153240 180.000000 -179.999985 158.192734 0.000000 -0.000000 0.000000 180.000000 -179.999985 146.887619 180.000000 -180.000000 130.331406 0.000000 -0.000000 -33.079277 0.000000 -0.000000 0.000000 9.999999 0.000001 -31.704943 0.000001 -0.000001 -47.557434 0.000003 0.000002 -31.673258 0.000000 -0.000000 0.000000 20.000002 0.000001 -34.397182 180.000000 -180.000000 128.404236 180.000000 180.000000 145.637222
-183.416763 4.628598 283.487091 123.138229 178.812683 179.444473 165.272232 179.705551 178.160416 36.728565 -1.760467 -0.522296 173.543503 -179.008316 -174.289810 147.539459 -178.145569 -179.922989 19.567448 9.822365 -2.794366 60.970310 -12.995126 -2.019025 176.425888 174.953354 -178.538895 176.429031 174.974930 -177.353317 162.861450 175.199860 -178.245361 179.999924 178.717361 -179.736176 179.999924 178.503586 -179.726776 173.990372 178.885178 -179.958725 11.044228 -9.080392 5.550889 40.624619 -54.018280 56.993877 54.686436 -24.030436 -10.644564 18.421165 -43.243881 -48.656719 76.107895 54.436016 39.448952 0.000001 0.000003 43.355373 0.000003 -0.000001 19.666378 0.000000 -0.000000 0.000000 15.000000 0.000001 68.314384 180.000000 -180.000000 -124.106407 180.000000 -179.999985 -138.079803 0.000000 -0.000000 0.000000 0.000001 -0.000001 79.793877 0.000000 -0.000000 79.793861 180.000000 -180.000000 -120.154610 0.000000 -0.000000 0.000000 170.000000 180.000000 -100.958382 180.000000 -180.000000 -100.958405 0.000000 -0.000000 59.281212 0.000000 -0.000000 0.000000 160.000015 -180.000000 -126.762329 0.000001 -0.000002 79.856522 0.000002 -0.000001 53.184437 7.271532 -5.810378 -8.163748 151.470932 169.657166 110.050606 160.664261 -171.743317 178.506439 0.273712 -36.523773 9.500218 113.195900 123.489548 153.344803 0.000001 -0.000002 -35.985554 0.000000 0.000000 -12.992778 0.000000 -0.000000 0.000000 165.000015 -179.999985 141.899536 0.000000 -0.000002 -31.173096 180.000000 180.000000 158.178833 0.000000 -0.000000 0.000000 180.000000 180.000000 146.868576 0.000001 0.000001 -49.697132 0.000000 -0.000001 -33.098297 0.000000 -0.000000 0.000000 10.000005 0.000003 -31.711647 0.000003 0.000002 -47.567474 0.000000 -0.000001 -31.679937 0.000000 -0.000000 0.000000 19.999998 0.000001 -34.403835 0.000002 0.000004 -51.605770 0.000004 -0.000001 -34.369438
-183.415405 4.626658 283.479370 123.082382 178.796494 179.444321 165.309906 179.659958 178.196304 36.756279 -1.784342 -0.553445 173.544861 -178.959000 -174.327133 147.569809 -178.153580 -179.873459 19.600397 9.868960 -2.809263 60.977879 -12.977948 -2.081044 176.427109 174.977570 -178.544418 176.430237 174.998993 -177.363632 162.871231 175.221649 -178.250427 179.999985 178.989990 -179.744781 179.999985 178.821640 -179.735672 174.165009 179.119308 -179.936081 11.141475 -9.080026 5.572041 41.416786 -54.217110 56.032120 54.161091 -24.099110 -10.706902 18.865082 -43.045074 -49.597683 75.549255 53.856300 38.796066 180.000000 -179.999985 -136.101456 180.000000 -179.999985 -159.801529 0.000000 -0.000000 0.000000 15.000002 -0.000002 68.716103 0.000001 0.000002 56.222263 180.000000 -180.000000 -137.833298 0.000000 -0.000000 0.000000 180.000000 -180.000000 -100.520615 180.000000 -180.000000 -100.520615 180.000000 180.000000 -120.390472 0.000000 -0.000000 0.000000 170.000000 -180.000000 -100.648499 180.000000 180.000000 -100.648491 0.000001 -0.000002 59.513630 0.000000 -0.000000 0.000000 160.000015 -180.000000 -127.141953 0.000004 -0.000001 79.287086 180.000000 180.000000 -127.194801 7.352000 -5.834324 -8.157080 151.416199 169.678040 110.019493 160.674622 -171.773544 178.516815 0.311113 -36.520412 9.525707 113.197342 123.437653 153.332031 180.000000 -179.999985 144.041428 180.000000 -180.000000 167.020706 0.000000 -0.000000 0.000000 165.000015 -179.999985 141.915955 0.000000 0.000000 -31.159658 0.000000 0.000000 -21.811768 0.000000 -0.000000 0.000000 0.000000 -0.000001 -33.125572 0.000001 0.000001 -49.688347 0.000000 0.000000 -33.092442 0.000000 -0.000000 0.000000 10.000001 0.000004 -31.693823 180.000000 179.999985 132.459259 180.000000 -180.000000 148.337875 0.000000 -0.000000 0.000000 19.999998 0.000003 -34.408070 180.000000 -179.999985 128.387878 0.000000 0.000000 -34.373669
-183.414581 4.625215 283.473938 123.050995 178.787552 179.443680 165.327484 179.625061 178.220322 36.787991 -1.793949 -0.558234 173.536591 -178.905609 -174.371460 147.585358 -178.159119 -179.828339 19.628231 9.944043 -2.812897 60.989033 -12.960046 -2.167292 176.428940 175.002213 -178.550858 176.432053 175.023560 -177.375504 162.884155 175.244705 -178.256866 0.000026 0.787174 0.254327 0.000031 0.918374 0.263410 174.290787 179.310364 -179.915070 11.202674 -9.065189 5.599109 42.155502 -54.377705 55.146580 53.528511 -23.850889 -10.684310 19.405920 -43.076561 -50.671864 77.617699 55.812820 41.521938 180.000000 180.000000 -137.247711 0.000001 0.000007 19.136230 0.000000 -0.000000 0.000000 15.000004 -0.000000 69.139893 0.000000 -0.000000 56.568989 180.000000 -180.000000 -137.573242 0.000000 -0.000000 0.000000 0.000001 0.000001 79.678490 180.000000 179.999985 -100.321510 0.000000 0.000002 59.758869 0.000000 -0.000000 0.000000 170.000000 180.000000 -100.973366 0.000001 -0.000001 79.026619 180.000000 180.000000 -120.730026 0.000000 -0.000000 0.000000 160.000015 180.000000 -127.560585 0.000000 -0.000000 78.659119 0.000001 -0.000002 52.386971 7.432846 -5.864926 -8.149490 151.345291 169.694336 109.990906 160.671829 -171.805145 178.533844 0.353131 -36.509880 9.581800 113.334839 123.371124 153.463440 0.000000 0.000000 -35.912197 180.000000 -180.000000 167.043900 0.000002 0.000002 0.000000 165.000015 -179.999985 141.947998 180.000000 179.999985 148.866562 180.000000 180.000000 158.206589 0.000002 0.000002 0.000000 0.000003 -0.000003 -33.115433 180.000000 -180.000000 130.326874 0.000000 0.000000 -33.082310 0.000002 0.000002 0.000000 10.000002 0.000004 -31.703426 0.000003 0.000001 -47.555145 0.000000 -0.000001 -31.671724 0.000002 0.000002 0.000000 20.000002 -0.000000 -34.398281 0.000003 0.000001 -51.597401 0.000001 -0.000002 -34.363880
-183.413910 4.624571 283.469421 123.019630 178.778610 179.443024 165.354660 179.608337 178.236481 36.815639 -1.791322 -0.549785 173.524414 -178.848495 -174.413910 147.625198 -178.155884 -179.781693 19.638714 10.039565 -2.812081 61.002327 -12.941338 -2.268781 176.432098 175.023987 -178.556870 176.435165 175.045288 -177.386642 162.902832 175.265808 -178.262482 0.000034 0.577414 0.252833 0.000047 0.673653 0.261871 174.408585 179.490356 -179.896988 11.256249 -9.058409 5.625659 42.722980 -54.458080 54.465794 52.844814 -23.389090 -10.593900 19.966103 -43.088123 -51.815216 77.608589 55.729477 41.560635 0.000002 -0.000001 42.927166 180.000000 179.999985 -160.689209 0.000000 -0.000000 0.000000 15.000004 -0.000000 69.637344 180.000000 -180.000000 -123.024025 180.000000 -180.000000 -137.268005 0.000000 -0.000000 0.000000 0.000000 -0.000000 79.654198 180.000000 -180.000000 -100.345802 0.000000 -0.000000 59.740658 0.000000 -0.000000 0.000000 170.000000 -180.000000 -99.631973 180.000000 180.000000 -99.631966 180.000000 180.000000 -119.723969 0.000000 -0.000000 0.000000 160.000015 -180.000000 -127.623795 0.000000 -0.000002 78.564308 0.000002 -0.000001 52.323837 7.520589 -5.896111 -8.149923 151.286636 169.739548 109.979507 160.686920 -171.850754 178.542191 0.358146 -36.514484 9.692285 113.455826 123.377556 153.591644 180.000000 -179.999985 144.084427 0.000002 -0.000002 -12.957791 0.000000 -0.000000 0.000000 165.000000 -179.999985 141.923706 180.000000 180.000000 148.846680 0.000000 -0.000002 -21.807323 0.000000 -0.000000 0.000000 180.000000 179.999985 146.877472 180.000000 -180.000000 130.316177 180.000000 -180.000000 146.910583 0.000000 -0.000000 0.000000 10.000002 -0.000005 -31.713036 0.000000 -0.000001 -47.569553 0.000003 0.000001 -31.681313 0.000000 -0.000000 0.000000 20.000002 0.000001 -34.422367 180.000000 180.000000 128.366455 180.000000 180.000000 145.612061
-183.413666 4.624751 283.466736 123.011787 178.775894 179.441833 165.361618 179.593582 178.247940 36.850849 -1.776055 -0.531209 173.500458 -178.790558 -174.456635 147.670410 -178.152328 -179.735641 19.616652 10.133743 -2.816757 61.014694 -12.925633 -2.362124 176.433517 175.038239 -178.560944 176.436569 175.059509 -177.394104 162.912018 175.279572 -178.266754 0.000016 0.342882 0.249703 0.000012 0.400032 0.258630 174.546646 179.691803 -179.878632 11.261236 -9.030273 5.641433 43.125694 -54.510132 54.011650 52.305325 -22.925495 -10.488662 20.351322 -42.813602 -52.920315 76.301903 54.817211 39.987553 0.000000 -0.000000 43.621452 0.000001 0.000003 19.977880 0.000000 -0.000000 0.000000 15.000000 -0.000003 70.196030 180.000000 -179.999985 -122.566925 0.000000 -0.000000 43.074829 0.000000 -0.000000 0.000000 180.000000 180.000000 -99.929520 0.000001 0.000001 80.070480 180.000000 180.000000 -119.947136 0.000000 -0.000000 0.000000 170.000000 179.999985 -99.881058 0.000001 0.000001 80.118942 0.000000 -0.000000 60.089191 0.000000 -0.000000 0.000000 160.000015 179.999985 -128.165909 180.000000 -180.000000 -102.248863 180.000000 180.000000 -128.217728 7.630283 -5.946008 -8.162082 151.220657 169.770737 109.975052 160.669846 -171.872025 178.557037 0.376666 -36.508232 9.820800 113.722809 123.334625 153.874588 0.000003 0.000001 -35.860538 0.000000 0.000000 -12.930268 0.000000 -0.000000 0.000000 165.000000 -180.000000 141.945801 180.000000 179.999985 148.864746 0.000003 0.000002 -21.794676 0.000000 -0.000000 0.000000 180.000000 -180.000000 146.834381 0.000000 -0.000005 -49.748436 0.000000 0.000000 -33.132442 0.000000 -0.000000 0.000000 10.000004 -0.000003 -31.742836 0.000002 0.000004 -47.614246 180.000000 -180.000000 148.288895 0.000000 -0.000000 0.000000 19.999998 0.000003 -34.495934 180.000000 -179.999985 128.256104 180.000000 -180.000000 145.538559
-183.413574 4.625354 283.464752 123.011787 178.775894 179.441833 165.361618 179.593582 178.247940 36.900181 -1.741730 -0.488451 173.460220 -178.722717 -174.505859 147.726227 -178.144608 -179.694916 19.596138 10.254861 -2.805189 61.031723 -12.912112 -2.485170 176.434464 175.046356 -178.563507 176.437515 175.067612 -177.398773 162.918015 175.287659 -178.269577 0.000003 0.137606 0.244466 179.999985 179.839447 -179.746796 174.682205 179.868362 -179.864777 11.250386 -9.006454 5.651852 44.691486 -54.556091 52.267513 51.520458 -23.190620 -10.623405 20.549936 -42.434471 -53.811287 75.009666 53.960163 38.421806 0.000002 0.000003 44.279068 180.000000 180.000000 -159.375778 0.000000 -0.000000 0.000000 15.000000 -0.000002 66.072800 0.000002 -0.000001 54.059551 0.000002 -0.000001 40.544674 0.000000 -0.000000 0.000000 0.000000 -0.000000 80.812759 0.000001 0.000001 80.812775 180.000000 180.000000 -119.390411 0.000000 -0.000000 0.000000 170.000000 179.999985 -99.850227 0.000001 -0.000001 80.149780 180.000000 180.000000 -119.887657 0.000000 -0.000000 0.000000 160.000015 -179.999985 -128.908966 0.000001 0.000001 76.636551 0.000000 -0.000000 51.039944 7.777592 -6.018768 -8.188198 151.154510 169.795151 109.978104 160.616898 -171.889481 178.572968 0.394603 -36.520283 9.999423 113.963158 123.290115 154.120361 0.000003 -0.000002 -35.821445 180.000000 180.000000 167.089279 0.000000 -0.000000 0.000000 165.000015 179.999985 141.944870 0.000002 0.000000 -31.136024 0.000000 -0.000002 -21.795223 0.000000 -0.000000 0.000000 180.000000 -180.000000 146.801636 180.000000 180.000000 130.202454 0.000000 0.000000 -33.165161 0.000000 -0.000000 0.000000 10.000000 -0.000004 -31.803764 0.000001 -0.000002 -47.705639 0.000003 0.000001 -31.771946 0.000000 -0.000000 0.000000 19.999998 -0.000000 -34.565952 180.000000 -180.000000 128.151062 0.000003 0.000001 -34.531399
-183.413498 4.626053 283.462799 123.011787 178.775894 179.441833 165.361618 179.593582 178.247940 36.957020 -1.705109 -0.449906 173.412628 -178.651169 -174.552444 147.782455 -178.136322 -179.665390 19.577131 10.372697 -2.782658 61.048847 -12.895787 -2.611732 176.435425 175.054459 -178.566071 176.438461 175.075714 -177.403427 162.923981 175.295746 -178.272415 179.999969 -179.939835 -179.764313 179.999969 -179.929810 -179.755890 174.859680 -179.961121 -179.855179 11.239540 -8.982638 5.662268 45.963211 -54.547169 50.845394 50.412384 -22.762611 -10.557700 21.096094 -42.567650 -54.882298 73.599266 53.073463 36.708237 0.000002 0.000003 44.970638 0.000000 -0.000000 21.320532 0.000000 -0.000000 0.000000 15.000000 -0.000001 65.640457 0.000001 0.000002 53.705837 180.000000 179.999985 -139.720612 0.000000 -0.000000 0.000000 0.000000 -0.000000 78.940590 0.000000 -0.000002 78.940605 180.000000 179.999985 -120.794571 0.000000 -0.000000 0.000000 170.000000 -179.999985 -100.008926 0.000002 0.000000 79.991066 180.000000 180.000000 -120.006714 0.000000 -0.000000 0.000000 160.000015 180.000000 -129.207687 0.000000 -0.000000 76.188469 0.000002 0.000003 50.741535 7.929064 -6.078049 -8.216101 151.115387 169.840271 109.996758 160.572617 -171.917038 178.571304 0.350190 -36.553215 10.258015 113.950729 123.325966 154.102203 0.000001 0.000002 -35.870461 180.000000 -179.999985 167.064758 0.000000 -0.000000 0.000000 165.000000 180.000000 141.855560 180.000000 -179.999985 148.790924 0.000000 -0.000002 -21.846359 0.000000 -0.000000 0.000000 180.000000 180.000000 146.743317 0.000002 -0.000001 -49.885010 0.000000 0.000000 -33.223419 0.000000 -0.000000 0.000000 9.999994 -0.000005 -31.863037 0.000004 0.000000 -47.794548 180.000000 -180.000000 148.168839 0.000000 -0.000000 0.000000 19.999990 -0.000002 -34.665649 180.000000 180.000000 128.001526 180.000000 -180.000000 145.369019
-183.416473 4.626692 283.469879 123.118889 178.778076 179.439407 165.396957 179.476898 178.315811 36.882805 -1.711878 -0.527024 173.353760 -178.578308 -174.597992 147.808670 -178.121445 -179.604889 19.507341 10.537061 -2.768352 61.071445 -12.882418 -2.773942 176.433319 175.069412 -178.566238 176.436356 175.090378 -177.404266 162.915802 175.305511 -178.270554 0.000028 -0.274031 0.225489 0.000018 -0.319698 0.233593 175.022461 -179.776794 -179.845001 11.141404 -8.948060 5.689015 47.690186 -54.538033 48.881500 49.177998 -22.739424 -10.555326 21.387655 -42.354893 -55.828007 71.905716 52.031887 34.642387 0.000003 -0.000001 45.794952 180.000000 -179.999985 -157.827835 0.000000 -0.000000 0.000000 15.000002 0.000000 65.279556 0.000001 0.000002 53.410542 0.000000 -0.000000 40.057903 0.000000 -0.000000 0.000000 0.000000 -0.000000 78.492790 0.000000 -0.000000 78.492790 180.000000 -179.999985 -121.130424 0.000000 -0.000000 0.000000 170.000000 -180.000000 -100.044594 180.000000 -180.000000 -100.044594 180.000000 -180.000000 -120.033455 0.000000 -0.000000 0.000000 160.000015 180.000000 -130.296982 180.000000 -180.000000 -105.445480 0.000000 -0.000002 49.653294 8.017594 -6.120053 -8.232683 151.059738 169.863968 110.014000 160.505676 -171.925308 178.574371 0.333229 -36.582005 10.483093 114.055534 123.294052 154.196930 180.000000 180.000000 144.135376 0.000000 -0.000002 -12.932316 0.000000 -0.000000 0.000000 165.000015 180.000000 141.817505 0.000002 0.000000 -31.240232 0.000004 -0.000003 -21.868162 0.000000 -0.000000 0.000000 0.000000 0.000000 -33.336422 180.000000 -179.999985 129.995361 180.000000 180.000000 146.696915 0.000000 -0.000000 0.000000 10.000000 -0.000001 -31.929132 0.000000 -0.000001 -47.893696 0.000003 0.000001 -31.897213 0.000000 -0.000000 0.000000 20.000002 -0.000000 -34.781956 180.000000 -179.999985 127.827042 180.000000 180.000000 145.252808
-183.421722 4.627087 283.482941 123.268166 178.781204 179.441681 165.390213 179.360016 178.379959 36.818527 -1.708099 -0.596699 173.284363 -178.493881 -174.650620 147.800552 -178.103271 -179.548233 19.432051 10.692924 -2.756196 61.092155 -12.866464 -2.927379 176.431442 175.088013 -178.566605 176.434494 175.108643 -177.405609 162.909241 175.317993 -178.268173 0.000054 -0.456233 0.215361 0.000060 -0.532268 0.223131 175.154388 -179.619644 -179.837601 10.997608 -8.906990 5.722379 49.414570 -54.494595 46.920147 48.087696 -22.968346 -10.593574 21.429859 -41.973503 -56.480804 70.334740 51.086201 32.719139 0.000000 -0.000000 46.548397 0.000001 0.000003 22.971542 0.000000 -0.000000 0.000000 14.999999 -0.000000 65.442917 0.000001 0.000002 53.544201 180.000000 -180.000000 -139.841858 0.000000 -0.000000 0.000000 0.000002 0.000000 78.711311 180.000000 179.999985 -101.288696 0.000000 -0.000000 59.033474 0.000000 -0.000000 0.000000 170.000000 -180.000000 -98.942062 0.000000 -0.000002 81.057922 180.000000 -180.000000 -119.206551 0.000000 -0.000000 0.000000 160.000015 -179.999985 -131.434570 0.000000 -0.000000 72.848145 0.000002 -0.000001 48.516865 8.105682 -6.164278 -8.249499 150.971222 169.857254 110.023621 160.414948 -171.918961 178.583786 0.344052 -36.597046 10.680135 114.096642 123.315201 154.240494 0.000001 0.000004 -35.885651 0.000002 -0.000003 -12.942830 0.000000 -0.000000 0.000000 165.000015 179.999985 141.755493 180.000000 -179.999985 148.709030 0.000003 0.000001 -21.903664 0.000000 -0.000000 0.000000 0.000002 -0.000000 -33.403595 180.000000 180.000000 129.894608 0.000000 -0.000002 -33.370186 0.000000 -0.000000 0.000000 10.000002 0.000001 -32.010910 180.000000 -179.999985 131.983643 0.000000 0.000000 -31.978888 0.000000 -0.000000 0.000000 20.000002 -0.000003 -34.889332 180.000000 180.000000 127.665993 180.000000 180.000000 145.145554
-183.428055 4.627213 283.498810 123.417450 178.784302 179.443939 165.383591 179.243286 178.444412 36.739262 -1.713888 -0.675615 173.230789 -178.417130 -174.696716 147.813934 -178.082169 -179.481522 19.333372 10.854732 -2.753414 61.112667 -12.845614 -3.084452 176.429596 175.106598 -178.567032 176.432617 175.126892 -177.407013 162.902679 175.330490 -178.265823 0.000058 -0.588146 0.206857 0.000066 -0.686166 0.214318 175.242981 -179.505768 -179.833252 10.853856 -8.865835 5.755636 51.131531 -54.417053 44.966309 46.990051 -23.200756 -10.610250 21.257774 -41.491386 -56.952576 68.596062 50.095314 30.582748 180.000000 180.000000 -132.683090 180.000000 -179.999985 -156.191223 0.000000 -0.000000 0.000000 15.000000 0.000003 65.383163 180.000000 -180.000000 -126.504707 180.000000 -180.000000 -139.878525 0.000000 -0.000000 0.000000 0.000002 0.000000 78.315094 0.000001 0.000001 78.315109 0.000000 0.000002 58.736320 0.000000 -0.000000 0.000000 170.000000 179.999985 -100.104645 0.000000 -0.000000 79.895340 0.000001 -0.000002 59.921516 0.000000 -0.000000 0.000000 160.000015 -179.999985 -131.990952 180.000000 -180.000000 -107.986420 180.000000 -180.000000 -132.038956 8.188789 -6.196948 -8.261562 150.910522 169.869705 110.037888 160.356079 -171.953094 178.570984 0.328896 -36.637249 10.873206 113.969894 123.369690 154.105759 0.000003 -0.000003 -35.950375 180.000000 180.000000 167.024811 0.000000 -0.000000 0.000000 165.000000 -180.000000 141.654861 0.000002 0.000004 -31.373295 180.000000 -179.999985 158.038696 0.000000 -0.000000 0.000000 180.000000 180.000000 146.516602 180.000000 -180.000000 129.774902 0.000004 0.000000 -33.449902 0.000000 -0.000000 0.000000 9.999997 -0.000001 -32.087994 180.000000 179.999985 131.868027 0.000000 -0.000001 -32.055897 0.000000 -0.000000 0.000000 20.000000 0.000004 -35.002861 0.000003 0.000001 -52.504284 0.000000 -0.000001 -34.967854
-183.437531 4.627080 283.522919 123.646164 178.788727 179.453552 165.404907 179.070648 178.532394 36.572273 -1.737335 -0.797298 173.157257 -178.335388 -174.752899 147.788132 -178.054947 -179.407639 19.219646 11.045215 -2.742438 61.136471 -12.820612 -3.271348 176.427246 175.132019 -178.566696 176.430267 175.151810 -177.407394 162.894409 175.346771 -178.260712 0.000013 -0.784721 0.187063 180.000000 -179.084518 -179.806168 175.416336 -179.335663 -179.833847 10.631582 -8.813633 5.796799 51.587219 -54.414108 44.424126 46.271980 -22.755798 -10.439578 20.752260 -40.767128 -57.266155 80.524612 57.715405 45.757820 0.000001 -0.000004 42.936314 0.000001 0.000007 19.463676 0.000000 -0.000000 0.000000 15.000000 -0.000001 65.233826 0.000000 -0.000000 53.373135 0.000000 -0.000000 40.029842 0.000000 -0.000000 0.000000 0.000000 -0.000000 78.965683 180.000000 179.999985 -101.034302 180.000000 -179.999985 -120.775734 0.000000 -0.000000 0.000000 170.000000 -179.999985 -100.101250 180.000000 -180.000000 -100.101234 0.000001 -0.000001 59.924072 0.000000 -0.000000 0.000000 160.000015 -180.000000 -133.157944 0.000003 -0.000002 70.263130 180.000000 -179.999985 -133.204773 8.223410 -6.219307 -8.267294 150.807281 169.856750 110.038399 160.310791 -171.974442 178.564880 0.337492 -36.647587 10.994551 113.984329 123.403038 154.116470 0.000000 -0.000004 -35.994938 180.000000 -180.000000 167.002518 0.000000 -0.000000 0.000000 165.000015 179.999985 141.602448 0.000001 0.000002 -31.416180 0.000000 0.000000 -21.991320 0.000000 -0.000000 0.000000 180.000000 180.000000 146.464371 0.000002 0.000001 -50.303463 0.000000 0.000000 -33.502106 0.000000 -0.000000 0.000000 9.999997 -0.000002 -32.125530 180.000000 -180.000000 131.811707 180.000000 -180.000000 147.906601 0.000000 -0.000000 0.000000 20.000002 0.000002 -35.072468 0.000000 0.000000 -52.608711 0.000000 -0.000001 -35.037399
-183.449783 4.626530 283.554474 123.932907 178.794128 179.468887 165.368301 178.898071 178.616364 36.421497 -1.755074 -0.909532 173.068558 -178.246368 -174.819351 147.731506 -178.022675 -179.328522 19.076799 11.242224 -2.740649 61.159863 -12.792418 -3.459374 176.424500 175.160934 -178.566132 176.427505 175.180161 -177.407501 162.884598 175.365082 -178.254486 179.999969 -179.047165 -179.830841 179.999939 -178.888382 -179.824692 175.512405 -179.190247 -179.835068 10.352424 -8.757053 5.844810 53.359741 -54.186783 42.358986 45.650845 -23.675377 -10.604663 19.675505 -39.500473 -57.164845 77.665787 56.839405 42.442989 0.000000 0.000007 43.554203 0.000001 0.000003 20.068274 0.000000 -0.000000 0.000002 15.000004 -0.000003 65.250801 0.000000 -0.000000 53.386997 0.000001 0.000003 40.040253 0.000000 -0.000000 0.000002 0.000003 -0.000002 79.532173 180.000000 -180.000000 -100.467827 0.000000 0.000002 59.649136 0.000000 -0.000000 0.000002 170.000000 180.000000 -99.223267 180.000000 179.999985 -99.223282 180.000000 180.000000 -119.417458 0.000000 -0.000000 0.000002 160.000000 -179.999985 -134.559692 0.000000 -0.000000 68.160469 180.000000 -179.999985 -134.605133 8.259364 -6.249554 -8.277176 150.656525 169.815430 110.029907 160.270370 -171.987457 178.568237 0.398637 -36.624760 11.036796 114.052643 123.409691 154.176254 0.000000 0.000002 -36.024632 0.000002 0.000002 -13.012318 0.000000 -0.000000 0.000000 165.000015 -180.000000 141.608444 180.000000 179.999985 148.588730 180.000000 180.000000 158.012115 0.000000 -0.000000 0.000000 180.000000 180.000000 146.460983 0.000001 -0.000002 -50.308514 180.000000 -180.000000 146.494522 0.000000 -0.000000 0.000000 10.000003 0.000001 -32.143421 0.000003 0.000001 -48.215130 180.000000 180.000000 147.888718 0.000000 -0.000000 0.000000 20.000002 0.000004 -35.069771 0.000002 -0.000003 -52.604660 180.000000 180.000000 144.965302
-183.462204 4.625344 283.584961 124.173470 178.790649 179.492538 165.310104 178.813339 178.645599 36.332478 -1.746287 -0.942260 172.985489 -178.159073 -174.885880 147.694092 -177.980530 -179.263748 18.960108 11.421226 -2.729183 61.179813 -12.752435 -3.639544 176.414688 175.180176 -178.563843 176.417740 175.198730 -177.403992 162.840256 175.373337 -178.250305 179.999924 -178.871719 -179.854065 179.999908 -178.683670 -179.848755 175.720856 -179.037979 -179.842056 10.171264 -8.735234 5.866349 54.863213 -53.883743 40.619465 44.001541 -23.079714 -10.248918 19.569006 -39.536060 -57.695381 81.407913 58.646824 47.122032 180.000000 -179.999985 -137.101486 0.000000 -0.000000 19.499634 0.000000 -0.000000 0.000000 15.000004 0.000000 64.708084 180.000000 -179.999985 -127.057022 0.000000 -0.000000 39.707241 0.000000 -0.000000 0.000000 180.000000 -180.000000 -101.952591 180.000000 179.999985 -101.952591 0.000003 0.000004 58.535561 0.000000 -0.000000 0.000000 170.000000 -180.000000 -100.906624 0.000000 -0.000000 79.093384 0.000002 0.000001 59.320042 0.000000 -0.000000 0.000000 160.000015 179.999985 -135.308502 180.000000 -180.000000 -112.962738 0.000002 0.000001 44.646809 8.384693 -6.307464 -8.312967 150.549042 169.786636 110.031021 160.257370 -172.044922 178.554306 0.450587 -36.628681 11.072216 113.982300 123.417191 154.096893 180.000000 -179.999985 143.954803 0.000000 0.000000 -13.023673 0.000000 -0.000000 0.000000 165.000015 179.999985 141.591919 0.000003 0.000001 -31.424799 0.000001 -0.000003 -21.997351 0.000000 -0.000000 0.000000 180.000000 -179.999985 146.467072 0.000004 -0.000000 -50.299416 0.000000 -0.000002 -33.499413 0.000000 -0.000000 0.000000 9.999998 0.000005 -32.130905 180.000000 179.999985 131.803650 180.000000 -180.000000 147.901230 0.000000 -0.000000 0.000000 20.000002 -0.000008 -35.051971 0.000001 -0.000002 -52.577965 0.000000 0.000000 -35.016922
-183.474472 4.623559 283.614899 124.398811 178.781998 179.513428 165.329147 178.711197 178.693481 36.195515 -1.748872 -0.993191 172.887970 -178.076263 -174.956223 147.697662 -177.931107 -179.185745 18.828566 11.623389 -2.711402 61.201950 -12.709453 -3.841110 176.412918 175.197708 -178.560760 176.415939 175.215805 -177.399506 162.833206 175.381943 -178.241211 179.999939 -178.677170 -179.880539 179.999893 -178.456696 -179.876114 175.960083 -178.869095 -179.850723 9.953499 -8.721792 5.887486 56.747635 -53.417828 38.450512 42.278732 -22.754105 -9.964961 19.126806 -39.289265 -58.203922 82.596878 59.493504 48.657059 180.000000 179.999985 -137.388565 180.000000 180.000000 -160.733536 0.000000 -0.000000 0.000000 15.000000 0.000001 64.300613 0.000005 0.000002 52.609596 180.000000 180.000000 -140.542801 0.000000 -0.000000 0.000000 0.000001 0.000001 78.338867 180.000000 -180.000000 -101.661140 0.000001 -0.000000 58.754143 0.000000 -0.000000 0.000000 170.000000 179.999985 -100.473297 0.000004 -0.000001 79.526703 0.000002 0.000001 59.645023 0.000000 -0.000000 0.000000 160.000000 180.000000 -136.682114 0.000000 -0.000000 64.976852 180.000000 -179.999985 -136.725433 8.510662 -6.371132 -8.364229 150.405472 169.736328 110.036514 160.257599 -172.074036 178.551376 0.516562 -36.599094 11.065451 114.250069 123.406013 154.371506 180.000000 180.000000 143.959793 0.000002 0.000000 -13.025110 0.000000 -0.000000 0.000000 165.000000 -180.000000 141.625397 180.000000 179.999985 148.602615 180.000000 -179.999985 158.021820 0.000000 -0.000000 0.000000 180.000000 -180.000000 146.460739 0.000002 0.000001 -50.308872 180.000000 -179.999985 146.494293 0.000000 -0.000000 0.000000 10.000000 0.000004 -32.116699 180.000000 -180.000000 131.824966 0.000006 0.000003 -32.084583 0.000000 -0.000000 0.000000 19.999994 0.000003 -35.062141 0.000003 0.000002 -52.593208 0.000000 -0.000001 -35.027077
-183.486816 4.621374 283.645020 124.624176 178.773422 179.534348 165.348267 178.609253 178.741821 36.082504 -1.740228 -1.027431 172.765656 -177.978577 -175.043304 147.676376 -177.883820 -179.116364 18.736870 11.836687 -2.672404 61.226143 -12.662166 -4.064195 176.411133 175.215286 -178.557739 176.414169 175.232910 -177.395096 162.826157 175.390594 -178.232178 179.999969 -178.463745 -179.910217 179.999954 -178.207703 -179.906937 176.260620 -178.683655 -179.861359 10.490258 -8.802024 5.912245 58.296654 -52.648304 35.816898 40.477306 -22.705229 -9.744959 18.754086 -39.183361 -58.756565 83.453926 60.044273 49.734451 0.000002 -0.000001 42.412041 0.000001 0.000003 19.102770 0.000000 -0.000000 0.000000 15.000004 0.000001 64.468132 0.000003 -0.000002 52.746647 180.000000 -179.999985 -140.440033 0.000000 -0.000000 0.000000 0.000000 -0.000002 77.259193 0.000004 -0.000001 77.259193 180.000000 180.000000 -122.055618 0.000000 -0.000000 0.000000 170.000000 -180.000000 -101.757278 0.000001 0.000001 78.242714 180.000000 -180.000000 -121.317955 0.000000 -0.000000 0.000000 160.000015 -179.999985 -136.573242 0.000001 0.000001 65.140152 180.000000 -180.000000 -136.616669 8.710897 -6.440609 -8.439803 150.231506 169.652649 110.050026 160.251144 -172.076126 178.557312 0.595222 -36.553585 11.048876 114.634796 123.416916 154.781204 0.000002 -0.000001 -36.029682 0.000003 0.000002 -13.022651 0.000000 -0.000000 0.000000 165.000000 179.999985 141.657196 0.000004 -0.000002 -31.371389 0.000003 0.000002 -21.959978 0.000000 -0.000000 0.000000 180.000000 -180.000000 146.473511 0.000000 0.000004 -50.289726 180.000000 -180.000000 146.507034 0.000000 -0.000000 0.000000 9.999999 0.000002 -32.125854 0.000003 0.000001 -48.188763 180.000000 -180.000000 147.906265 0.000000 -0.000000 0.000000 20.000002 -0.000000 -35.048061 180.000000 -180.000000 127.427887 180.000000 180.000000 144.986984
-183.501053 4.618620 283.680542 124.907143 178.751602 179.555557 165.281097 178.540543 178.781876 35.972054 -1.736449 -1.050895 172.669739 -177.889740 -175.122971 147.587006 -177.822739 -179.033630 18.623117 12.024405 -2.654705 61.243526 -12.608205 -4.250689 176.410751 175.233932 -178.553238 176.413818 175.251038 -177.388397 162.825500 175.399048 -178.219437 180.000000 -178.304749 -179.930878 179.999985 -178.022217 -179.928314 176.433807 -178.545807 -179.869064 10.962418 -8.898769 5.947290 59.928757 -51.743977 33.086178 38.626362 -22.790932 -9.515988 18.317644 -39.040684 -59.322140 81.585526 59.575977 47.606758 0.000001 -0.000000 42.729424 0.000000 -0.000000 19.404331 0.000000 -0.000000 0.000000 15.000004 0.000003 64.325020 0.000000 -0.000000 52.629555 0.000001 0.000003 39.472164 0.000000 -0.000000 0.000000 0.000000 -0.000002 77.322639 180.000000 180.000000 -102.677376 180.000000 -179.999985 -122.008026 0.000000 -0.000000 0.000000 170.000000 -180.000000 -100.692551 0.000001 0.000001 79.307426 180.000000 180.000000 -120.519424 0.000000 -0.000000 0.000000 160.000015 -180.000000 -136.478119 180.000000 -180.000000 -114.717178 0.000000 -0.000000 43.478367 8.827191 -6.511224 -8.506855 150.148621 169.584015 110.085182 160.242111 -172.130936 178.542633 0.663608 -36.576252 11.060081 114.573151 123.430756 154.720947 0.000002 -0.000006 -36.037655 180.000000 -179.999985 166.972534 0.000000 -0.000000 0.000000 165.000000 179.999985 141.638840 0.000002 -0.000001 -31.386414 180.000000 -180.000000 158.029510 0.000000 -0.000000 0.000000 0.000001 -0.000002 -33.516678 0.000001 -0.000005 -50.275032 180.000000 -179.999985 146.516830 0.000000 -0.000000 0.000000 10.000001 0.000001 -32.120892 180.000000 -180.000000 131.818665 180.000000 -180.000000 147.911209 0.000000 -0.000000 0.000000 20.000000 -0.000004 -35.048916 180.000000 -180.000000 127.426636 0.000001 -0.000002 -35.013874
-183.515564 4.615055 283.717010 125.174416 178.724716 179.573624 165.270279 178.448196 178.841232 35.817959 -1.748182 -1.095592 172.575928 -177.803314 -175.206116 147.530960 -177.747147 -178.925323 18.510513 12.261740 -2.626842 61.265808 -12.552887 -4.478179 176.410919 175.251297 -178.548248 176.413971 175.267914 -177.380844 162.827148 175.406342 -178.205734 0.000024 -1.863657 0.044746 179.999985 -177.825745 -179.953537 176.692703 -178.399612 -179.881409 11.448447 -9.003139 5.979026 60.626118 -51.044792 31.456337 37.059242 -22.276747 -9.210003 17.659868 -38.732311 -59.799461 77.219124 58.191517 42.549870 180.000000 180.000000 -136.438599 180.000000 -179.999985 -159.797073 0.000000 -0.000000 0.000000 14.999999 -0.000001 64.326630 0.000003 -0.000002 52.630875 180.000000 -179.999985 -140.526855 0.000000 -0.000000 0.000000 180.000000 180.000000 -102.476112 0.000000 -0.000000 77.523880 0.000000 -0.000000 58.142914 0.000000 -0.000000 0.000000 170.000000 -180.000000 -99.560440 0.000001 0.000001 80.439568 0.000003 0.000006 60.329666 0.000000 -0.000000 0.000000 160.000015 180.000000 -136.428497 0.000000 -0.000000 65.357269 0.000003 0.000004 43.527946 9.001114 -6.575809 -8.591311 150.032410 169.506897 110.129440 160.240479 -172.128860 178.544312 0.726691 -36.559448 11.057399 114.958969 123.453186 155.126236 180.000000 179.999985 143.951263 0.000002 0.000000 -13.043002 0.000000 -0.000000 0.000000 165.000015 179.999985 141.674942 0.000000 -0.000002 -31.356869 0.000003 0.000004 -21.949808 0.000000 -0.000000 0.000000 0.000005 -0.000000 -33.531208 0.000002 0.000003 -50.296803 180.000000 -180.000000 146.502319 0.000000 -0.000000 0.000000 10.000001 -0.000003 -32.105080 0.000001 0.000003 -48.157623 180.000000 180.000000 147.927017 0.000000 -0.000000 0.000000 19.999998 0.000006 -35.074520 180.000000 -180.000000 127.388222 0.000003 0.000001 -35.039452
-183.531387 4.610317 283.757629 125.474533 178.694733 179.593903 165.171494 178.378342 178.889038 35.731026 -1.750682 -1.108389 172.470764 -177.712921 -175.303665 147.413284 -177.667984 -178.823105 18.407240 12.468118 -2.611086 61.283386 -12.504043 -4.667566 176.406158 175.271362 -178.542297 176.409256 175.287277 -177.371597 162.805832 175.413269 -178.191910 0.000013 -2.002402 0.022302 180.000000 -177.663879 -179.976807 176.903183 -178.279160 -179.894531 11.934454 -9.108149 6.009296 61.370590 -50.288120 29.779331 36.692379 -23.388947 -9.447507 15.981272 -37.099861 -59.549988 81.794167 59.606125 47.933834 180.000000 180.000000 -137.109650 180.000000 -179.999985 -160.425995 0.000000 -0.000000 0.000000 15.000002 -0.000002 64.582329 0.000000 -0.000000 52.840111 0.000002 -0.000004 39.630058 0.000000 -0.000000 0.000000 180.000000 -179.999985 -102.104309 0.000005 0.000001 77.895714 180.000000 -179.999985 -121.578217 0.000000 -0.000000 0.000000 170.000000 180.000000 -101.215042 0.000004 -0.000001 78.784958 0.000001 -0.000001 59.088711 0.000000 -0.000000 0.000000 160.000015 180.000000 -140.218903 0.000003 -0.000002 59.671646 180.000000 179.999985 -140.258682 9.274167 -6.638011 -8.699762 149.876282 169.419357 110.182594 160.242188 -172.097504 178.561142 0.821243 -36.523968 11.020259 115.315720 123.476585 155.496063 0.000002 -0.000005 -36.069500 180.000000 180.000000 166.933655 0.000000 -0.000000 0.000000 165.000015 179.999985 141.721146 0.000000 -0.000002 -31.319061 180.000000 -179.999985 158.076675 0.000000 -0.000000 0.000000 0.000000 0.000000 -33.501831 0.000000 0.000000 -50.252743 0.000000 -0.000001 -33.468334 0.000000 -0.000000 0.000000 10.000001 -0.000003 -32.108677 0.000002 0.000000 -48.163017 0.000000 -0.000001 -32.076561 0.000000 -0.000000 0.000000 20.000006 -0.000004 -35.020660 180.000000 -179.999985 127.468994 180.000000 -180.000000 145.014374
-183.550262 4.604111 283.807739 125.862152 178.660736 179.620728 164.967255 178.301590 178.932266 35.643795 -1.771338 -1.133114 172.385605 -177.628342 -175.398666 147.220825 -177.569229 -178.707001 18.294926 12.697075 -2.601270 61.301514 -12.455352 -4.865478 176.376007 175.297928 -178.533859 176.379135 175.312286 -177.357178 162.665359 175.414948 -178.183426 180.000000 -177.875702 179.999313 179.999985 -177.521652 179.999344 177.176636 -178.173233 -179.911987 12.502541 -9.211651 6.031965 61.865879 -49.600357 28.384611 36.383125 -24.340124 -9.655453 14.424388 -35.600815 -59.196575 80.130966 59.196922 46.060707 180.000000 180.000000 -136.788559 0.000000 -0.000000 19.889734 0.000000 -0.000000 0.000000 15.000000 -0.000002 64.398598 0.000005 -0.000006 52.689754 0.000000 -0.000000 39.517319 0.000000 -0.000000 0.000000 0.000003 0.000002 77.810410 0.000003 -0.000002 77.810410 0.000001 0.000003 58.357807 0.000000 -0.000000 0.000000 170.000000 179.999985 -100.591507 0.000003 -0.000002 79.408493 180.000000 -179.999985 -120.443634 0.000000 -0.000000 0.000000 160.000000 -180.000000 -140.777176 0.000000 -0.000000 58.834232 0.000004 0.000002 39.183598 9.608280 -6.682117 -8.810528 149.827530 169.370331 110.254181 160.241989 -172.151291 178.553604 0.936005 -36.572525 11.000435 115.053894 123.474770 155.218521 0.000002 0.000001 -36.083416 180.000000 179.999985 166.926651 0.000000 -0.000000 0.000000 165.000000 179.999985 141.705460 0.000000 -0.000002 -31.331898 180.000000 180.000000 158.067673 0.000000 -0.000000 0.000000 180.000000 -180.000000 146.490585 180.000000 -180.000000 129.735870 0.000000 -0.000001 -33.475910 0.000000 -0.000000 0.000000 9.999996 0.000003 -32.066685 180.000000 -179.999985 131.899963 180.000000 -180.000000 147.965378 0.000000 -0.000000 0.000000 20.000006 -0.000001 -34.965626 180.000000 -179.999985 127.551567 0.000001 -0.000002 -34.930641
-183.570404 4.596529 283.861938 126.249794 178.626953 179.647766 164.763107 178.225006 178.975891 35.557991 -1.799605 -1.151290 172.299316 -177.555710 -175.499710 147.074402 -177.447540 -178.565002 18.157383 12.976994 -2.593617 61.323208 -12.410975 -5.089513 176.388992 175.311844 -178.528458 176.392136 175.326065 -177.349365 162.726852 175.422943 -178.163467 0.000029 -2.257589 -0.027655 179.999985 -177.366165 179.971451 177.193268 -178.057602 -179.922150 12.567771 -9.290155 6.105736 62.513683 -48.924145 27.041893 36.104038 -25.275303 -9.856484 12.744816 -33.952415 -58.712463 80.070251 59.137875 46.013119 0.000000 0.000003 43.301083 180.000000 180.000000 -160.020081 0.000000 -0.000000 0.000000 15.000000 -0.000002 64.340302 0.000003 -0.000002 52.642059 0.000003 -0.000001 39.481537 0.000000 -0.000000 0.000000 0.000001 0.000004 77.880753 0.000000 -0.000000 77.880768 180.000000 180.000000 -121.589432 0.000000 -0.000000 0.000000 170.000000 -180.000000 -100.976425 0.000003 -0.000002 79.023575 0.000001 -0.000001 59.267696 0.000000 -0.000000 0.000000 160.000015 180.000000 -141.929901 0.000000 -0.000000 57.105171 180.000000 180.000000 -141.967957 9.715968 -6.739991 -8.905174 149.704514 169.321899 110.335419 160.251022 -172.145248 178.573502 1.070681 -36.560909 10.945238 115.464729 123.464127 155.638626 180.000000 180.000000 143.922852 180.000000 -180.000000 166.923340 0.000000 -0.000000 0.000000 165.000000 180.000000 141.785339 180.000000 180.000000 148.733475 180.000000 -179.999985 158.113434 0.000000 -0.000000 0.000000 180.000000 179.999985 146.532471 180.000000 180.000000 129.798721 180.000000 180.000000 146.565948 0.000000 -0.000000 0.000000 10.000002 -0.000003 -32.020058 180.000000 180.000000 131.969910 0.000000 0.000000 -31.988041 0.000000 -0.000000 0.000000 20.000004 -0.000001 -34.978703 180.000000 -180.000000 127.531937 0.000004 0.000000 -34.943726
-183.593475 4.587319 283.925842 126.716309 178.580185 179.680344 164.495636 178.138321 179.022873 35.479851 -1.850261 -1.169391 172.192276 -177.490280 -175.617828 146.840927 -177.308685 -178.427307 18.024632 13.247029 -2.586851 61.343494 -12.372633 -5.298909 176.368851 175.337082 -178.518448 176.372040 175.349930 -177.332809 162.633072 175.425064 -178.147644 0.000045 -2.367460 -0.056409 0.000008 -2.762008 -0.058307 177.272308 -177.962006 -179.936966 12.939738 -9.364441 6.159112 63.129307 -48.125900 25.555307 35.801037 -26.332071 -10.095622 11.474899 -32.697433 -58.296272 81.587265 59.432590 47.713253 0.000000 -0.000000 43.051899 0.000000 -0.000000 19.729946 0.000001 -0.000000 0.000000 15.000000 -0.000002 64.560127 180.000000 180.000000 -127.178078 180.000000 180.000000 -140.383560 0.000001 -0.000000 0.000000 0.000002 0.000003 78.023521 0.000000 -0.000000 78.023521 180.000000 -179.999985 -121.482361 0.000001 -0.000000 0.000000 170.000000 179.999985 -101.732529 0.000000 -0.000000 78.267448 180.000000 180.000000 -121.299408 0.000001 -0.000000 0.000000 160.000015 -180.000000 -143.008011 180.000000 -180.000000 -124.512024 180.000000 180.000000 -143.044998 10.084191 -6.781698 -9.044287 149.373962 169.247681 110.407784 160.278580 -171.961044 178.655319 1.227293 -36.500462 10.882153 115.920540 123.430534 156.104645 180.000000 179.999985 143.957153 0.000000 -0.000003 -13.058250 0.000000 -0.000000 0.000000 165.000015 180.000000 141.881516 0.000005 0.000001 -31.187857 180.000000 180.000000 158.168488 0.000000 -0.000000 0.000000 180.000000 -179.999985 146.580368 0.000001 0.000002 -50.129463 0.000000 0.000000 -33.386230 0.000000 -0.000000 0.000000 10.000002 -0.000002 -32.027435 0.000001 -0.000003 -48.041161 0.000003 0.000001 -31.995403 0.000000 -0.000000 0.000000 19.999998 0.000003 -34.933201 180.000000 180.000000 127.600189 0.000007 0.000002 -34.898270
-183.616653 4.576754 283.990723 127.140503 178.537674 179.710617 164.230042 178.075729 179.055725 35.439617 -1.895491 -1.167030 172.090652 -177.436310 -175.733795 146.686508 -177.158463 -178.291763 17.870193 13.538992 -2.570992 61.364433 -12.329748 -5.524498 176.391129 175.346405 -178.511154 176.394287 175.359329 -177.322144 162.737137 175.430832 -178.120605 0.000095 -2.477403 -0.095884 0.000023 -2.890234 -0.099104 177.096466 -177.866058 -179.948608 13.148118 -9.476918 6.230944 63.516926 -47.341885 24.259211 35.561047 -27.292709 -10.349263 10.052011 -31.195301 -57.796097 80.333183 59.461189 46.369923 180.000000 180.000000 -136.839294 180.000000 179.999985 -160.142014 0.000000 -0.000000 0.000002 14.999997 -0.000004 64.092552 0.000000 -0.000000 52.439342 180.000000 -179.999985 -140.670471 0.000000 -0.000000 0.000002 180.000000 179.999985 -102.204865 0.000005 0.000001 77.795158 180.000000 180.000000 -121.653618 0.000000 -0.000000 0.000002 170.000000 -180.000000 -102.336304 0.000000 -0.000000 77.663704 0.000004 0.000006 58.247780 0.000000 -0.000000 0.000002 160.000015 -180.000000 -143.746262 0.000000 -0.000000 54.380608 180.000000 180.000000 -143.782516 10.172877 -6.842973 -9.142823 149.335602 169.220306 110.518997 160.244797 -172.026886 178.652512 1.375248 -36.566616 10.898057 115.567596 123.416588 155.735443 0.000001 0.000002 -36.042831 0.000002 -0.000003 -13.052100 0.000000 -0.000000 0.000000 165.000015 180.000000 141.852615 180.000000 -180.000000 148.788498 180.000000 -179.999985 158.151947 0.000000 -0.000000 0.000000 0.000004 -0.000001 -33.392830 180.000000 -179.999985 129.910767 0.000003 0.000001 -33.359421 0.000000 -0.000000 0.000000 10.000000 -0.000003 -32.005844 0.000002 0.000001 -48.008762 180.000000 180.000000 148.026169 0.000000 -0.000000 0.000000 20.000002 0.000000 -34.902519 180.000000 -179.999985 127.646210 0.000000 -0.000001 -34.867615
-183.637985 4.565894 284.051239 127.470932 178.504959 179.732758 164.240295 177.938934 179.112839 35.247631 -1.984799 -1.206504 171.959671 -177.392197 -175.854065 146.702591 -176.994370 -178.139786 17.667469 13.882545 -2.548585 61.388279 -12.282714 -5.784615 176.427475 175.347733 -178.506119 176.430618 175.361313 -177.315750 162.906982 175.437820 -178.093704 0.000076 -2.589843 -0.151620 180.000000 -176.978607 179.843170 176.970932 -177.767746 -179.973114 13.502856 -9.602987 6.294549 63.761284 -46.478298 22.996655 35.353428 -28.279541 -10.665038 8.460277 -29.468124 -57.325859 80.737907 60.073120 46.993111 180.000000 -179.999985 -136.991348 180.000000 179.999985 -160.251144 0.000000 -0.000000 0.000000 15.000002 0.000003 63.647202 0.000005 0.000002 52.074974 0.000002 0.000006 39.056240 0.000000 -0.000000 0.000000 0.000000 -0.000000 77.463478 0.000000 -0.000000 77.463470 0.000001 -0.000000 58.097610 0.000000 -0.000000 0.000000 170.000000 -180.000000 -102.578667 0.000000 -0.000000 77.421326 180.000000 180.000000 -121.933998 0.000000 -0.000000 0.000000 160.000015 180.000000 -145.335556 0.000000 -0.000000 51.996689 0.000004 0.000002 34.629795 10.281412 -6.887093 -9.231960 149.248901 169.188889 110.623039 160.203552 -172.006317 178.666840 1.500058 -36.560505 10.919926 116.099388 123.412308 156.287247 0.000003 0.000001 -36.023369 0.000004 -0.000005 -13.046190 0.000000 -0.000000 0.000000 165.000015 -179.999985 141.918442 180.000000 180.000000 148.842361 0.000000 -0.000002 -21.810354 0.000000 -0.000000 0.000000 180.000000 -180.000000 146.570389 0.000003 0.000001 -50.144440 180.000000 180.000000 146.603806 0.000000 -0.000000 0.000000 10.000001 0.000002 -31.997725 0.000000 0.000000 -47.996605 180.000000 -180.000000 148.034271 0.000000 -0.000000 0.000000 19.999996 -0.000000 -34.966656 180.000000 -180.000000 127.549995 0.000003 0.000001 -34.931705
-183.623322 4.554979 284.098785 128.084854 178.431534 179.804169 163.980270 177.867859 179.136627 35.098949 -2.058057 -1.218786 171.772278 -177.346893 -175.988922 146.430237 -176.779419 -178.016327 17.439800 14.179309 -2.543720 61.406338 -12.234786 -6.002669 176.454269 175.368225 -178.498108 176.457413 175.381775 -177.305008 163.033600 175.453156 -178.062164 0.000034 -2.691060 -0.215549 179.999985 -176.860535 179.776901 176.577225 -177.678772 -179.992340 13.634718 -9.758532 6.369304 64.062119 -45.529667 21.703627 35.139042 -29.342434 -11.037610 7.046970 -27.893240 -56.982468 80.725327 60.491741 47.157444 0.000001 0.000003 43.031910 0.000000 -0.000000 19.811083 0.000000 -0.000000 0.000000 15.000000 0.000001 63.558018 0.000001 0.000003 52.002018 0.000002 -0.000004 39.001518 0.000000 -0.000000 0.000000 180.000000 180.000000 -102.534088 180.000000 179.999985 -102.534103 0.000001 -0.000004 58.099419 0.000000 -0.000000 0.000000 170.000000 180.000000 -103.374977 0.000000 -0.000000 76.625038 0.000004 0.000002 57.468773 0.000000 -0.000000 0.000000 160.000015 -179.999985 -147.127350 0.000003 -0.000001 49.308979 0.000000 -0.000000 32.839790 10.250084 -6.945932 -9.307386 149.130707 169.132050 110.721970 160.146088 -171.908585 178.692841 1.607160 -36.510868 10.945345 116.635696 123.471901 156.855728 180.000000 -179.999985 143.955246 0.000000 0.000000 -13.071779 0.000000 -0.000000 0.000000 165.000000 -179.999985 141.945435 0.000002 0.000000 -31.135548 180.000000 180.000000 158.205124 0.000000 -0.000000 0.000000 0.000002 -0.000002 -33.440670 180.000000 180.000000 129.838989 0.000000 -0.000002 -33.407230 0.000000 -0.000000 0.000000 9.999999 0.000004 -32.056404 180.000000 -180.000000 131.915390 180.000000 -179.999985 147.975647 0.000000 -0.000000 0.000000 20.000004 -0.000000 -34.993580 180.000000 -180.000000 127.509621 180.000000 -180.000000 145.041397
-183.596420 4.544385 284.138916 128.698944 178.358841 179.876358 163.720230 177.797119 179.161224 34.962158 -2.127789 -1.242286 171.573975 -177.305130 -176.115479 146.089737 -176.591843 -177.928207 17.247658 14.401377 -2.540939 61.418701 -12.184179 -6.180927 176.437851 175.401596 -178.487671 176.441055 175.413773 -177.288162 162.958267 175.461502 -178.041718 0.000026 -2.769590 -0.286673 179.999985 -176.768921 179.703217 176.474274 -177.608902 179.972122 13.513931 -9.841025 6.398652 64.654976 -44.789883 20.720505 34.953766 -30.222553 -11.378835 5.978216 -26.680460 -56.805855 79.320587 60.347500 45.669285 180.000000 -179.999985 -136.710327 0.000000 -0.000000 20.083963 0.000000 -0.000000 0.000000 15.000000 0.000001 63.132519 0.000006 -0.000003 51.653881 0.000008 0.000001 38.740417 0.000000 -0.000000 0.000000 0.000001 -0.000001 77.123604 0.000002 0.000003 77.123604 180.000000 -179.999985 -122.157288 0.000000 -0.000000 0.000000 170.000000 -179.999985 -104.194786 0.000000 -0.000000 75.805214 0.000000 0.000004 56.853901 0.000000 -0.000000 0.000000 160.000000 -180.000000 -148.017746 0.000002 -0.000005 47.973392 0.000001 0.000003 31.950275 10.417741 -6.971355 -9.382030 149.202896 169.093506 110.815590 160.055206 -171.943436 178.672195 1.724487 -36.620789 10.996766 116.102646 123.496323 156.304138 0.000002 -0.000001 -36.088203 180.000000 -179.999985 166.903091 0.000000 -0.000000 0.000000 165.000000 -179.999985 141.858337 180.000000 180.000000 148.793182 180.000000 179.999985 158.155228 0.000000 -0.000000 0.000000 0.000002 -0.000001 -33.476379 0.000003 -0.000002 -50.214584 0.000000 0.000000 -33.442902 0.000000 -0.000000 0.000000 10.000001 0.000002 -32.098183 0.000001 -0.000001 -48.147282 0.000000 -0.000000 -32.066101 0.000000 -0.000000 0.000000 20.000002 0.000002 -35.053257 0.000000 0.000000 -52.579903 180.000000 -179.999985 144.981796
-183.554703 4.535301 284.155518 129.097168 178.310928 179.935013 163.581665 177.758682 179.166016 34.948738 -2.142875 -1.220230 171.343567 -177.252075 -176.237839 146.153275 -176.374634 -177.787964 16.963966 14.775589 -2.517321 61.441200 -12.117704 -6.480721 176.491440 175.405029 -178.483109 176.494598 175.418259 -177.283524 163.209320 175.476196 -178.007782 0.000024 -2.849431 -0.369367 179.999985 -176.675751 179.617523 176.170746 -177.537170 179.938202 13.399204 -9.983047 6.419973 64.900436 -44.080551 19.859426 34.799809 -31.009926 -11.719286 4.276467 -24.971485 -56.497738 75.166977 59.434406 40.964249 0.000000 -0.000000 43.799114 0.000000 -0.000000 20.596184 0.000000 -0.000000 0.000000 14.999999 -0.000002 62.684032 180.000000 179.999985 -128.713058 0.000001 -0.000008 38.465199 0.000000 -0.000000 0.000000 0.000000 -0.000000 76.600060 180.000000 179.999985 -103.399956 180.000000 -179.999985 -122.549957 0.000000 -0.000000 0.000000 170.000000 180.000000 -104.468140 180.000000 179.999985 -104.468155 0.000002 0.000003 56.648895 0.000000 -0.000000 0.000000 160.000000 179.999985 -149.908356 180.000000 179.999985 -134.862518 180.000000 -179.999985 -149.938446 10.333283 -7.021389 -9.428534 149.359543 169.069000 110.907310 159.983734 -172.029633 178.625061 1.826289 -36.648899 10.983401 116.378159 123.618431 156.609879 180.000000 -179.999985 143.826736 180.000000 180.000000 166.831604 0.000000 -0.000000 0.000000 165.000000 -180.000000 141.853455 0.000000 0.000000 -31.210798 0.000000 -0.000002 -21.847570 0.000000 -0.000000 0.000000 0.000000 -0.000002 -33.521641 0.000003 0.000005 -50.282463 0.000000 0.000000 -33.488125 0.000000 -0.000000 0.000000 9.999996 0.000000 -32.105591 0.000001 -0.000003 -48.158401 180.000000 180.000000 147.926498 0.000000 -0.000000 0.000000 20.000002 0.000003 -35.124542 0.000000 -0.000001 -52.686783 0.000003 0.000002 -35.089409
-183.469162 4.529504 284.158997 129.954300 178.224335 -179.932266 163.296875 177.708038 179.168213 34.661732 -2.164264 -1.248536 171.072784 -177.179703 -176.367340 145.735748 -176.103531 -177.686691 16.689322 15.113624 -2.500949 61.460022 -12.047025 -6.763859 176.459579 175.453461 -178.471954 176.462814 175.464630 -177.265656 163.063232 175.489624 -177.990372 0.000058 -2.906194 -0.443208 0.000005 -3.390445 -0.458937 175.913727 -177.484863 179.907791 13.494097 -10.110554 6.410051 65.061363 -43.332150 18.986876 31.478306 -28.741821 -10.965554 4.916777 -27.407557 -56.006966 72.387207 58.677204 37.743778 0.000002 0.000003 44.094021 0.000000 -0.000000 20.890610 0.000000 -0.000000 0.000000 15.000000 -0.000002 62.376175 180.000000 -179.999985 -128.964951 180.000000 -179.999985 -141.723724 0.000000 -0.000000 0.000000 0.000003 -0.000002 76.240379 0.000005 0.000001 76.240379 0.000000 0.000004 57.180302 0.000000 -0.000000 0.000000 170.000000 180.000000 -105.982475 179.999985 180.000000 -105.982452 0.000002 -0.000001 55.513157 0.000000 -0.000000 0.000000 160.000015 -179.999985 -151.920914 0.000000 -0.000000 42.118629 0.000003 -0.000001 28.051004 10.439008 -7.046385 -9.504674 149.288498 169.007248 110.964821 159.972626 -171.914185 178.651794 1.978898 -36.589489 10.841110 116.479874 123.694191 156.716125 180.000000 179.999985 143.748352 180.000000 -179.999985 166.766342 0.000000 -0.000000 0.000000 165.000000 -180.000000 141.858994 0.000004 -0.000001 -31.206266 180.000000 179.999985 158.155609 0.000000 -0.000000 0.000000 180.000000 -179.999985 146.502075 180.000000 180.000000 129.753128 0.000000 -0.000001 -33.464417 0.000000 -0.000000 0.000000 10.000001 -0.000000 -32.110500 0.000001 -0.000002 -48.165756 180.000000 -179.999985 147.921600 0.000000 -0.000000 0.000000 20.000002 0.000003 -35.070503 180.000000 180.000000 127.394257 180.000000 180.000000 144.964569
-183.354080 4.527856 284.151367 131.016449 178.129974 -179.763184 162.724518 177.733963 179.139008 34.432686 -2.131106 -1.253763 170.834991 -177.112015 -176.482574 145.120789 -175.804413 -177.602295 16.397846 15.449039 -2.483661 61.475410 -11.958204 -7.057541 176.424545 175.509109 -178.459900 176.427841 175.517990 -177.246124 162.902817 175.505737 -177.970230 0.000065 -2.957167 -0.510358 0.000001 -3.449911 -0.528481 175.462524 -177.437576 179.889877 13.347582 -10.246495 6.411061 65.104034 -42.721252 18.284100 28.096468 -26.136515 -10.233603 5.749362 -30.244856 -55.362450 70.089661 58.058083 35.054710 180.000000 180.000000 -135.751633 0.000000 -0.000000 21.046108 0.000000 -0.000000 0.000000 15.000004 0.000003 61.565468 180.000000 -180.000000 -129.628281 180.000000 179.999985 -142.221191 0.000000 -0.000000 0.000000 0.000001 -0.000005 75.369019 0.000005 0.000001 75.369003 0.000001 -0.000000 56.526764 0.000000 -0.000000 0.000000 170.000000 180.000000 -105.828476 180.000000 179.999985 -105.828484 180.000000 180.000000 -124.371353 0.000000 -0.000000 0.000000 160.000015 179.999985 -152.973145 0.000000 -0.000000 40.540287 0.000000 -0.000000 26.999828 10.280591 -7.092571 -9.554782 149.380844 168.957352 111.028854 159.942459 -171.962677 178.637909 2.181626 -36.664738 10.680347 115.767059 123.646736 155.960587 180.000000 -180.000000 143.746445 180.000000 179.999985 166.776276 0.000000 -0.000000 0.000000 165.000015 -180.000000 141.844025 180.000000 179.999985 148.781494 180.000000 179.999985 158.147049 0.000000 -0.000000 0.000000 0.000002 -0.000001 -33.443417 180.000000 180.000000 129.834869 0.000000 0.000000 -33.409981 0.000000 -0.000000 0.000000 10.000002 0.000002 -32.046700 180.000000 -179.999985 131.929947 0.000003 0.000000 -32.014656 0.000000 -0.000000 0.000000 20.000000 -0.000001 -34.957752 0.000000 0.000000 -52.436638 180.000000 -180.000000 145.077209
-183.251617 4.530928 284.139191 131.784622 178.080170 -179.634232 162.388351 177.727020 179.119278 34.263145 -2.061805 -1.244316 170.600555 -177.025726 -176.589630 144.847900 -175.536530 -177.501556 16.052843 15.807762 -2.480549 61.489876 -11.867889 -7.351341 176.414383 175.540573 -178.452728 176.417740 175.548370 -177.235229 162.857529 175.517700 -177.954285 0.000063 -3.002589 -0.573336 0.000008 -3.502906 -0.593707 175.186478 -177.395203 179.866928 13.511681 -10.355017 6.393144 64.914352 -42.153599 17.621058 24.755287 -23.363678 -9.612285 6.561672 -33.163559 -54.605820 67.834213 57.425545 32.399578 0.000001 -0.000000 44.358860 0.000003 -0.000001 21.159147 0.000000 -0.000000 0.000000 15.000006 0.000001 61.089962 0.000005 0.000002 49.982700 0.000000 -0.000000 37.487026 0.000000 -0.000000 0.000000 180.000000 179.999985 -104.550453 180.000000 179.999985 -104.550453 180.000000 -179.999985 -123.412842 0.000000 -0.000000 0.000000 170.000000 180.000000 -108.943794 0.000000 -0.000000 71.056213 0.000002 0.000003 53.292160 0.000000 -0.000000 0.000000 160.000015 -180.000000 -155.061630 0.000001 0.000003 37.407547 0.000001 0.000003 24.913429 10.260405 -7.112164 -9.614793 149.378510 168.912277 111.082901 159.962646 -171.948288 178.648331 2.379520 -36.641556 10.460370 116.039886 123.659554 156.236237 180.000000 180.000000 143.724945 0.000002 -0.000001 -13.247090 0.000000 -0.000000 0.000000 165.000000 179.999985 141.946945 180.000000 -180.000000 148.865677 0.000000 0.000000 -21.794022 0.000000 -0.000000 0.000000 0.000002 0.000002 -33.402702 180.000000 -179.999985 129.895935 180.000000 -180.000000 146.630707 0.000000 -0.000000 0.000000 10.000004 0.000001 -31.950792 0.000001 0.000002 -47.926167 0.000003 0.000002 -31.918833 0.000000 -0.000000 0.000000 20.000006 -0.000005 -34.902008 0.000003 0.000002 -52.353016 180.000000 -179.999985 145.132919
-183.134186 4.538392 284.123047 132.761780 178.025787 -179.465088 162.017456 177.710312 179.101456 33.952927 -1.966718 -1.257521 170.351486 -176.921173 -176.700333 144.419754 -175.221619 -177.407623 15.686168 16.243469 -2.443671 61.506836 -11.752351 -7.727911 176.400192 175.579742 -178.444473 176.403564 175.586197 -177.222504 162.793930 175.532516 -177.936020 0.000049 -3.045696 -0.633080 180.000000 -176.446777 179.344391 174.678513 -177.354309 179.856522 13.666709 -10.474060 6.377194 64.586456 -41.544029 16.916918 21.414539 -20.515944 -9.137843 7.315040 -36.077518 -53.768139 65.498978 56.681442 29.631256 180.000000 180.000000 -135.515823 0.000000 -0.000000 21.288345 0.000000 -0.000000 0.000000 15.000006 0.000000 60.798996 180.000000 180.000000 -130.255371 0.000002 -0.000004 37.308468 0.000000 -0.000000 0.000000 180.000000 -179.999985 -105.670021 0.000004 0.000005 74.329941 180.000000 -179.999985 -124.252518 0.000000 -0.000000 0.000000 170.000000 -180.000000 -111.036804 0.000002 0.000003 68.963173 0.000003 -0.000001 51.722393 0.000000 -0.000000 0.000000 160.000015 179.999985 -157.173935 180.000000 179.999985 -145.760910 0.000000 -0.000000 22.803236 10.137958 -7.133544 -9.672212 149.310699 168.864059 111.130547 160.011749 -171.850693 178.677704 2.564982 -36.519287 10.219809 116.583977 123.712296 156.822021 0.000003 0.000003 -36.271854 180.000000 180.000000 166.747787 0.000000 -0.000000 0.000000 165.000015 180.000000 142.063461 0.000002 0.000001 -31.039000 180.000000 179.999985 158.272690 0.000000 -0.000000 0.000000 0.000000 -0.000001 -33.324993 180.000000 -179.999985 130.012512 180.000000 -180.000000 146.708344 0.000000 -0.000000 0.000000 9.999999 0.000001 -31.917980 0.000001 -0.000001 -47.876999 180.000000 180.000000 148.113922 0.000000 -0.000000 0.000000 20.000002 -0.000001 -34.783981 0.000000 0.000000 -52.175957 180.000000 180.000000 145.250824
-183.000076 4.550102 284.102417 133.931427 177.968399 -179.254044 161.579712 177.699844 179.075531 33.490417 -1.870798 -1.301814 170.137573 -176.846466 -176.803192 143.686478 -174.908844 -177.375671 15.363281 16.570107 -2.426897 61.512772 -11.634042 -8.025390 176.345764 175.637665 -178.436844 176.349167 175.641464 -177.209061 162.543243 175.547012 -177.931488 0.000047 -3.081924 -0.692490 180.000000 -176.404526 179.282852 174.241684 -177.318985 179.843262 13.553963 -10.547838 6.376966 64.450317 -41.059479 16.361551 18.166149 -17.513590 -8.797632 8.606060 -39.382984 -53.144737 71.743118 58.148106 36.153816 0.000001 -0.000000 42.812832 180.000000 -179.999985 -160.509659 0.000000 -0.000000 0.000000 15.000006 0.000005 59.907719 0.000000 -0.000000 49.015408 0.000001 0.000003 36.761562 0.000000 -0.000000 0.000000 180.000000 180.000000 -106.652039 0.000002 0.000003 73.347977 180.000000 -179.999985 -124.989037 0.000000 -0.000000 0.000000 170.000000 -180.000000 -111.014069 0.000000 -0.000000 68.985924 180.000000 179.999985 -128.260559 0.000000 -0.000000 0.000000 160.000015 -179.999985 -158.136917 0.000003 0.000003 32.794628 0.000001 0.000003 21.841228 9.991950 -7.142213 -9.718368 149.453247 168.825302 111.182701 159.993988 -171.920746 178.665268 2.775313 -36.594769 10.033703 116.088493 123.679520 156.317764 0.000006 -0.000001 -36.233303 180.000000 180.000000 166.789368 0.000000 -0.000000 0.000000 165.000015 179.999985 142.081635 0.000001 -0.000005 -31.024105 0.000000 0.000000 -21.716873 0.000000 -0.000000 0.000000 0.000000 0.000000 -33.280792 180.000000 -180.000000 130.078827 180.000000 -179.999985 146.752472 0.000000 -0.000000 0.000000 10.000001 -0.000002 -31.880011 180.000000 180.000000 132.179993 0.000004 -0.000000 -31.848110 0.000000 -0.000000 0.000000 20.000000 0.000004 -34.745445 180.000000 180.000000 127.881821 0.000000 -0.000001 -34.710712
-182.890747 4.564593 284.082367 134.734360 177.944504 -179.097412 161.335785 177.700760 179.060364 33.217712 -1.719424 -1.308153 169.909500 -176.764297 -176.901001 143.378189 -174.623764 -177.313385 15.007605 16.942688 -2.408509 61.519459 -11.516538 -8.344933 176.333084 175.668121 -178.433151 176.336487 175.670944 -177.203568 162.486572 175.560181 -177.923004 0.000043 -3.113940 -0.760014 0.000005 -3.632824 -0.787109 173.944092 -177.286926 179.818527 13.505590 -10.602391 6.377457 64.263573 -40.633350 15.883759 17.661266 -17.606642 -8.860932 7.832857 -39.113415 -52.479816 70.119041 57.768982 34.250381 180.000000 -179.999985 -137.134644 0.000000 -0.000000 19.543056 0.000000 -0.000000 0.000000 15.000000 -0.000000 58.536537 180.000000 -179.999985 -132.106476 180.000000 179.999985 -144.079865 0.000000 -0.000000 0.000000 0.000003 0.000002 71.959480 0.000003 -0.000002 71.959457 0.000000 -0.000000 53.969608 0.000000 -0.000000 0.000000 170.000000 179.999985 -110.978416 0.000003 -0.000002 69.021568 0.000000 -0.000000 51.766182 0.000000 -0.000000 0.000000 160.000015 -179.999985 -159.813828 0.000000 -0.000000 30.279245 0.000000 -0.000000 20.165979 9.914984 -7.131303 -9.756128 149.555023 168.796158 111.217018 160.001450 -171.879807 178.659164 2.916547 -36.582382 9.888937 116.663918 123.781578 156.952301 0.000004 -0.000001 -36.250515 0.000002 0.000000 -13.231064 0.000000 -0.000000 0.000000 165.000015 -179.999985 142.153793 0.000001 -0.000001 -30.965090 180.000000 179.999985 158.324448 0.000000 -0.000000 0.000000 0.000002 0.000001 -33.280296 0.000001 0.000001 -49.920460 180.000000 180.000000 146.752960 0.000000 -0.000000 0.000000 10.000001 0.000003 -31.861221 180.000000 -179.999985 132.208160 180.000000 -179.999985 148.170639 0.000000 -0.000000 0.000000 20.000000 -0.000000 -34.761921 0.000000 0.000000 -52.142883 0.000000 0.000000 -34.727154
-182.787689 4.580704 284.060852 135.510788 177.924820 -178.934692 161.070236 177.720215 179.030106 33.034401 -1.525983 -1.289286 169.633957 -176.669266 -177.009918 143.049454 -174.350052 -177.271408 14.690997 17.282042 -2.396006 61.524597 -11.409517 -8.641600 176.321854 175.700317 -178.431290 176.325287 175.702271 -177.201370 162.437393 175.576767 -177.917206 0.000053 -3.136041 -0.829890 0.000017 -3.658588 -0.859495 173.610458 -177.262650 179.793549 13.523848 -10.646770 6.372795 64.004158 -40.220036 15.425326 17.236309 -17.756048 -8.922653 7.252660 -38.901184 -51.979095 68.901627 57.446831 32.813374 0.000000 -0.000000 42.908951 180.000000 180.000000 -160.413971 0.000000 -0.000000 0.000000 15.000004 0.000004 57.607529 0.000001 0.000003 47.133442 180.000000 -179.999985 -144.649918 0.000000 -0.000000 0.000000 180.000000 180.000000 -108.929131 0.000005 0.000001 71.070862 0.000002 0.000007 53.303154 0.000000 -0.000000 0.000000 170.000000 -179.999985 -116.538658 0.000000 -0.000000 63.461349 0.000003 -0.000001 47.596008 0.000000 -0.000000 0.000000 160.000015 179.999985 -161.190643 180.000000 180.000000 -151.785965 0.000001 0.000007 18.790543 9.903765 -7.101590 -9.797182 149.641220 168.762680 111.233521 160.031967 -171.749802 178.661758 3.015441 -36.517418 9.739543 117.004501 123.892990 157.336304 0.000000 0.000000 -36.298092 0.000001 0.000004 -13.272597 0.000000 -0.000000 0.000000 165.000000 -180.000000 142.188644 0.000001 -0.000001 -30.936569 180.000000 -180.000000 158.344406 0.000000 -0.000000 0.000000 180.000000 -180.000000 146.741104 0.000000 0.000004 -49.888309 0.000000 -0.000001 -33.225624 0.000000 -0.000000 0.000000 9.999999 -0.000002 -31.862856 0.000001 -0.000002 -47.794281 180.000000 -180.000000 148.169006 0.000000 -0.000000 0.000000 20.000004 0.000001 -34.728249 180.000000 180.000000 127.907631 0.000000 -0.000001 -34.693516
-182.682739 4.598146 284.036804 136.351471 177.906967 -178.749405 160.880554 177.738892 179.007538 32.671337 -1.340626 -1.303293 169.391129 -176.613525 -177.116623 142.672516 -174.050110 -177.240005 14.392647 17.681238 -2.349146 61.532814 -11.294010 -9.007865 176.310837 175.737503 -178.431458 176.314270 175.738602 -177.202728 162.390091 175.598679 -177.913971 0.000054 -3.150110 -0.910606 0.000020 -3.674989 -0.943110 173.199600 -177.244019 179.765106 13.358474 -10.699297 6.377068 63.737503 -39.908722 15.089495 16.845856 -17.833031 -8.960649 6.796978 -38.782185 -51.483612 69.167969 56.998875 32.634598 0.000000 0.000003 42.447098 0.000001 0.000003 19.062016 0.000000 -0.000000 0.000000 15.000002 0.000002 55.313545 0.000004 0.000002 45.256527 0.000000 -0.000000 33.942398 0.000000 -0.000000 0.000000 0.000000 -0.000000 68.808693 0.000006 -0.000004 68.808693 0.000000 -0.000000 51.606522 0.000000 -0.000000 0.000000 170.000000 -179.999985 -119.199135 0.000003 -0.000002 60.800877 180.000000 180.000000 -134.399368 0.000000 -0.000000 0.000000 160.000015 179.999985 -161.861328 180.000000 -179.999985 -152.791992 0.000006 -0.000008 18.120531 9.717658 -7.081792 -9.816689 149.939789 168.726334 111.240906 159.993835 -171.785385 178.627884 3.170551 -36.628849 9.587976 116.175125 123.823174 156.459427 180.000000 -180.000000 143.714645 180.000000 -179.999985 166.751434 0.000000 -0.000000 0.000000 165.000000 180.000000 142.175735 180.000000 179.999985 149.052872 180.000000 179.999985 158.337006 0.000000 -0.000000 0.000000 180.000000 180.000000 146.758011 180.000000 -180.000000 130.137009 0.000000 -0.000001 -33.208752 0.000000 -0.000000 0.000000 10.000003 -0.000002 -31.837776 180.000000 180.000000 132.243317 0.000000 -0.000000 -31.805944 0.000000 -0.000000 0.000000 20.000002 0.000001 -34.695263 180.000000 -180.000000 127.957108 180.000000 -180.000000 145.339432
-182.594315 4.615921 284.015015 136.983353 177.894958 -178.603867 160.859619 177.757797 179.009628 32.340115 -1.139324 -1.305252 169.135284 -176.551376 -177.224457 142.565231 -173.737228 -177.169281 14.020814 18.123854 -2.333316 61.543022 -11.204932 -9.357457 176.315750 175.765961 -178.433151 176.319138 175.766785 -177.206924 162.416550 175.620911 -177.908478 0.000049 -3.156192 -0.995326 0.000029 -3.682096 -1.030873 172.932373 -177.232239 179.726669 13.250274 -10.748040 6.375437 63.428757 -39.664375 14.848063 16.552423 -17.927053 -8.988856 6.234439 -38.618969 -50.833698 68.605988 56.414089 31.760557 0.000000 -0.000000 42.505707 180.000000 179.999985 -160.913315 0.000000 -0.000003 0.000000 15.000006 0.000002 52.961014 0.000004 -0.000009 43.331730 0.000001 0.000003 32.498802 0.000000 -0.000003 0.000000 0.000003 -0.000002 66.135712 0.000000 -0.000000 66.135689 0.000005 0.000002 49.601788 0.000000 -0.000003 0.000000 170.000000 -180.000000 -120.649857 180.000000 -180.000000 -120.649872 180.000000 -179.999985 -135.487396 0.000000 -0.000003 0.000000 160.000000 -179.999985 -163.151749 0.000001 0.000003 25.272373 180.000000 -179.999985 -163.168610 9.596622 -7.053018 -9.831115 150.178131 168.684372 111.231697 160.001266 -171.745590 178.599854 3.280690 -36.650719 9.412912 116.229424 123.907845 156.527161 180.000000 180.000000 143.645508 0.000000 0.000000 -13.304419 0.000000 -0.000000 0.000000 165.000000 -180.000000 142.199814 0.000002 0.000000 -30.927423 180.000000 -179.999985 158.350800 0.000000 -0.000000 0.000000 180.000000 180.000000 146.773331 180.000000 -180.000000 130.159988 180.000000 -180.000000 146.806549 0.000000 -0.000000 0.000000 10.000001 0.000002 -31.815147 180.000000 -179.999985 132.277298 180.000000 -180.000000 148.216675 0.000000 -0.000000 0.000000 20.000004 0.000000 -34.681267 0.000002 -0.000000 -52.021904 0.000003 0.000001 -34.646587
-182.506683 4.633967 283.991150 137.656143 177.892395 -178.440735 160.730515 177.783249 178.985947 32.084061 -0.915493 -1.287224 168.859543 -176.470398 -177.343765 142.366226 -173.427048 -177.129593 13.671194 18.551479 -2.320757 61.553371 -11.129611 -9.690933 176.309723 175.798325 -178.438171 176.313110 175.798721 -177.216461 162.393082 175.645752 -177.913712 0.000044 -3.153297 -1.073630 0.000028 -3.678727 -1.111988 172.638962 -177.227936 179.692642 13.206793 -10.792410 6.368979 63.053368 -39.430923 14.644706 16.295765 -18.091009 -9.003188 5.783525 -38.502300 -50.189751 68.109627 55.911980 30.977028 180.000000 180.000000 -137.472946 0.000000 -0.000000 19.078781 0.000000 -0.000000 0.000000 15.000008 0.000007 52.105812 0.000000 -0.000000 42.632015 180.000000 -179.999985 -148.025986 0.000000 -0.000000 0.000000 180.000000 -179.999985 -115.019539 0.000004 -0.000007 64.980476 180.000000 -179.999985 -131.264648 0.000000 -0.000000 0.000000 170.000000 180.000000 -123.132248 0.000000 -0.000000 56.867756 180.000000 -179.999985 -137.349182 0.000000 -0.000000 0.000000 160.000015 179.999985 -164.353470 180.000000 180.000000 -156.530182 0.000000 0.000003 15.630897 9.538729 -7.009571 -9.845708 150.340637 168.624847 111.205055 160.062378 -171.620850 178.587402 3.385173 -36.553555 9.155684 116.198349 123.975464 156.500107 180.000000 179.999985 143.580002 0.000000 0.000000 -13.356505 0.000000 -0.000000 0.000000 165.000000 -179.999985 142.232391 180.000000 -180.000000 149.099243 0.000003 0.000001 -21.630529 0.000000 -0.000000 0.000000 0.000002 -0.000004 -33.187149 180.000000 -180.000000 130.219284 0.000000 -0.000002 -33.153961 0.000000 -0.000000 0.000000 10.000001 0.000001 -31.775932 180.000000 180.000000 132.336105 0.000000 -0.000000 -31.744158 0.000000 -0.000000 0.000000 20.000000 0.000003 -34.609959 0.000000 0.000000 -51.914921 0.000003 0.000001 -34.575340
-182.416977 4.652658 283.965088 138.381195 177.898499 -178.263412 160.510040 177.805481 178.947403 31.810944 -0.721549 -1.280196 168.633148 -176.437805 -177.466339 142.112549 -173.084381 -177.104645 13.300967 19.040606 -2.306111 61.565796 -11.058772 -10.061303 176.303818 175.832901 -178.445450 176.307175 175.832916 -177.229813 162.370697 175.674194 -177.922699 0.000038 -3.141808 -1.149356 0.000022 -3.665333 -1.190428 172.281586 -177.230591 179.662369 13.011088 -10.836332 6.372858 62.697231 -39.261738 14.520374 16.049164 -18.245270 -8.988711 5.404658 -38.448135 -49.548805 67.517204 55.954479 30.284048 180.000000 180.000000 -137.649979 0.000000 -0.000000 18.912294 0.000000 -0.000000 0.000000 15.000000 0.000002 51.933468 180.000000 -179.999985 -137.508987 180.000000 -179.999985 -148.131729 0.000000 -0.000000 0.000000 0.000005 0.000001 63.973801 180.000000 -180.000000 -116.026184 180.000000 180.000000 -132.019653 0.000000 -0.000000 0.000000 170.000000 180.000000 -124.432922 180.000000 -179.999985 -124.432922 0.000002 -0.000004 41.675312 0.000000 -0.000000 0.000000 160.000015 -180.000000 -164.811600 0.000001 -0.000004 22.782589 180.000000 180.000000 -164.826797 9.328401 -6.974421 -9.846429 150.643921 168.546860 111.175224 160.066147 -171.669922 178.556534 3.574281 -36.610680 8.850904 115.376442 123.867271 155.622482 180.000000 180.000000 143.630539 0.000004 -0.000005 -13.302524 0.000000 -0.000000 0.000000 165.000015 -180.000000 142.285721 180.000000 -179.999985 149.142868 180.000000 180.000000 158.400009 0.000000 -0.000000 0.000000 180.000000 180.000000 146.874084 180.000000 179.999985 130.311127 0.000000 -0.000001 -33.092789 0.000000 -0.000000 0.000000 10.000000 -0.000000 -31.700891 0.000001 -0.000001 -47.551311 180.000000 -180.000000 148.330826 0.000000 -0.000000 0.000000 20.000002 -0.000001 -34.495834 0.000003 0.000002 -51.743763 180.000000 180.000000 145.538651
-182.336090 4.671464 283.940277 138.996078 177.912888 -178.112442 160.407867 177.801437 178.935257 31.493982 -0.542760 -1.282836 168.436310 -176.400421 -177.587982 142.009201 -172.704208 -177.054611 12.893736 19.654207 -2.283972 61.585400 -11.009576 -10.486795 176.299255 175.861053 -178.453003 176.302582 175.860809 -177.243393 162.353836 175.698929 -177.933060 0.000023 -3.126727 -1.221333 0.000024 -3.647766 -1.264981 172.068649 -177.237091 179.627014 12.889239 -10.872676 6.370707 62.325935 -39.128098 14.459543 15.853909 -18.400112 -8.986273 5.044192 -38.404400 -48.977551 66.805397 56.195156 29.567837 0.000001 0.000003 42.156372 180.000000 180.000000 -161.251953 0.000000 -0.000000 0.000000 15.000000 -0.000003 51.643368 0.000000 -0.000000 42.253658 180.000000 -179.999985 -148.309753 0.000000 -0.000000 0.000000 180.000000 -179.999985 -116.567505 180.000000 179.999985 -116.567490 0.000001 0.000003 47.574368 0.000000 -0.000000 0.000000 170.000000 -180.000000 -124.843056 180.000000 -179.999985 -124.843056 0.000004 0.000002 41.367710 0.000000 -0.000000 0.000000 160.000015 180.000000 -165.226532 180.000000 -179.999985 -157.839783 0.000000 0.000003 14.758700 9.188132 -6.933006 -9.851808 150.843079 168.466049 111.143867 160.125366 -171.663605 178.538620 3.719543 -36.587585 8.534883 115.338943 123.901649 155.582062 180.000000 -179.999985 143.589050 180.000000 180.000000 166.664337 0.000000 -0.000000 0.000000 165.000015 -180.000000 142.361084 180.000000 -179.999985 149.204544 180.000000 179.999985 158.443176 0.000000 -0.000000 0.000000 0.000001 0.000001 -33.043159 0.000003 0.000003 -49.564739 0.000000 -0.000001 -33.010117 0.000000 -0.000000 0.000000 9.999999 -0.000004 -31.609610 180.000000 180.000000 132.585587 0.000003 0.000001 -31.578007 0.000000 -0.000000 0.000000 20.000002 -0.000000 -34.386589 180.000000 -180.000000 128.420105 180.000000 180.000000 145.647797
-182.260361 4.689884 283.915924 139.568024 177.936798 -177.976318 160.242737 177.785706 178.916473 31.271873 -0.359247 -1.258262 168.250076 -176.354752 -177.726242 141.873932 -172.345383 -177.020355 12.552299 20.258169 -2.257200 61.604980 -10.972078 -10.897889 176.296066 175.885147 -178.460419 176.299347 175.884781 -177.256683 162.342911 175.721283 -177.943527 0.000017 -3.110468 -1.280078 0.000016 -3.628807 -1.325824 171.845795 -177.245132 179.600052 12.843925 -10.896742 6.366007 61.898624 -39.015228 14.427036 15.675449 -18.560305 -8.990831 4.828688 -38.369278 -48.584572 66.628235 56.469498 29.403137 0.000000 -0.000000 41.902412 0.000002 -0.000000 18.513447 0.000000 -0.000000 0.000000 15.000000 -0.000005 51.426018 179.999985 -180.000000 -137.924164 0.000001 0.000003 31.556885 0.000000 -0.000000 0.000000 180.000000 180.000000 -116.866516 0.000000 -0.000000 63.133472 180.000000 180.000000 -132.649887 0.000000 -0.000000 0.000000 170.000000 -179.999985 -125.353493 0.000003 -0.000002 54.646496 0.000002 -0.000004 40.984867 0.000000 -0.000000 0.000000 160.000015 -180.000000 -165.230179 0.000000 -0.000000 22.154726 0.000004 0.000003 14.755050 9.017488 -6.893679 -9.849931 151.051849 168.386292 111.105644 160.241531 -171.574249 178.536942 3.835581 -36.457642 8.190540 115.392441 123.938469 155.646530 0.000001 0.000002 -36.432705 0.000002 -0.000001 -13.353359 0.000000 -0.000000 0.000000 165.000015 179.999985 142.448639 180.000000 -180.000000 149.276154 180.000000 180.000000 158.493317 0.000000 -0.000000 0.000000 0.000001 0.000000 -32.956104 180.000000 -180.000000 130.565857 180.000000 180.000000 147.076859 0.000000 -0.000000 0.000000 10.000001 -0.000001 -31.522724 180.000000 179.999985 132.715912 180.000000 -180.000000 148.508820 0.000000 -0.000000 0.000000 20.000002 -0.000000 -34.231667 0.000002 -0.000000 -51.347488 180.000000 180.000000 145.802567
-182.179947 4.708297 283.889404 140.244446 177.969482 -177.817078 159.896515 177.766922 178.873642 31.073290 -0.212080 -1.244260 168.118393 -176.366501 -177.873978 141.589996 -171.938034 -177.008774 12.259155 20.945866 -2.217062 61.629772 -10.952526 -11.353402 176.281982 175.914276 -178.469513 176.285217 175.913437 -177.272293 162.281586 175.744888 -177.960571 0.000008 -3.097197 -1.332514 0.000002 -3.613338 -1.380122 171.587936 -177.250748 179.578995 12.685823 -10.911713 6.369446 61.508381 -38.947895 14.432265 15.464143 -18.681934 -8.967194 4.848370 -38.361866 -48.432060 66.757027 56.551010 29.526932 180.000000 -179.999985 -138.207062 0.000002 0.000003 18.405291 0.000000 -0.000000 0.000000 15.000000 0.000001 51.112896 180.000000 179.999985 -138.180359 180.000000 -179.999985 -148.635284 0.000000 -0.000000 0.000000 180.000000 -179.999985 -117.299576 0.000000 -0.000000 62.700428 0.000001 0.000003 47.025311 0.000000 -0.000000 0.000000 170.000000 -179.999985 -125.752769 0.000001 -0.000005 54.247215 0.000000 -0.000000 40.685413 0.000000 -0.000000 0.000000 160.000000 -179.999985 -165.203690 0.000000 -0.000000 22.194485 0.000003 -0.000000 14.781525 8.830107 -6.843279 -9.854334 151.296783 168.310089 111.069893 160.292938 -171.641266 178.525650 4.028546 -36.474323 7.833564 114.822914 123.832489 155.042343 0.000004 -0.000001 -36.349247 0.000000 0.000000 -13.276130 0.000000 -0.000000 0.000000 165.000015 180.000000 142.545563 180.000000 179.999985 149.355453 0.000000 0.000000 -21.451178 0.000000 -0.000000 0.000000 0.000001 0.000000 -32.862503 180.000000 180.000000 130.706223 0.000003 0.000003 -32.829651 0.000000 -0.000000 0.000000 9.999999 0.000003 -31.417583 0.000000 -0.000001 -47.126373 180.000000 180.000000 148.613831 0.000000 -0.000000 0.000000 20.000002 -0.000003 -34.084396 0.000000 -0.000001 -51.126617 180.000000 -180.000000 145.949661
-182.114044 4.725701 283.867035 140.733566 178.000046 -177.706604 159.678726 177.736572 178.856644 30.914501 -0.079680 -1.212153 168.008591 -176.377457 -178.025879 141.486908 -171.485733 -176.957565 11.974304 21.786825 -2.159717 61.665569 -10.968724 -11.873090 176.281799 175.933411 -178.476334 176.285019 175.932526 -177.284454 162.284119 175.764160 -177.969574 0.000000 -3.092096 -1.378973 179.999985 -176.392593 178.571777 171.473053 -177.250748 179.555634 12.604698 -10.913066 6.372772 61.109066 -38.922859 14.467551 15.288859 -18.748894 -8.954596 4.715326 -38.293800 -48.225792 66.871590 56.488873 29.617012 0.000000 -0.000000 41.799683 0.000002 -0.000000 18.404764 0.000000 -0.000000 0.000000 15.000002 0.000007 50.567867 0.000003 -0.000001 41.373711 180.000000 179.999985 -148.969711 0.000000 -0.000000 0.000000 0.000002 0.000003 61.966351 0.000003 -0.000002 61.966366 180.000000 -179.999985 -133.525238 0.000000 -0.000000 0.000000 170.000000 -180.000000 -126.003532 0.000003 -0.000002 54.000324 0.000000 -0.000000 40.499439 0.000000 -0.000000 0.000000 160.000015 -179.999985 -165.481583 0.000001 0.000003 21.777630 0.000000 0.000003 14.503901 8.709939 -6.786150 -9.864279 151.485504 168.255463 111.041931 160.365204 -171.641724 178.518616 4.166515 -36.422138 7.534579 115.023186 123.880699 155.278854 0.000002 -0.000002 -36.342937 180.000000 179.999985 166.728439 0.000000 -0.000000 0.000000 165.000015 180.000000 142.631973 0.000003 -0.000003 -30.573839 180.000000 -179.999985 158.598312 0.000000 -0.000000 0.000000 0.000002 0.000001 -32.787506 0.000000 -0.000001 -49.181271 180.000000 180.000000 147.245270 0.000000 -0.000000 0.000000 10.000001 -0.000001 -31.345131 180.000000 -179.999985 132.982315 0.000003 0.000001 -31.313782 0.000000 -0.000000 0.000000 20.000000 0.000001 -33.987488 180.000000 180.000000 129.018768 0.000000 0.000000 -33.953503
-182.055969 4.741243 283.846832 141.161575 178.032715 -177.614487 159.492355 177.681854 178.871185 30.783222 0.054660 -1.185776 167.902695 -176.392456 -178.200882 141.353683 -171.061554 -176.913910 11.766536 22.595064 -2.097391 61.703197 -11.005512 -12.360691 176.284058 175.948685 -178.482529 176.287231 175.947876 -177.295517 162.297501 175.781006 -177.977188 179.999985 -176.906631 178.585434 179.999985 -176.391098 178.534912 171.360046 -177.246017 179.539597 12.597572 -10.906561 6.377825 60.655659 -38.924587 14.529655 15.116768 -18.783104 -8.944737 4.648918 -38.201012 -48.048409 66.581772 56.197182 29.207609 180.000000 180.000000 -138.098022 180.000000 179.999985 -161.507278 0.000000 -0.000000 0.000000 15.000004 0.000002 50.141590 180.000000 -179.999985 -138.975067 0.000000 -0.000000 30.768705 0.000000 -0.000000 0.000000 0.000002 0.000003 61.445099 180.000000 -179.999985 -118.554916 0.000004 0.000002 46.083824 0.000000 -0.000000 0.000000 170.000000 180.000000 -127.419777 0.000003 0.000006 54.120548 0.000000 -0.000000 40.262272 0.000000 -0.000000 0.000000 160.000000 -179.999985 -165.928192 0.000000 -0.000000 21.107721 180.000000 -179.999985 -165.942261 8.651413 -6.720157 -9.878143 151.657669 168.220184 111.015038 160.464874 -171.576004 178.510345 4.240508 -36.311699 7.280895 115.243927 123.936882 155.548248 0.000001 -0.000002 -36.321369 180.000000 -179.999985 166.746292 0.000000 -0.000000 0.000000 165.000000 180.000000 142.697968 0.000001 -0.000001 -30.519846 180.000000 -180.000000 158.636108 0.000000 -0.000000 0.000000 0.000000 0.000000 -32.739765 180.000000 -180.000000 130.890350 0.000000 0.000000 -32.707035 0.000000 -0.000000 0.000000 9.999997 -0.000003 -31.290049 180.000000 -180.000000 133.064941 180.000000 180.000000 148.741241 0.000000 -0.000000 0.000000 20.000000 -0.000003 -33.919403 180.000000 -180.000000 129.120880 180.000000 -180.000000 146.114502
-182.001404 4.754951 283.827576 141.584717 178.069733 -177.527527 159.274643 177.618164 178.896133 30.654747 0.164731 -1.178654 167.829407 -176.468033 -178.387817 141.162216 -170.607895 -176.873001 11.611535 23.475960 -2.023058 61.747982 -11.068681 -12.880068 176.288528 175.963257 -178.489136 176.291656 175.962601 -177.307373 162.321136 175.798447 -177.984848 180.000000 -176.897858 178.555847 179.999985 -176.380859 178.504272 171.233139 -177.235260 179.528702 12.505006 -10.893162 6.399246 60.248711 -38.960018 14.599914 14.909098 -18.828598 -8.896540 4.555010 -38.088856 -47.728176 66.195724 56.027145 28.701557 180.000000 180.000000 -138.118637 0.000002 0.000003 18.467270 0.000000 -0.000000 0.000000 15.000000 -0.000002 48.941441 0.000001 -0.000008 40.042992 0.000003 -0.000001 29.919292 0.000000 -0.000000 0.000000 0.000003 -0.000002 60.042744 0.000003 -0.000002 60.042732 0.000003 -0.000001 45.032055 0.000000 -0.000000 0.000000 170.000000 -179.999985 -129.002365 0.000003 -0.000002 54.234241 0.000000 -0.000000 39.975094 0.000000 -0.000000 0.000000 160.000000 -179.999985 -166.104721 0.000000 -0.000000 20.842922 0.000000 -0.000000 13.881383 8.509093 -6.658583 -9.876604 151.970764 168.198837 110.982819 160.463196 -171.707367 178.491486 4.384992 -36.417454 7.048710 114.725182 123.827713 154.991028 0.000001 0.000001 -36.244232 0.000002 0.000002 -13.183500 0.000000 -0.000000 0.000000 165.000000 -180.000000 142.761032 0.000000 0.000000 -30.468241 180.000000 -179.999985 158.672241 0.000000 -0.000000 0.000000 180.000000 180.000000 147.301697 0.000000 -0.000000 -49.047478 180.000000 -179.999985 147.334381 0.000000 -0.000000 0.000000 9.999997 0.000000 -31.250280 0.000000 -0.000000 -46.875416 180.000000 -180.000000 148.780975 0.000000 -0.000000 0.000000 20.000000 -0.000001 -33.870735 0.000001 -0.000002 -50.806110 180.000000 180.000000 146.163132
-181.956665 4.766692 283.811646 141.907486 178.103638 -177.464783 159.123154 177.554840 178.930634 30.547365 0.266948 -1.156974 167.766724 -176.542419 -178.576782 141.052368 -170.090683 -176.803497 11.467661 24.519516 -1.934710 61.807201 -11.175154 -13.469395 176.294266 175.973206 -178.494995 176.297379 175.972763 -177.317795 162.350174 175.812408 -177.991562 179.999985 -176.880280 178.529175 179.999985 -176.360321 178.476654 171.236618 -177.218277 179.514374 12.468697 -10.879166 6.419451 59.829002 -39.038776 14.705614 14.744997 -18.830421 -8.846263 4.352564 -38.046299 -47.229626 65.572838 55.652485 27.877235 0.000001 0.000003 41.941475 0.000001 0.000003 18.514236 0.000000 -0.000000 0.000000 15.000004 -0.000003 47.365913 0.000000 0.000011 38.753933 0.000001 0.000003 28.647743 0.000000 -0.000000 0.000000 0.000002 0.000003 58.349144 180.000000 180.000000 -121.650864 0.000009 0.000004 43.761864 0.000000 -0.000000 0.000000 170.000000 -180.000000 -129.898727 180.000000 179.999985 -125.711411 0.000002 -0.000004 39.801838 0.000000 -0.000000 0.000000 160.000015 179.999985 -166.322906 180.000000 -179.999985 -159.484360 180.000000 -179.999985 -166.336578 8.516831 -6.583513 -9.887912 152.152451 168.190628 110.956886 160.490082 -171.700638 178.465302 4.444433 -36.407753 6.894933 114.841492 123.854881 155.136688 0.000003 0.000003 -36.223316 0.000002 0.000000 -13.165972 0.000000 -0.000000 0.000000 165.000015 -179.999985 142.798584 180.000000 -180.000000 149.562500 180.000000 180.000000 158.693756 0.000000 -0.000000 0.000000 0.000002 0.000001 -32.658802 180.000000 -180.000000 131.011780 180.000000 180.000000 147.373840 0.000000 -0.000000 0.000000 10.000000 -0.000004 -31.227068 180.000000 180.000000 133.159409 0.000003 0.000001 -31.195833 0.000000 -0.000000 0.000000 20.000002 -0.000000 -33.829441 180.000000 -180.000000 129.255859 0.000000 0.000000 -33.795601
-181.918747 4.776453 283.798218 142.169296 178.140106 -177.424057 159.026184 177.470947 179.004944 30.441843 0.382243 -1.143074 167.704910 -176.625900 -178.788757 140.940979 -169.626175 -176.735352 11.364087 25.487387 -1.854118 61.865524 -11.288828 -14.008237 176.300949 175.979050 -178.500473 176.304047 175.978912 -177.327454 162.383148 175.823517 -177.998077 180.000000 -176.863083 178.510071 179.999985 -176.340271 178.456863 171.248596 -177.202271 179.504288 12.497691 -10.857708 6.439791 59.342789 -39.167500 14.858936 14.631857 -18.837509 -8.801065 4.086338 -37.970028 -46.638927 65.113373 55.324364 27.226566 0.000002 -0.000001 41.958298 0.000002 0.000003 18.517282 0.000000 -0.000000 0.000000 15.000004 0.000000 46.450157 0.000001 -0.000008 38.004662 0.000001 0.000003 27.918108 0.000000 -0.000000 0.000000 180.000000 180.000000 -122.600365 0.000001 -0.000005 57.399639 0.000000 -0.000000 43.049725 0.000000 -0.000000 0.000000 170.000000 179.999985 -131.577332 180.000000 -179.999985 -125.629921 180.000000 179.999985 -140.543655 0.000000 -0.000000 0.000000 160.000000 -179.999985 -166.446594 0.000002 -0.000000 20.330116 180.000000 -179.999985 -166.460144 8.484758 -6.517433 -9.885550 152.405716 168.198471 110.927025 160.540161 -171.626740 178.438965 4.443974 -36.344120 6.786844 114.842186 123.875778 155.153656 0.000004 -0.000001 -36.213650 0.000004 -0.000005 -13.156305 0.000000 -0.000000 0.000000 165.000000 -180.000000 142.826691 0.000002 0.000000 -30.414518 0.000000 -0.000002 -21.290167 0.000000 -0.000000 0.000000 0.000000 0.000002 -32.642326 180.000000 -180.000000 131.036530 0.000003 0.000001 -32.609688 0.000000 -0.000000 0.000000 10.000001 -0.000001 -31.197557 180.000000 180.000000 133.203674 180.000000 -180.000000 148.833649 0.000000 -0.000000 0.000000 20.000002 0.000001 -33.811821 180.000000 -179.999985 129.282288 0.000002 -0.000000 -33.777992
-181.883286 4.784583 283.785919 142.420059 178.186783 -177.397751 158.962326 177.357254 179.117966 30.291466 0.480259 -1.174800 167.662842 -176.787079 -179.013550 140.793808 -169.162231 -176.661148 11.281351 26.493811 -1.777714 61.929733 -11.421767 -14.563041 176.308640 175.981201 -178.505875 176.311707 175.981445 -177.336853 162.420364 175.832367 -178.004868 0.000003 -3.154431 -1.506202 179.999985 -176.319824 178.440018 171.252518 -177.186218 179.496216 12.461427 -10.830575 6.471961 58.899345 -39.314884 15.023867 14.498881 -18.875973 -8.725405 4.064075 -37.923489 -46.200359 65.094269 55.338181 27.164671 0.000000 -0.000000 41.858589 0.000000 -0.000000 18.417116 0.000000 -0.000000 0.000000 15.000000 0.000003 44.850292 0.000003 -0.000001 36.695690 0.000000 -0.000000 26.660028 0.000000 -0.000000 0.000000 0.000002 0.000003 55.735767 180.000000 -179.999985 -124.264252 0.000003 -0.000001 41.801815 0.000000 -0.000000 0.000000 170.000000 -180.000000 -133.499374 0.000000 -0.000000 54.429314 0.000003 -0.000001 39.026154 0.000000 -0.000000 0.000000 160.000015 -179.999985 -166.560638 0.000002 -0.000000 20.159048 0.000003 -0.000004 13.425925 8.394798 -6.457254 -9.868634 152.749725 168.219879 110.885406 160.545715 -171.672897 178.412216 4.478707 -36.398052 6.684314 114.273880 123.753914 154.521988 0.000001 -0.000002 -36.165707 0.000002 -0.000002 -13.111595 0.000000 -0.000000 0.000000 165.000015 -180.000000 142.866180 0.000001 -0.000005 -30.382217 0.000000 0.000000 -21.267546 0.000000 -0.000000 0.000000 180.000000 -179.999985 147.372971 0.000001 -0.000002 -48.940540 180.000000 -180.000000 147.405594 0.000000 -0.000000 0.000000 10.000001 -0.000000 -31.181196 180.000000 -179.999985 133.228195 0.000000 -0.000000 -31.150013 0.000000 -0.000000 0.000000 20.000000 -0.000002 -33.796673 0.000002 -0.000001 -50.695015 0.000003 0.000002 -33.762890
-181.853760 4.791384 283.776062 142.604614 178.232605 -177.390793 158.907562 177.250397 179.229446 30.177568 0.580941 -1.187750 167.641022 -176.945404 -179.234177 140.687515 -168.646896 -176.565750 11.177531 27.639641 -1.706362 62.010597 -11.600554 -15.174995 176.315018 175.979599 -178.510254 176.318069 175.980209 -177.344376 162.450897 175.837296 -178.011108 0.000004 -3.179372 -1.520655 180.000000 -176.290741 178.425049 171.365509 -177.164948 179.484756 12.457451 -10.798777 6.494059 58.447506 -39.491192 15.228168 14.424582 -18.871309 -8.656340 4.066105 -37.889076 -45.821339 65.266235 55.268078 27.322290 180.000000 180.000000 -138.104935 0.000000 -0.000000 18.444664 0.000000 -0.000000 0.000000 15.000000 -0.000008 43.388496 0.000004 -0.000009 35.499668 0.000003 -0.000001 25.529018 0.000000 -0.000000 0.000000 0.000000 -0.000000 54.120262 0.000003 -0.000002 54.120266 179.999985 -180.000000 -139.409821 0.000000 -0.000000 0.000000 170.000000 180.000000 -134.556732 0.000000 -0.000000 54.445618 180.000000 -179.999985 -141.226654 0.000000 -0.000000 0.000000 160.000000 -179.999985 -166.928101 0.000002 -0.000000 19.607847 0.000000 0.000003 13.058825 8.343543 -6.403851 -9.857440 153.031250 168.245789 110.848694 160.566498 -171.676849 178.386414 4.480433 -36.405617 6.620506 114.132401 123.767006 154.382492 0.000001 -0.000002 -36.164761 180.000000 179.999985 166.892746 0.000000 -0.000000 0.000000 165.000015 -180.000000 142.870361 0.000001 -0.000005 -30.378799 0.000002 0.000000 -21.265154 0.000000 -0.000000 0.000000 180.000000 -179.999985 147.393356 0.000000 0.000000 -48.909969 0.000003 0.000001 -32.574043 0.000000 -0.000000 0.000000 10.000001 0.000000 -31.177433 0.000002 -0.000000 -46.766140 0.000000 0.000000 -31.146250 0.000000 -0.000000 0.000000 20.000002 -0.000000 -33.772377 180.000000 180.000000 129.341446 0.000000 0.000000 -33.738598
-181.826874 4.797466 283.767365 142.760040 178.289749 -177.400742 158.840042 177.137543 179.336227 30.092516 0.698819 -1.169867 167.632660 -177.140884 -179.485062 140.571457 -168.209534 -176.482666 11.070662 28.666851 -1.659219 62.089207 -11.778824 -15.718163 176.318848 175.973099 -178.514389 176.321884 175.974091 -177.351105 162.468842 175.837906 -178.018997 0.000014 -3.200364 -1.528130 0.000008 -3.733755 -1.582695 171.480637 -177.147583 179.477036 12.491278 -10.756186 6.511680 57.938843 -39.692604 15.486716 14.384003 -18.809935 -8.584873 4.187255 -37.838898 -45.592155 65.464127 55.272671 27.577917 0.000000 -0.000000 41.989807 0.000002 -0.000000 18.536854 0.000000 -0.000000 0.000000 15.000006 0.000003 42.697445 0.000003 -0.000001 34.934269 0.000001 0.000003 25.000498 0.000000 -0.000000 0.000000 180.000000 -180.000000 -127.472397 0.000002 0.000003 54.124680 180.000000 -179.999985 -139.746887 0.000000 -0.000000 0.000000 170.000000 -180.000000 -136.126312 0.000003 -0.000002 54.447430 0.000003 -0.000001 38.376289 0.000000 -0.000000 0.000000 160.000015 179.999985 -167.377686 180.000000 180.000000 -161.066544 0.000000 -0.000000 12.609686 8.330263 -6.348564 -9.849828 153.250641 168.275955 110.809349 160.639786 -171.552124 178.365997 4.423870 -36.275791 6.578811 113.954201 123.762589 154.199921 180.000000 180.000000 143.845886 180.000000 -180.000000 166.905060 0.000000 -0.000000 0.000000 165.000015 179.999985 142.872314 180.000000 -179.999985 149.622803 0.000000 0.000000 -21.264038 0.000000 -0.000000 0.000000 180.000000 180.000000 147.392700 0.000001 0.000001 -48.910961 180.000000 -180.000000 147.425308 0.000000 -0.000000 0.000000 10.000000 0.000002 -31.158895 0.000002 -0.000000 -46.738331 0.000002 0.000000 -31.127729 0.000000 -0.000000 0.000000 20.000002 -0.000000 -33.776115 0.000002 -0.000000 -50.664173 0.000002 0.000000 -33.742332
-181.800049 4.803734 283.758728 142.917160 178.361725 -177.419525 158.770432 177.007980 179.445892 29.994896 0.805028 -1.169883 167.636246 -177.450714 -179.759811 140.438065 -167.798767 -176.420502 10.915290 29.679600 -1.634348 62.175873 -11.981112 -16.249468 176.321121 175.963211 -178.519394 176.324127 175.964630 -177.359131 162.479294 175.836594 -178.030075 0.000025 -3.220983 -1.529938 0.000022 -3.757813 -1.584571 171.601242 -177.131058 179.472198 12.472855 -10.705775 6.538491 57.486408 -39.874718 15.744503 14.296034 -18.774065 -8.490227 4.458561 -37.722382 -45.541588 65.487045 55.266884 27.628941 0.000002 -0.000001 42.050655 180.000000 -179.999985 -161.401917 0.000000 -0.000000 0.000000 15.000002 -0.000001 41.650730 0.000001 0.000003 34.077858 0.000000 -0.000000 24.207451 0.000000 -0.000000 0.000000 180.000000 -179.999985 -127.550789 0.000001 -0.000005 54.130795 0.000000 -0.000000 40.239399 0.000000 -0.000000 0.000000 170.000000 179.999985 -136.195724 0.000000 -0.000000 54.446892 0.000002 -0.000004 38.358128 0.000000 -0.000000 0.000000 160.000015 -179.999985 -167.615814 180.000000 180.000000 -161.423721 180.000000 179.999985 -167.628189 8.277599 -6.294964 -9.829016 153.498550 168.316589 110.757347 160.667007 -171.589127 178.357391 4.414844 -36.305084 6.526331 113.511948 123.656502 153.700562 0.000002 -0.000001 -36.115040 0.000000 -0.000003 -13.059760 0.000000 -0.000000 0.000000 165.000015 180.000000 142.900589 180.000000 180.000000 149.645935 0.000000 -0.000002 -21.247847 0.000000 -0.000000 0.000000 180.000000 180.000000 147.399811 0.000001 0.000002 -48.900272 180.000000 180.000000 147.432419 0.000000 -0.000000 0.000000 9.999998 0.000001 -31.152346 0.000001 -0.000002 -46.728512 0.000000 0.000000 -31.121183 0.000000 -0.000000 0.000000 19.999998 0.000003 -33.774963 0.000000 -0.000001 -50.662457 0.000000 0.000000 -33.741192
-181.776306 4.810657 283.751068 143.040192 178.435120 -177.443268 158.684052 176.874527 179.561981 29.935532 0.918242 -1.183711 167.651871 -177.760239 179.975571 140.350464 -167.347046 -176.376770 10.670279 30.796606 -1.622780 62.282478 -12.233006 -16.824265 176.321442 175.951019 -178.524078 176.324448 175.952850 -177.366409 162.480331 175.832809 -178.041855 0.000028 -3.250862 -1.530442 0.000029 -3.792669 -1.585097 171.805862 -177.107498 179.464951 12.460299 -10.657323 6.552331 57.032749 -40.058777 16.041128 14.253261 -18.695255 -8.407357 4.104758 -37.615932 -44.901821 65.066154 55.330162 27.163837 180.000000 -179.999985 -138.075760 180.000000 180.000000 -161.515854 0.000000 -0.000000 0.000000 15.000000 -0.000000 41.502728 0.000000 -0.000000 33.956776 0.000001 0.000003 24.096058 0.000000 -0.000000 0.000000 180.000000 -179.999985 -132.501526 0.000000 -0.000000 54.403221 180.000000 180.000000 -140.745850 0.000000 -0.000000 0.000000 170.000000 179.999985 -138.027161 180.000000 -179.999985 -125.587997 0.000003 -0.000001 37.859646 0.000000 -0.000000 0.000000 160.000015 -179.999985 -167.574127 0.000002 0.000003 18.638813 180.000000 -179.999985 -167.586548 8.236806 -6.252114 -9.816079 153.684326 168.349457 110.713165 160.695511 -171.600632 178.349380 4.391448 -36.308235 6.499869 113.324005 123.652313 153.510696 180.000000 180.000000 143.902954 0.000000 0.000000 -13.048533 0.000000 -0.000000 0.000000 165.000015 179.999985 142.901093 180.000000 -179.999985 149.646347 180.000000 -180.000000 158.752441 0.000000 -0.000000 0.000000 180.000000 -180.000000 147.418762 180.000000 180.000000 131.128128 0.000000 -0.000001 -32.548664 0.000000 -0.000000 0.000000 10.000001 -0.000001 -31.146086 180.000000 -179.999985 133.280869 0.000000 -0.000000 -31.114941 0.000000 -0.000000 0.000000 20.000004 -0.000002 -33.750515 0.000001 0.000002 -50.625767 180.000000 -180.000000 146.283234
-181.754944 4.818507 283.743683 143.140930 178.520340 -177.469406 158.602890 176.738266 179.658203 29.883652 1.051564 -1.173224 167.679504 -178.116531 179.678970 140.292358 -166.978363 -176.375671 10.376189 31.766380 -1.635431 62.387363 -12.482441 -17.321302 176.320358 175.935349 -178.530365 176.323349 175.937698 -177.376129 162.474655 175.827744 -178.058136 0.000038 -3.276150 -1.525170 0.000037 -3.822174 -1.579639 172.003586 -177.088196 179.461044 12.460370 -10.601621 6.558105 56.514927 -40.290611 16.407637 14.241198 -18.569504 -8.322323 3.703146 -37.508781 -44.220261 64.515182 55.429790 26.566923 180.000000 -179.999985 -138.241684 0.000002 -0.000000 18.336432 0.000000 -0.000000 0.000000 15.000006 0.000001 41.343147 0.000000 -0.000000 33.826210 0.000000 -0.000000 23.976141 0.000000 -0.000000 0.000000 180.000000 180.000000 -133.613266 0.000005 0.000001 54.431625 180.000000 180.000000 -141.000519 0.000000 -0.000000 0.000000 170.000000 -180.000000 -138.947296 0.000005 -0.000006 54.379288 180.000000 180.000000 -142.404922 0.000000 -0.000000 0.000000 160.000015 179.999985 -167.517212 180.000000 180.000000 -161.275803 180.000000 -179.999985 -167.529694 8.210136 -6.208293 -9.806415 153.818817 168.389481 110.669960 160.738342 -171.566132 178.344360 4.342084 -36.265530 6.500515 113.159897 123.640251 153.344620 0.000002 0.000004 -36.072369 0.000001 -0.000007 -13.036183 0.000000 -0.000000 0.000000 165.000015 180.000000 142.894531 0.000000 0.000002 -30.359022 180.000000 180.000000 158.748688 0.000000 -0.000000 0.000000 180.000000 180.000000 147.409653 0.000003 0.000002 -48.885536 0.000000 0.000000 -32.557770 0.000000 -0.000000 0.000000 10.000001 0.000001 -31.131639 180.000000 180.000000 133.302536 0.000000 0.000000 -31.100519 0.000000 -0.000000 0.000000 20.000000 -0.000001 -33.766449 0.000000 0.000000 -50.649685 180.000000 180.000000 146.267303
-181.734665 4.827436 283.735870 143.232483 178.628204 -177.500031 158.524857 176.581146 179.754059 29.834764 1.179475 -1.186270 167.707870 -178.599747 179.347641 140.268631 -166.650284 -176.421234 9.990050 32.700027 -1.668742 62.500908 -12.751241 -17.801271 176.319397 175.914230 -178.538605 176.322357 175.917267 -177.388870 162.469284 175.820816 -178.079437 0.000038 -3.300567 -1.515678 0.000041 -3.850660 -1.569809 172.197800 -177.069916 179.459518 12.426633 -10.539495 6.578139 56.044594 -40.518669 16.761284 14.170737 -18.494324 -8.216638 3.237914 -37.383820 -43.458557 64.088409 55.505306 26.029112 0.000001 -0.000000 41.476093 0.000000 -0.000000 18.066978 0.000000 -0.000000 0.000000 15.000000 -0.000002 41.185951 180.000000 179.999985 -146.302399 180.000000 180.000000 -156.141769 0.000000 -0.000000 0.000000 180.000000 179.999985 -134.977722 180.000000 -179.999985 -125.551239 180.000000 179.999985 -141.330582 0.000000 -0.000000 0.000000 170.000000 -179.999985 -139.651825 0.000000 -0.000000 54.347054 180.000000 -179.999985 -142.614059 0.000000 -0.000000 0.000000 160.000015 179.999985 -167.425552 0.000000 -0.000000 18.861664 180.000000 180.000000 -167.438141 8.158381 -6.159913 -9.781516 153.968216 168.453751 110.611389 160.774231 -171.600204 178.352402 4.297562 -36.284046 6.504951 112.919510 123.552231 153.061951 0.000001 -0.000002 -36.038895 180.000000 180.000000 166.980560 0.000000 -0.000000 0.000000 165.000000 180.000000 142.915344 180.000000 180.000000 149.658005 0.000002 0.000000 -21.239388 0.000000 -0.000000 0.000000 0.000000 0.000000 -32.595997 0.000003 0.000003 -48.893990 0.000002 0.000001 -32.563389 0.000000 -0.000000 0.000000 9.999999 -0.000001 -31.140820 180.000000 179.999985 133.288773 180.000000 -180.000000 148.890320 0.000000 -0.000000 0.000000 20.000002 0.000001 -33.787670 180.000000 180.000000 129.318466 0.000000 -0.000001 -33.753887
-181.717987 4.837029 283.728668 143.292969 178.733612 -177.526520 158.487946 176.422806 179.862167 29.768488 1.317189 -1.226589 167.737930 -179.053543 179.035919 140.286041 -166.281036 -176.491776 9.505374 33.721016 -1.722292 62.634037 -13.061645 -18.317484 176.319458 175.892624 -178.547226 176.322403 175.896393 -177.402267 162.468765 175.814240 -178.101151 0.000043 -3.334152 -1.508456 0.000040 -3.889845 -1.562328 172.436996 -177.044083 179.455246 12.386738 -10.488977 6.589328 55.547302 -40.788467 17.160767 14.178068 -18.336302 -8.125398 2.604451 -37.301903 -42.614773 63.487122 55.602047 25.337399 180.000000 179.999985 -138.784821 0.000000 -0.000000 17.826817 0.000000 -0.000000 0.000000 15.000004 0.000004 38.892056 0.000002 -0.000004 31.820765 0.000000 -0.000000 22.274534 0.000000 -0.000000 0.000000 180.000000 -179.999985 -135.317688 180.000000 179.999985 -125.550095 180.000000 179.999985 -141.415863 0.000000 -0.000000 0.000000 170.000000 -179.999985 -139.991669 180.000000 -179.999985 -125.670769 0.000001 0.000003 37.282982 0.000000 -0.000000 0.000000 160.000000 -179.999985 -168.274033 180.000000 180.000000 -162.411057 180.000000 -179.999985 -168.285767 8.108529 -6.121559 -9.758179 154.086914 168.519089 110.557266 160.791473 -171.621017 178.355499 4.256843 -36.281677 6.540477 112.783394 123.522507 152.922821 180.000000 -180.000000 144.000626 0.000000 0.000000 -12.999688 0.000000 -0.000000 0.000000 165.000015 180.000000 142.904831 180.000000 -179.999985 149.649414 180.000000 180.000000 158.754578 0.000000 -0.000000 0.000000 0.000000 0.000003 -32.588726 0.000000 -0.000000 -48.883091 180.000000 -180.000000 147.443848 0.000000 -0.000000 0.000000 9.999999 -0.000001 -31.147987 0.000000 -0.000001 -46.721981 180.000000 -180.000000 148.883163 0.000000 -0.000000 0.000000 20.000002 -0.000000 -33.779388 0.000000 -0.000001 -50.669071 0.000000 -0.000001 -33.745605
-181.703857 4.846766 283.721405 143.330551 178.853333 -177.552155 158.480637 176.244904 179.978622 29.679867 1.477769 -1.280429 167.773849 -179.524368 178.697983 140.317383 -165.988144 -176.589325 9.027549 34.606953 -1.789104 62.760204 -13.351409 -18.766026 176.320206 175.867706 -178.556503 176.323135 175.872314 -177.416641 162.471329 175.806229 -178.124603 0.000038 -3.361392 -1.501539 0.000037 -3.921625 -1.555166 172.644974 -177.023315 179.451630 12.352317 -10.432334 6.601901 54.966496 -41.115993 17.624561 14.296217 -18.069178 -8.041958 1.895925 -37.227680 -41.767776 62.912533 55.693195 24.691063 180.000000 180.000000 -139.010162 0.000000 -0.000000 17.622738 0.000000 -0.000000 0.000000 15.000009 0.000006 38.603832 0.000000 -0.000000 31.584953 0.000000 -0.000000 22.109465 0.000000 -0.000000 0.000000 0.000000 -0.000000 44.334160 0.000000 -0.000000 54.449753 180.000000 -179.999985 -141.504501 0.000000 -0.000000 0.000000 170.000000 180.000000 -140.490112 180.000000 -179.999985 -125.699631 180.000000 180.000000 -142.870422 0.000000 -0.000000 0.000000 160.000000 -179.999985 -168.288879 0.000001 -0.000004 17.566683 0.000003 -0.000000 11.699408 8.064095 -6.087083 -9.735483 154.186172 168.597794 110.499924 160.799744 -171.622589 178.351654 4.196711 -36.254185 6.626246 112.643356 123.479355 152.780014 180.000000 -179.999985 144.055618 180.000000 180.000000 167.027817 0.000000 -0.000000 0.000000 165.000000 -180.000000 142.894653 0.000000 0.000000 -30.358913 0.000000 0.000000 -21.251244 0.000000 -0.000000 0.000000 0.000000 0.000000 -32.609871 0.000002 0.000000 -48.914806 0.000003 0.000001 -32.577271 0.000000 -0.000000 0.000000 10.000002 -0.000002 -31.151464 0.000001 -0.000002 -46.727207 180.000000 180.000000 148.879684 0.000000 -0.000000 0.000000 19.999996 0.000001 -33.821526 0.000001 -0.000002 -50.732281 0.000002 0.000000 -33.787704
-181.690857 4.856400 283.713562 143.354782 178.999146 -177.581619 158.496796 176.055634 -179.933807 29.578527 1.626233 -1.324089 167.808975 179.897583 178.305817 140.340744 -165.735352 -176.711853 8.542538 35.469284 -1.866363 62.892075 -13.647805 -19.207550 176.321976 175.837631 -178.567032 176.324875 175.843246 -177.432938 162.478226 175.796173 -178.151260 0.000028 -3.383730 -1.495921 0.000019 -3.947682 -1.549346 172.841385 -177.006546 179.447037 12.297987 -10.378501 6.620434 54.418289 -41.427338 18.078466 14.420133 -17.792654 -7.956612 1.794756 -37.194088 -41.584976 62.821346 55.733643 24.601032 180.000000 180.000000 -139.050583 0.000003 -0.000001 17.587717 0.000000 -0.000000 0.000000 15.000002 0.000003 38.597778 180.000000 179.999985 -148.420013 0.000000 -0.000000 22.106001 0.000000 -0.000000 0.000000 0.000002 -0.000004 44.317558 180.000000 -180.000000 -125.550285 180.000000 179.999985 -141.508728 0.000000 -0.000000 0.000000 170.000000 180.000000 -141.098633 180.000000 180.000000 -125.739342 0.000002 -0.000004 36.938274 0.000000 -0.000000 0.000000 160.000015 179.999985 -168.325241 0.000000 -0.000000 17.512135 0.000003 -0.000000 11.663083 8.010428 -6.041962 -9.697635 154.287201 168.709900 110.428169 160.813614 -171.664215 178.355820 4.105439 -36.259857 6.745948 112.540977 123.407394 152.643875 0.000002 -0.000005 -35.924652 0.000003 0.000000 -12.962325 0.000001 -0.000000 0.000003 165.000000 179.999985 142.889313 180.000000 -179.999985 149.636734 0.000002 0.000000 -21.254290 0.000001 -0.000000 0.000003 180.000000 180.000000 147.371841 180.000000 180.000000 131.057785 0.000002 0.000001 -32.595524 0.000001 -0.000000 0.000003 10.000002 0.000001 -31.192753 180.000000 180.000000 133.210892 0.000000 -0.000000 -31.161551 0.000001 -0.000000 0.000003 20.000002 0.000002 -33.884048 0.000000 -0.000001 -50.826038 0.000000 0.000000 -33.850147
-181.680161 4.865751 283.706146 143.361115 179.139328 -177.609192 158.529755 175.865738 -179.834091 29.467741 1.776261 -1.390981 167.852478 179.393600 177.936462 140.358536 -165.441559 -176.837784 8.041810 36.422680 -1.949943 63.040154 -13.971385 -19.693747 176.324600 175.809067 -178.576309 176.327469 175.815598 -177.447250 162.489105 175.786209 -178.174759 0.000008 -3.413194 -1.496455 0.000008 -3.982058 -1.549902 173.077515 -176.983749 179.437180 12.238537 -10.346487 6.634306 53.843510 -41.724613 18.565720 14.437408 -17.672270 -7.842852 1.615309 -37.048641 -41.294003 62.686699 55.920731 24.521225 0.000002 -0.000001 40.853310 0.000000 -0.000000 17.509060 0.000000 -0.000000 0.000000 15.000004 0.000002 37.937553 0.000001 0.000003 31.039804 0.000001 0.000007 21.727867 0.000000 -0.000000 0.000000 180.000000 180.000000 -137.808838 0.000002 0.000003 54.418243 180.000000 179.999985 -142.078979 0.000000 -0.000000 0.000000 170.000000 179.999985 -141.208084 180.000000 179.999985 -125.747017 0.000008 0.000001 36.903397 0.000000 -0.000000 0.000000 160.000015 -180.000000 -168.415451 180.000000 179.999985 -162.623169 180.000000 -179.999985 -168.427032 7.959208 -6.012510 -9.659081 154.370880 168.810226 110.357300 160.790390 -171.697952 178.353958 4.027606 -36.260677 6.898455 112.424873 123.344284 152.520874 180.000000 179.999985 144.140930 180.000000 -180.000000 167.070450 0.000000 -0.000000 0.000000 165.000015 -180.000000 142.847031 0.000001 -0.000001 -30.397882 0.000000 -0.000002 -21.278522 0.000000 -0.000000 0.000000 0.000002 0.000000 -32.678204 180.000000 -180.000000 130.982681 0.000002 0.000000 -32.645519 0.000000 -0.000000 0.000000 9.999998 -0.000001 -31.241995 0.000000 -0.000001 -46.862988 180.000000 180.000000 148.789246 0.000000 -0.000000 0.000000 20.000002 0.000002 -33.929737 0.000000 0.000000 -50.894608 0.000000 -0.000002 -33.895809
-181.671280 4.874702 283.698914 143.350967 179.287476 -177.638870 158.570114 175.672546 -179.752350 29.349678 1.937776 -1.441414 167.924881 178.932266 177.542526 140.361710 -165.214554 -176.958908 7.646432 37.254158 -2.021188 63.174026 -14.256181 -20.123140 176.327835 175.782028 -178.585083 176.330673 175.789459 -177.460815 162.503021 175.776947 -178.196655 0.000003 -3.431439 -1.499157 180.000000 -175.996658 178.447296 173.293732 -176.970200 179.425888 12.171190 -10.319407 6.642746 53.194450 -42.026356 19.126963 14.508347 -17.519802 -7.728416 1.475999 -36.867992 -41.070110 62.681774 56.218483 24.628387 180.000000 -179.999985 -139.253876 180.000000 -179.999985 -162.575729 0.000000 -0.000000 0.000000 15.000002 -0.000002 37.990242 180.000000 -179.999985 -148.917068 0.000001 0.000003 21.758043 0.000000 -0.000000 0.000000 0.000001 0.000003 42.081005 0.000000 -0.000000 54.415165 0.000006 -0.000002 37.890121 0.000000 -0.000000 0.000000 170.000000 -179.999985 -141.497803 0.000000 -0.000000 54.231884 180.000000 -179.999985 -143.189636 0.000000 -0.000000 0.000000 160.000000 180.000000 -168.513245 180.000000 -179.999985 -162.769867 0.000000 -0.000000 11.475267 7.907085 -5.987379 -9.620138 154.447205 168.912766 110.286003 160.734604 -171.721405 178.345993 3.941835 -36.250107 7.110943 112.331329 123.274208 152.416229 0.000000 0.000005 -35.796967 0.000001 -0.000005 -12.898477 0.000000 -0.000000 0.000000 165.000015 -180.000000 142.802917 0.000001 0.000000 -30.433977 0.000001 0.000002 -21.303785 0.000000 -0.000000 0.000000 180.000000 -180.000000 147.271057 180.000000 180.000000 130.906601 180.000000 -180.000000 147.303787 0.000000 -0.000000 0.000000 10.000001 0.000002 -31.282854 0.000001 -0.000001 -46.924282 0.000000 -0.000000 -31.251564 0.000000 -0.000000 0.000000 20.000002 0.000002 -34.014912 0.000000 -0.000001 -51.022373 180.000000 180.000000 146.019104
-181.664459 4.883480 283.691803 143.318375 179.456924 -177.674271 158.615372 175.451279 -179.676727 29.247967 2.074591 -1.506044 168.029892 178.426865 177.095947 140.362000 -165.026566 -177.078827 7.355231 38.062038 -2.074371 63.306763 -14.529699 -20.552532 176.331757 175.754700 -178.594757 176.334564 175.763107 -177.475937 162.520279 175.768539 -178.220123 179.999985 -176.559113 178.496384 179.999985 -175.985626 178.442673 173.533005 -176.964340 179.411194 12.107819 -10.274260 6.660738 52.616402 -42.264973 19.635748 14.483810 -17.476643 -7.604517 1.395380 -36.585110 -40.903282 62.780804 56.225994 24.700893 0.000001 -0.000000 40.682278 0.000001 -0.000004 17.359089 0.000000 -0.000000 0.000000 15.000000 -0.000001 37.780380 0.000001 0.000003 30.911217 0.000000 -0.000000 21.637850 0.000000 -0.000000 0.000000 0.000001 -0.000000 41.987034 0.000000 -0.000000 54.412437 0.000000 -0.000000 37.863667 0.000000 -0.000000 0.000000 170.000000 180.000000 -141.617676 0.000001 -0.000005 54.222797 180.000000 180.000000 -143.228409 0.000000 -0.000000 0.000000 160.000015 179.999985 -168.463379 180.000000 180.000000 -162.695068 0.000000 -0.000000 11.525088 7.861599 -5.941920 -9.575086 154.526077 169.044556 110.214165 160.732056 -171.776993 178.339661 3.776203 -36.261757 7.365353 112.338120 123.225395 152.388885 180.000000 -179.999985 144.185593 0.000002 0.000000 -12.907210 0.000000 -0.000000 0.000000 165.000015 179.999985 142.753189 0.000001 0.000004 -30.474655 180.000000 -179.999985 158.667740 0.000000 -0.000000 0.000000 180.000000 180.000000 147.215744 180.000000 -180.000000 130.823593 180.000000 -179.999985 147.248520 0.000000 -0.000000 0.000000 10.000001 0.000000 -31.344374 0.000000 -0.000000 -47.016548 180.000000 -180.000000 148.686996 0.000000 -0.000000 0.000000 19.999998 0.000002 -34.114864 180.000000 179.999985 128.827713 180.000000 -179.999985 145.919250
-181.661301 4.892158 283.685974 143.265671 179.610413 -177.707306 158.663177 175.233536 -179.586594 29.152988 2.202666 -1.594137 168.175552 178.041382 176.686035 140.377533 -164.802368 -177.179977 7.134462 38.941116 -2.112316 63.449501 -14.814287 -21.026600 176.336182 175.732376 -178.603653 176.338974 175.741638 -177.489975 162.540314 175.762894 -178.240692 179.999985 -176.543823 178.487808 179.999985 -175.967789 178.433807 173.823273 -176.953903 179.391800 12.062943 -10.229695 6.669909 52.047958 -42.472881 20.128700 14.423105 -17.481876 -7.472839 1.253015 -36.251743 -40.717663 62.906338 56.295212 24.840330 180.000000 179.999985 -139.369873 180.000000 -179.999985 -162.690613 0.000000 -0.000000 0.000000 15.000002 0.000001 37.751144 0.000003 -0.000001 30.887308 0.000006 -0.000005 21.621113 0.000000 -0.000000 0.000000 0.000001 -0.000000 42.047737 0.000006 -0.000003 54.414215 179.999985 -180.000000 -142.119232 0.000000 -0.000000 0.000000 170.000000 180.000000 -141.490707 0.000000 -0.000000 54.232414 180.000000 -179.999985 -143.187317 0.000000 -0.000000 0.000000 160.000015 -180.000000 -168.543396 0.000002 -0.000000 17.184893 180.000000 179.999985 -168.554855 7.816821 -5.913199 -9.532927 154.609344 169.153488 110.148964 160.756592 -171.834259 178.330963 3.586433 -36.274971 7.618109 112.273117 123.124023 152.295670 180.000000 -179.999985 144.243179 180.000000 -179.999985 167.121582 0.000000 -0.000000 0.000000 165.000000 -180.000000 142.710068 180.000000 -180.000000 149.490067 0.000002 0.000000 -21.356953 0.000000 -0.000000 0.000000 180.000000 -180.000000 147.156647 0.000000 -0.000001 -49.265049 180.000000 180.000000 147.189484 0.000000 -0.000000 0.000000 10.000000 0.000001 -31.406693 180.000000 180.000000 132.889969 0.000000 -0.000000 -31.375286 0.000000 -0.000000 0.000000 20.000004 0.000000 -34.205181 0.000000 0.000000 -51.307770 180.000000 180.000000 145.829025
-181.662476 4.900917 283.681274 143.176971 179.766769 -177.741730 158.725708 175.012894 -179.511383 29.066034 2.338425 -1.670293 168.394974 177.760452 176.276855 140.437668 -164.639572 -177.263153 7.029405 39.694031 -2.129849 63.571144 -15.048693 -21.443188 176.341156 175.713669 -178.612991 176.343918 175.723740 -177.504944 162.563431 175.760254 -178.261093 179.999985 -176.540497 178.479202 179.999985 -175.963913 178.424881 174.114014 -176.953781 179.371368 11.994047 -10.208036 6.681809 51.429195 -42.659039 20.712017 14.333007 -17.505756 -7.321743 1.125281 -35.872498 -40.509636 62.831291 56.278069 24.739014 0.000003 0.000003 40.598461 0.000003 -0.000004 17.278717 0.000000 -0.000000 0.000000 15.000004 -0.000002 37.833321 0.000001 0.000003 30.954536 0.000005 -0.000008 21.668175 0.000000 -0.000000 0.000000 180.000000 180.000000 -137.735291 0.000003 -0.000002 54.420223 0.000000 -0.000000 37.941578 0.000000 -0.000000 0.000000 170.000000 179.999985 -141.478256 180.000000 -179.999985 -125.766663 180.000000 -179.999985 -143.183319 0.000000 -0.000000 0.000000 160.000015 -179.999985 -168.581253 180.000000 179.999985 -162.871887 0.000002 -0.000000 11.407326 7.778214 -5.890403 -9.494028 154.711395 169.252731 110.088760 160.649963 -171.879135 178.317490 3.503463 -36.272842 7.927359 112.238525 123.041695 152.237671 180.000000 179.999985 144.286728 0.000002 -0.000002 -12.856634 0.000000 -0.000000 0.000000 165.000015 180.000000 142.659149 0.000002 -0.000003 -30.551600 180.000000 180.000000 158.613876 0.000000 -0.000000 0.000000 180.000000 180.000000 147.097168 0.000001 -0.000000 -49.354237 180.000000 180.000000 147.130081 0.000000 -0.000000 0.000000 10.000001 -0.000001 -31.473604 0.000000 -0.000000 -47.210396 180.000000 180.000000 148.557877 0.000000 -0.000000 0.000000 20.000004 -0.000002 -34.308792 180.000000 180.000000 128.536819 0.000001 0.000001 -34.274475
-181.668060 4.910268 283.677246 143.045013 179.944565 -177.779572 158.799774 174.762299 -179.444397 29.016012 2.449736 -1.759294 168.694260 177.478851 175.847626 140.563965 -164.523483 -177.330719 7.044167 40.400665 -2.126296 63.682014 -15.253989 -21.851250 176.347610 175.693771 -178.624451 176.350342 175.704834 -177.523453 162.593872 175.759140 -178.285294 179.999985 -176.549011 178.471115 179.999985 -175.973846 178.416519 174.420944 -176.964157 179.349411 11.965164 -10.142186 6.701798 50.891315 -42.807598 21.207491 14.347222 -17.422531 -7.215353 1.006504 -35.596565 -40.394642 62.651585 56.122597 24.480236 0.000000 0.000003 40.617161 0.000000 -0.000000 17.290457 0.000000 -0.000000 0.000000 15.000000 -0.000003 37.851513 180.000000 180.000000 -149.030579 180.000000 -179.999985 -158.321411 0.000000 -0.000000 0.000000 0.000003 0.000003 42.242222 0.000000 0.000008 54.419655 0.000001 0.000003 37.935310 0.000000 -0.000000 0.000000 170.000000 179.999985 -141.489670 0.000000 -0.000000 54.232479 0.000000 -0.000000 36.812996 0.000000 -0.000000 0.000000 160.000015 -179.999985 -168.535553 180.000000 -179.999985 -162.803329 0.000000 0.000003 11.452988 7.760674 -5.840324 -9.455218 154.812775 169.381134 110.036919 160.589447 -171.935913 178.302505 3.368561 -36.275944 8.271377 112.317886 123.044258 152.294601 180.000000 179.999985 144.230713 180.000000 -180.000000 167.115356 0.000000 -0.000000 0.000000 165.000015 -180.000000 142.571823 0.000001 0.000002 -30.623055 0.000002 -0.000001 -21.436136 0.000000 -0.000000 0.000000 180.000000 -179.999985 147.022980 0.000001 0.000000 -49.465530 0.000002 0.000001 -32.944042 0.000000 -0.000000 0.000000 10.000001 0.000000 -31.550465 180.000000 180.000000 132.674301 180.000000 -180.000000 148.481079 0.000000 -0.000000 0.000000 20.000000 -0.000001 -34.430092 180.000000 -179.999985 128.354874 0.000002 0.000001 -34.395660
-181.677261 4.920325 283.674438 142.899139 -179.896988 -177.812286 158.874405 174.518753 -179.365036 28.982435 2.554289 -1.869530 169.032135 177.301880 175.509018 140.732300 -164.373550 -177.363754 7.130294 41.148235 -2.110910 63.792568 -15.451040 -22.286793 176.354172 175.677704 -178.635544 176.356857 175.689636 -177.541534 162.625076 175.760254 -178.307861 179.999985 -176.552429 178.462250 179.999985 -175.977829 178.407349 174.749069 -176.970474 179.326508 11.969571 -10.065049 6.721077 50.345406 -42.955265 21.670645 14.404876 -17.308289 -7.109852 0.831590 -35.388721 -40.272514 62.268131 56.002209 24.051374 0.000001 -0.000000 40.668091 180.000000 -179.999985 -162.658157 0.000000 -0.000000 0.000000 15.000004 0.000007 37.856400 180.000000 -179.999985 -149.026581 0.000000 -0.000000 21.681389 0.000000 -0.000000 0.000000 0.000000 -0.000000 42.226212 0.000002 0.000003 54.419205 0.000001 0.000003 37.930836 0.000000 -0.000000 0.000000 170.000000 -179.999985 -141.317352 0.000000 -0.000000 54.245155 0.000008 0.000001 36.868435 0.000000 -0.000000 0.000000 160.000015 -179.999985 -168.547104 180.000000 -179.999985 -162.820648 0.000003 -0.000000 11.441448 7.736166 -5.810809 -9.423363 154.925659 169.480469 109.993073 160.574722 -171.981659 178.283966 3.222596 -36.274986 8.579180 112.289062 123.016556 152.252960 0.000009 -0.000004 -35.762753 0.000000 -0.000002 -12.881373 0.000000 -0.000000 0.000000 165.000000 -179.999985 142.463547 180.000000 -180.000000 149.288376 0.000001 -0.000003 -21.498144 0.000000 -0.000000 0.000000 0.000002 0.000000 -33.060223 0.000000 0.000000 -49.590321 180.000000 -180.000000 146.972839 0.000000 -0.000000 0.000000 10.000001 -0.000002 -31.630087 0.000001 0.000001 -47.445099 0.000000 -0.000000 -31.598442 0.000000 -0.000000 0.000000 20.000002 0.000003 -34.550426 0.000002 -0.000000 -51.825645 180.000000 180.000000 145.484116
-181.689209 4.931053 283.672394 142.731552 -179.739334 -177.844513 158.972092 174.283310 -179.301224 28.944010 2.674129 -1.963374 169.464279 177.202286 175.285568 140.955246 -164.272858 -177.385498 7.272865 41.767368 -2.078058 63.876961 -15.594401 -22.655567 176.361832 175.662720 -178.647552 176.364487 175.675613 -177.561279 162.661819 175.763260 -178.331558 179.999985 -176.564850 178.456253 179.999985 -175.992340 178.401123 175.044418 -176.984360 179.306549 11.998997 -9.970243 6.742587 49.705021 -43.138302 22.168201 14.540751 -17.158669 -6.986344 0.717270 -35.195957 -40.156002 61.793930 55.931698 23.539177 0.000000 -0.000000 40.676796 0.000000 -0.000000 17.357567 0.000000 -0.000000 0.000000 15.000004 0.000003 37.889301 0.000001 -0.000007 31.000330 0.000000 -0.000000 21.700235 0.000000 -0.000000 0.000000 0.000000 -0.000004 42.305809 0.000000 -0.000000 54.421303 0.000000 -0.000000 37.953041 0.000000 -0.000000 0.000000 170.000000 -179.999985 -141.297379 0.000000 -0.000000 54.246609 0.000000 -0.000000 36.874840 0.000000 -0.000000 0.000000 160.000015 180.000000 -168.508560 0.000001 -0.000004 17.237154 0.000001 -0.000004 11.479946 7.696849 -5.795829 -9.393380 155.043030 169.564713 109.953323 160.569687 -172.000610 178.262451 3.099677 -36.255753 8.872023 112.208206 122.989510 152.151535 0.000003 0.000003 -35.766899 0.000000 -0.000003 -12.883458 0.000000 -0.000000 0.000000 165.000000 179.999985 142.429504 180.000000 179.999985 149.260513 0.000001 0.000002 -21.517637 0.000000 -0.000000 0.000000 180.000000 -179.999985 146.866196 0.000001 -0.000000 -49.700699 180.000000 180.000000 146.899338 0.000000 -0.000000 0.000000 10.000001 -0.000001 -31.707230 180.000000 180.000000 132.439133 180.000000 180.000000 148.324463 0.000000 -0.000000 0.000000 20.000000 -0.000000 -34.663754 0.000000 0.000000 -51.995613 0.000000 0.000000 -34.629078
-181.702438 4.942661 283.670410 142.545715 -179.568344 -177.879211 159.101273 174.036652 -179.244919 28.912645 2.778303 -2.058308 170.001938 177.098175 175.143631 141.222931 -164.202393 -177.393799 7.486943 42.308144 -2.027406 63.939442 -15.694048 -22.975578 176.369629 175.648834 -178.661316 176.372238 175.662704 -177.583954 162.699585 175.768570 -178.358307 180.000000 -176.584244 178.453857 180.000000 -176.014938 178.398636 175.334839 -177.004349 179.288559 11.914313 -9.955682 6.762193 49.126431 -43.246368 22.770031 14.657841 -17.082056 -6.864694 0.690076 -34.995777 -40.051098 61.654839 55.869690 23.356855 180.000000 180.000000 -139.339188 0.000002 -0.000000 17.340933 0.000000 -0.000000 0.000000 15.000004 -0.000002 37.870445 0.000002 -0.000004 30.984900 0.000001 0.000003 21.689436 0.000000 -0.000000 0.000000 180.000000 -179.999985 -137.587234 0.000003 -0.000002 54.424000 0.000001 0.000003 37.982780 0.000000 -0.000000 0.000000 170.000000 -179.999985 -141.340881 0.000000 -0.000000 54.243454 0.000001 0.000003 36.860893 0.000000 -0.000000 0.000000 160.000000 -180.000000 -168.425781 0.000000 -0.000000 17.361313 0.000000 0.000003 11.562634 7.673736 -5.749559 -9.364989 155.126648 169.675888 109.927895 160.454254 -172.025589 178.259216 3.107535 -36.242771 9.171515 112.261620 123.026787 152.194092 180.000000 180.000000 144.166428 0.000002 0.000002 -12.916786 0.000000 -0.000000 0.000000 165.000015 180.000000 142.340179 180.000000 -180.000000 149.187424 0.000000 -0.000002 -21.568808 0.000000 -0.000000 0.000000 0.000003 0.000002 -33.198399 0.000001 -0.000002 -49.797596 180.000000 -180.000000 146.834793 0.000000 -0.000000 0.000000 10.000001 0.000001 -31.773834 180.000000 -180.000000 132.339249 0.000000 -0.000001 -31.742071 0.000000 -0.000000 0.000000 20.000002 0.000003 -34.765594 180.000000 180.000000 127.851593 0.000000 0.000000 -34.730824
-181.715088 4.955043 283.668671 142.382278 -179.423203 -177.907043 159.226990 173.812912 -179.176285 28.868048 2.883816 -2.168364 170.563263 177.060410 175.120819 141.471939 -164.088150 -177.364075 7.810525 42.840126 -1.937408 63.984135 -15.757026 -23.276533 176.376358 175.638062 -178.674088 176.378922 175.652847 -177.605072 162.732529 175.774780 -178.382904 180.000000 -176.588791 178.451752 0.000002 -3.979747 -1.603546 175.629364 -177.011841 179.271545 11.832014 -9.935258 6.783187 48.539436 -43.371311 23.331425 14.826822 -16.973749 -6.727496 0.587171 -34.897018 -39.967499 61.704674 55.821819 23.373356 180.000000 -179.999985 -139.352463 0.000003 -0.000004 17.323114 0.000000 -0.000000 0.000000 14.999999 -0.000003 37.911392 0.000004 0.000002 31.018415 0.000003 -0.000004 21.712891 0.000000 -0.000000 0.000000 0.000000 -0.000000 42.390488 180.000000 180.000000 -125.576538 179.999985 -180.000000 -142.023407 0.000000 -0.000000 0.000000 170.000000 180.000000 -141.202835 0.000000 -0.000000 54.253361 0.000001 0.000003 36.905079 0.000000 -0.000000 0.000000 160.000015 -179.999985 -168.331619 180.000000 179.999985 -162.497421 0.000000 0.000003 11.656710 7.626760 -5.726063 -9.339516 155.200821 169.758682 109.908432 160.433960 -172.067398 178.265701 3.079739 -36.255585 9.388215 112.129364 122.967216 152.025955 0.000001 -0.000003 -35.828701 0.000001 -0.000005 -12.914352 0.000000 -0.000000 0.000000 165.000015 -180.000000 142.300964 180.000000 -179.999985 149.155350 180.000000 180.000000 158.408737 0.000000 -0.000000 0.000000 180.000000 -180.000000 146.746368 0.000000 0.000000 -49.880451 0.000002 0.000000 -33.220379 0.000000 -0.000000 0.000000 10.000000 -0.000000 -31.810513 180.000000 180.000000 132.284256 180.000000 180.000000 148.221298 0.000000 -0.000000 0.000000 19.999998 -0.000000 -34.842770 180.000000 -179.999985 127.735847 180.000000 180.000000 145.192062
-181.727417 4.967607 283.666992 142.229706 -179.289642 -177.928207 159.373917 173.615845 -179.120377 28.789305 3.012652 -2.265498 171.224152 177.106064 175.226517 141.706726 -163.997269 -177.331161 8.158927 43.241676 -1.831699 63.999973 -15.767871 -23.493587 176.382156 175.629837 -178.687714 176.384689 175.645447 -177.627655 162.761642 175.783203 -178.409027 0.000009 -3.407197 -1.546667 0.000006 -3.975063 -1.601908 175.894958 -177.018707 179.258408 11.697240 -9.949187 6.798377 47.871967 -43.492470 23.984539 15.066217 -16.814249 -6.569201 0.539688 -34.814701 -39.906094 61.799374 55.779736 23.437098 0.000002 0.000003 40.632168 0.000000 -0.000000 17.302465 0.000000 -0.000003 0.000000 15.000006 0.000009 37.971943 0.000000 -0.000000 31.067945 0.000000 -0.000000 21.747561 0.000000 -0.000003 0.000000 0.000001 -0.000004 42.507465 180.000000 -179.999985 -125.573738 180.000000 -179.999985 -141.990997 0.000000 -0.000003 0.000000 170.000000 -179.999985 -141.226059 180.000000 179.999985 -125.748291 0.000004 0.000002 36.897659 0.000000 -0.000003 0.000000 160.000000 179.999985 -168.366089 0.000000 -0.000000 17.450861 180.000000 179.999985 -168.377731 7.590937 -5.693875 -9.314679 155.216202 169.837280 109.899124 160.444046 -172.063889 178.274170 3.054190 -36.230679 9.580629 111.999924 122.905731 151.861206 180.000000 180.000000 144.179077 180.000000 180.000000 167.089523 0.000000 -0.000000 0.000000 165.000015 180.000000 142.280716 0.000001 -0.000003 -30.861254 0.000001 0.000002 -21.602865 0.000000 -0.000000 0.000000 0.000000 -0.000002 -33.279678 0.000002 -0.000000 -49.919525 0.000000 0.000000 -33.246407 0.000000 -0.000000 0.000000 9.999999 0.000003 -31.857174 180.000000 180.000000 132.214218 180.000000 -180.000000 148.174667 0.000000 -0.000000 0.000000 20.000000 -0.000002 -34.888649 0.000000 -0.000001 -52.332985 0.000000 -0.000001 -34.853775
-181.740509 4.980186 283.665131 142.060455 -179.143723 -177.947235 159.552780 173.415970 -179.078796 28.707098 3.132441 -2.356305 172.016434 177.203613 175.404861 141.959900 -163.930008 -177.305008 8.602451 43.528473 -1.671268 63.979843 -15.712166 -23.628561 176.389816 175.619385 -178.704102 176.392288 175.636047 -177.654861 162.799698 175.793091 -178.440338 0.000009 -3.403993 -1.541810 0.000012 -3.971323 -1.596883 176.168411 -177.025131 179.246918 11.540639 -9.965900 6.815260 47.268196 -43.576748 24.615431 15.286073 -16.722082 -6.426232 0.539012 -34.673054 -39.843559 61.946163 55.748821 23.552025 180.000000 -179.999985 -139.398300 0.000001 -0.000004 17.266365 0.000000 -0.000000 0.000000 15.000002 0.000002 38.052696 0.000003 -0.000001 31.134024 0.000003 -0.000001 21.793819 0.000000 -0.000000 0.000000 0.000001 0.000003 42.581093 180.000000 -179.999985 -125.572014 0.000001 0.000003 38.029327 0.000000 -0.000000 0.000000 170.000000 -179.999985 -141.198090 0.000003 -0.000002 54.253700 0.000000 -0.000000 36.906586 0.000000 -0.000000 0.000000 160.000015 179.999985 -168.328415 180.000000 179.999985 -162.492615 0.000000 -0.000000 11.659919 7.528877 -5.661199 -9.286473 155.215775 169.914505 109.896347 160.409882 -172.081757 178.300339 3.090048 -36.230404 9.772015 112.111664 122.950798 151.976944 0.000000 0.000000 -35.872242 0.000000 -0.000002 -12.936129 0.000000 -0.000000 0.000000 165.000015 -180.000000 142.214264 0.000000 0.000000 -30.915606 180.000000 -179.999985 158.359085 0.000000 -0.000000 0.000000 0.000000 0.000000 -33.321579 0.000002 0.000001 -49.982365 180.000000 180.000000 146.711746 0.000000 -0.000000 0.000000 10.000002 0.000003 -31.893961 0.000001 0.000002 -47.840931 0.000000 -0.000001 -31.862061 0.000000 -0.000000 0.000000 20.000000 0.000000 -34.949200 0.000001 0.000002 -52.423805 0.000000 0.000000 -34.914249
-181.752304 4.992809 283.663361 141.917770 -179.021469 -177.959473 159.702606 173.242142 -179.038544 28.635740 3.260422 -2.453349 172.782440 177.383240 175.607407 142.197952 -163.828094 -177.258606 9.173135 43.745525 -1.440996 63.927567 -15.595559 -23.699429 176.395905 175.610718 -178.719208 176.398331 175.628311 -177.679947 162.830414 175.802567 -178.469406 0.000020 -3.413729 -1.535827 0.000019 -3.982684 -1.590686 176.450775 -177.020630 179.236465 11.325732 -10.033017 6.820068 46.643265 -43.629597 25.304462 15.553886 -16.607300 -6.275410 0.513307 -34.559273 -39.788620 61.557232 55.781742 23.165653 0.000001 0.000003 40.572819 0.000000 -0.000000 17.250284 0.000000 -0.000000 0.000000 15.000002 0.000004 38.119907 0.000005 0.000006 31.189016 180.000000 179.999985 -158.167694 0.000000 -0.000000 0.000000 0.000002 0.000003 42.654678 180.000000 180.000000 -125.570404 0.000000 -0.000000 38.049568 0.000000 -0.000000 0.000000 170.000000 -179.999985 -141.076096 180.000000 -179.999985 -125.737785 0.000003 -0.000001 36.945427 0.000000 -0.000000 0.000000 160.000015 -179.999985 -168.213730 180.000000 179.999985 -162.320587 0.000003 -0.000000 11.774481 7.451375 -5.650062 -9.264671 155.215042 169.960922 109.897446 160.303757 -172.128342 178.342636 3.211367 -36.265003 9.923344 112.023849 122.928581 151.873123 180.000000 179.999985 144.128494 0.000002 0.000002 -12.935757 0.000002 -0.000002 -0.000000 165.000000 -180.000000 142.168152 0.000003 -0.000003 -30.953342 0.000000 -0.000002 -21.667339 0.000002 -0.000002 -0.000000 180.000000 -179.999985 146.624725 0.000000 0.000000 -50.062927 0.000001 0.000001 -33.341908 0.000002 -0.000002 -0.000000 10.000001 -0.000001 -31.934233 0.000000 -0.000001 -47.901344 180.000000 -180.000000 148.097702 0.000002 -0.000002 -0.000000 20.000002 -0.000002 -35.021324 0.000000 0.000000 -52.531998 0.000002 0.000001 -34.986309
-181.763168 5.005118 283.661438 141.786514 -178.905487 -177.966843 159.837997 173.087601 -179.017227 28.567472 3.416971 -2.539150 173.613235 177.688019 175.850891 142.421036 -163.750900 -177.224045 9.744930 43.848595 -1.191472 63.850338 -15.433230 -23.698713 176.401337 175.601456 -178.735214 176.403732 175.620010 -177.706467 162.858215 175.812286 -178.500641 0.000024 -3.419939 -1.527336 0.000032 -3.989932 -1.581889 176.705658 -177.018875 179.228836 11.232543 -10.009464 6.834032 46.084885 -43.706604 25.803143 15.811439 -16.533722 -6.149627 0.463569 -34.448795 -39.739178 61.382187 55.818619 22.990709 0.000001 0.000003 40.531906 180.000000 179.999985 -162.782913 0.000000 -0.000000 0.000000 15.000000 -0.000003 38.152546 180.000000 -179.999985 -148.784271 0.000002 -0.000007 21.851004 0.000000 -0.000000 0.000000 0.000000 0.000003 42.728138 0.000005 0.000001 54.431175 0.000000 -0.000000 38.069717 0.000000 -0.000000 0.000000 170.000000 179.999985 -140.872772 0.000001 -0.000005 54.275978 180.000000 180.000000 -142.990204 0.000000 -0.000000 0.000000 160.000015 -180.000000 -168.027557 0.000002 -0.000000 17.958658 0.000000 0.000003 11.960468 7.348583 -5.659452 -9.244165 155.223175 169.986053 109.901443 160.285797 -172.164291 178.374161 3.250157 -36.293503 10.063739 111.979660 122.904991 151.817642 180.000000 -180.000000 144.135422 0.000005 0.000001 -12.932283 0.000000 -0.000000 0.000000 165.000015 -180.000000 142.124008 0.000002 -0.000001 -30.989447 180.000000 -179.999985 158.307388 0.000000 -0.000000 0.000000 0.000001 0.000001 -33.415127 180.000000 -180.000000 129.877304 180.000000 -179.999985 146.618286 0.000000 -0.000000 0.000000 9.999997 0.000001 -31.983379 180.000000 180.000000 132.024933 0.000001 0.000001 -31.951385 0.000000 -0.000000 0.000000 19.999996 -0.000000 -35.083328 0.000001 -0.000002 -52.625000 180.000000 -179.999985 144.951752
-181.773514 5.017015 283.658875 141.651016 -178.777725 -177.970581 159.980850 172.933380 -179.015228 28.507898 3.568018 -2.612883 174.573685 178.078171 176.137573 142.666245 -163.690704 -177.196838 10.386549 43.834114 -0.894674 63.735931 -15.198375 -23.610947 176.407501 175.589828 -178.753723 176.409821 175.609512 -177.737091 162.889633 175.822800 -178.537018 0.000023 -3.419481 -1.517197 0.000028 -3.989392 -1.571388 176.955185 -177.022827 179.222122 11.183031 -9.950508 6.854540 45.671627 -43.752934 26.169872 16.007887 -16.555267 -6.069789 0.479072 -34.250908 -39.689018 61.337463 55.861378 22.974005 0.000002 -0.000001 40.539883 0.000000 -0.000000 17.229141 0.000000 -0.000000 0.000000 15.000000 -0.000003 38.153240 180.000000 -179.999985 -148.783722 0.000000 -0.000000 21.851395 0.000000 -0.000000 0.000000 0.000000 0.000003 42.728138 0.000005 0.000001 54.431175 0.000000 -0.000000 38.069717 0.000000 -0.000000 0.000000 170.000000 -179.999985 -140.736511 0.000003 -0.000002 54.284889 180.000000 180.000000 -142.947357 0.000000 -0.000000 0.000000 160.000015 179.999985 -167.990128 0.000001 0.000003 18.014814 180.000000 -179.999985 -168.002136 7.264230 -5.643544 -9.221106 155.193619 170.034164 109.914360 160.330399 -172.154984 178.394821 3.216483 -36.274658 10.230894 112.148949 122.953911 152.002136 180.000000 -180.000000 144.096298 180.000000 180.000000 167.048141 0.000000 -0.000000 0.000000 165.000000 180.000000 142.066635 0.000002 -0.000001 -31.036394 180.000000 180.000000 158.274521 0.000000 -0.000000 0.000000 0.000000 0.000002 -33.452839 180.000000 180.000000 129.820740 0.000000 -0.000001 -33.419392 0.000000 -0.000000 0.000000 10.000001 -0.000001 -32.024796 180.000000 -180.000000 131.962784 180.000000 180.000000 148.007217 0.000000 -0.000000 0.000000 20.000004 -0.000003 -35.150364 0.000000 0.000000 -52.725552 0.000000 -0.000001 -35.115211
-181.781204 5.028274 283.656403 141.552917 -178.680161 -177.972763 160.082672 172.814758 -179.014359 28.460915 3.731591 -2.682588 175.463394 178.523804 176.414948 142.885941 -163.583145 -177.121979 11.182750 43.728180 -0.524668 63.580292 -14.878534 -23.432558 176.411514 175.584274 -178.769730 176.413803 175.604813 -177.763657 162.911102 175.834595 -178.567978 0.000013 -3.427044 -1.510562 0.000015 -3.998216 -1.564514 177.202271 -177.019852 179.213730 11.162479 -9.883948 6.880761 45.406731 -43.783604 26.400003 16.145483 -16.620052 -6.025341 0.480468 -34.072742 -39.654182 61.539574 56.014221 23.256569 180.000000 -179.999985 -139.470978 180.000000 -179.999985 -162.776031 0.000000 -0.000000 0.000000 15.000004 -0.000002 38.128510 0.000001 0.000003 31.196053 0.000003 -0.000001 21.837233 0.000000 -0.000000 0.000000 0.000000 0.000003 42.728138 0.000005 0.000001 54.431175 0.000000 -0.000000 38.069717 0.000000 -0.000000 0.000000 170.000000 179.999985 -140.718933 180.000000 -179.999985 -125.713974 0.000000 -0.000000 37.058159 0.000000 -0.000000 0.000000 160.000015 -179.999985 -167.993713 0.000002 0.000003 18.009409 0.000003 -0.000000 11.994265 7.127211 -5.669619 -9.199677 155.230743 170.045959 109.920166 160.281647 -172.213821 178.426865 3.268685 -36.325150 10.368637 112.153702 122.924568 152.002625 0.000004 0.000004 -35.882000 0.000002 -0.000002 -12.940996 0.000000 -0.000000 0.000000 165.000015 -180.000000 142.039856 0.000000 -0.000004 -31.058304 0.000000 -0.000002 -21.740808 0.000000 -0.000000 0.000000 0.000000 0.000000 -33.499825 180.000000 -180.000000 129.750244 180.000000 -180.000000 146.533676 0.000000 -0.000000 0.000000 9.999998 0.000000 -32.059727 180.000000 180.000000 131.910385 0.000000 -0.000001 -32.027683 0.000000 -0.000000 0.000000 20.000002 -0.000000 -35.219975 180.000000 180.000000 127.170036 180.000000 180.000000 144.815247
-181.786697 5.038695 283.653076 141.471085 -178.580139 -177.971680 160.194305 172.705444 -179.022888 28.395597 3.930151 -2.747791 176.410995 179.075729 176.711731 143.083450 -163.494232 -177.049118 11.955879 43.555283 -0.166737 63.412399 -14.529202 -23.210924 176.414795 175.575607 -178.785904 176.417023 175.597061 -177.790375 162.928925 175.844238 -178.600342 0.000008 -3.429574 -1.505849 0.000001 -4.001171 -1.559632 177.412827 -177.020691 179.205841 11.013967 -9.904342 6.877470 45.236198 -43.773712 26.721399 16.255201 -16.674112 -5.999436 0.466882 -33.936848 -39.629669 61.996315 56.304966 23.834646 0.000002 0.000007 40.444435 0.000000 -0.000000 17.149574 0.000000 -0.000000 0.000000 15.000000 0.000002 38.090534 0.000002 -0.000004 31.164982 0.000001 0.000007 21.815485 0.000000 -0.000000 0.000000 0.000000 0.000003 42.728138 0.000005 0.000001 54.431175 0.000000 -0.000000 38.069717 0.000000 -0.000000 0.000000 170.000000 -180.000000 -140.757248 0.000000 -0.000000 54.283543 0.000001 0.000003 37.046135 0.000000 -0.000000 0.000000 160.000015 -180.000000 -168.075394 180.000000 -179.999985 -162.113083 180.000000 180.000000 -168.087311 7.013092 -5.682986 -9.178870 155.251526 170.068634 109.929726 160.245514 -172.251282 178.448929 3.286822 -36.355846 10.521618 112.162262 122.902779 152.008850 180.000000 -180.000000 144.135330 180.000000 179.999985 167.067673 0.000002 0.000002 0.000003 165.000015 179.999985 141.997925 180.000000 180.000000 148.907394 0.000000 -0.000002 -21.764824 0.000002 0.000002 0.000003 0.000002 0.000000 -33.542053 180.000000 -180.000000 129.686874 0.000002 0.000000 -33.508530 0.000002 0.000002 0.000003 10.000001 -0.000000 -32.108292 0.000000 0.000000 -48.162441 180.000000 -180.000000 147.923813 0.000002 0.000002 0.000003 19.999998 -0.000000 -35.280731 180.000000 -180.000000 127.078896 180.000000 180.000000 144.754532
-181.791061 5.048058 283.649048 141.390594 -178.470459 -177.968430 160.320099 172.595093 -179.039612 28.329931 4.116800 -2.804826 177.523148 179.717957 177.044128 143.294388 -163.405426 -176.950912 12.821674 43.283352 0.228890 63.205860 -14.089048 -22.908253 176.418854 175.564484 -178.803802 176.421036 175.586945 -177.819901 162.950562 175.853912 -178.636368 180.000000 -176.571396 178.494324 179.999985 -175.999969 178.440567 177.611252 -177.024338 179.195648 10.887637 -9.903787 6.884502 45.250420 -43.738220 26.902472 16.269310 -16.778685 -6.019444 0.453112 -33.831570 -39.609444 62.269939 56.514793 24.192110 180.000000 180.000000 -139.623657 0.000000 -0.000000 17.090698 0.000000 -0.000000 0.000000 15.000000 0.000001 38.025661 0.000000 -0.000000 31.111898 180.000000 180.000000 -158.221680 0.000000 -0.000000 0.000000 180.000000 180.000000 -137.394699 180.000000 -179.999985 -125.571472 0.000006 -0.000002 38.035980 0.000000 -0.000000 0.000000 170.000000 -180.000000 -140.713181 0.000000 -0.000000 54.286400 0.000000 -0.000000 37.059959 0.000000 -0.000000 0.000000 160.000015 179.999985 -168.107849 0.000001 0.000003 17.838224 0.000000 0.000003 11.880258 6.916988 -5.671306 -9.150877 155.236755 170.119019 109.940193 160.242584 -172.256668 178.465393 3.252702 -36.358440 10.706796 112.307076 122.951180 152.166275 180.000000 179.999985 144.094452 0.000000 0.000000 -12.952780 0.000000 -0.000000 0.000000 165.000015 -180.000000 141.934052 0.000001 -0.000003 -31.144859 0.000000 -0.000002 -21.801403 0.000000 -0.000000 0.000000 0.000002 0.000000 -33.599907 180.000000 -180.000000 129.600128 180.000000 180.000000 146.433701 0.000000 -0.000000 0.000000 10.000003 -0.000003 -32.161297 180.000000 -180.000000 131.758072 180.000000 180.000000 147.870865 0.000000 -0.000000 0.000000 20.000002 -0.000002 -35.367214 180.000000 180.000000 126.949173 0.000000 0.000000 -35.331852
-181.794128 5.056413 283.645050 141.327499 -178.375763 -177.963242 160.448441 172.501053 -179.052643 28.270451 4.308223 -2.865214 178.540665 -179.627808 177.357986 143.542252 -163.281708 -176.819595 13.838049 42.875805 0.711229 62.952885 -13.533897 -22.482950 176.423233 175.553558 -178.819611 176.425385 175.576965 -177.845963 162.973282 175.861862 -178.668060 179.999985 -176.563507 178.486755 179.999985 -175.990753 178.432709 177.809143 -177.020355 179.180939 10.745190 -9.921469 6.886456 45.264797 -43.702770 27.083445 16.280056 -16.829409 -6.036366 0.438692 -33.780148 -39.592323 62.859257 56.961384 24.947327 0.000000 -0.000000 40.207134 0.000000 -0.000000 16.942265 0.000000 -0.000000 0.000000 15.000000 0.000001 38.025661 0.000000 -0.000000 31.111898 180.000000 180.000000 -158.221680 0.000000 -0.000000 0.000000 0.000000 -0.000000 42.663891 0.000006 -0.000003 54.429798 180.000000 180.000000 -141.947922 0.000000 -0.000000 0.000000 170.000000 -180.000000 -140.713181 0.000000 -0.000000 54.286400 0.000000 -0.000000 37.059959 0.000000 -0.000000 0.000000 160.000015 179.999985 -168.130997 0.000003 -0.000004 17.803503 0.000003 -0.000004 11.857133 6.822668 -5.666482 -9.126377 155.231491 170.160049 109.946609 160.214539 -172.268707 178.481003 3.254917 -36.378998 10.860291 112.279518 122.940399 152.141602 180.000000 -179.999985 144.114471 180.000000 180.000000 167.057236 0.000000 0.000000 -0.000003 165.000000 -179.999985 141.889999 180.000000 -179.999985 148.819092 0.000000 -0.000002 -21.826630 0.000000 0.000000 -0.000003 180.000000 -179.999985 146.353577 180.000000 180.000000 129.530365 180.000000 -179.999985 146.387238 0.000000 0.000000 -0.000003 9.999998 -0.000002 -32.210785 180.000000 -180.000000 131.683823 0.000002 0.000000 -32.178566 0.000000 0.000000 -0.000003 20.000002 0.000000 -35.439323 0.000002 0.000001 -53.158962 180.000000 180.000000 144.596115
-181.795609 5.063878 283.640930 141.281952 -178.290176 -177.956253 160.562805 172.418503 -179.071396 28.212393 4.474221 -2.913563 179.622803 -178.914017 177.684265 143.788696 -163.170303 -176.701477 14.780350 42.423901 1.169288 62.703896 -12.967825 -22.039196 176.427765 175.544434 -178.835388 176.429886 175.568756 -177.872070 162.996979 175.871017 -178.699295 179.999985 -176.559830 178.477249 179.999985 -175.986465 178.422867 177.965683 -177.019394 179.167114 10.538663 -9.987797 6.865122 44.248421 -43.643158 27.836882 16.845186 -16.523926 -5.754127 0.421874 -33.832409 -39.562481 63.478481 57.386921 25.725729 180.000000 180.000000 -139.952271 0.000000 -0.000000 16.802532 0.000000 -0.000000 0.000000 14.999999 -0.000006 38.024200 180.000000 180.000000 -148.889297 0.000003 -0.000004 21.777489 0.000000 -0.000000 0.000000 0.000000 -0.000000 42.739498 0.000000 -0.000000 54.431412 0.000003 -0.000001 38.072834 0.000000 -0.000000 0.000000 170.000000 179.999985 -140.475800 0.000003 -0.000002 54.301243 180.000000 180.000000 -142.865967 0.000000 -0.000000 0.000000 160.000015 -180.000000 -168.129593 0.000000 -0.000000 17.805613 0.000001 0.000007 11.858536 6.716033 -5.671758 -9.100626 155.237930 170.191895 109.946556 160.133942 -172.310394 178.501648 3.266023 -36.421017 11.037996 112.265999 122.933517 152.132034 0.000005 0.000002 -35.869003 0.000002 0.000002 -12.934496 0.000000 -0.000000 0.000000 165.000015 180.000000 141.837219 180.000000 -180.000000 148.775925 180.000000 180.000000 158.143143 0.000000 -0.000000 0.000000 180.000000 -180.000000 146.299103 0.000001 0.000000 -50.551373 0.000002 -0.000001 -33.667217 0.000000 -0.000000 0.000000 9.999999 0.000001 -32.263203 0.000000 0.000000 -48.394810 180.000000 -180.000000 147.769058 0.000000 -0.000000 0.000000 20.000002 -0.000002 -35.518353 0.000002 0.000001 -53.277531 0.000000 -0.000001 -35.482838
-181.794800 5.070699 283.636017 141.245422 -178.191132 -177.947647 160.710953 172.317368 -179.094757 28.127787 4.652547 -2.972447 0.877693 -1.958402 -1.942676 144.078491 -163.060577 -176.591385 15.771880 41.860149 1.669485 62.429707 -12.314674 -21.504862 176.434189 175.531387 -178.853592 176.436279 175.556854 -177.902115 163.029663 175.880081 -178.735321 179.999985 -176.559860 178.465302 179.999985 -175.986511 178.410477 178.094360 -177.021271 179.153091 10.299840 -10.060788 6.845343 43.225967 -43.569786 28.608593 17.394968 -16.186819 -5.467403 0.416453 -33.920444 -39.530033 63.746758 57.555504 26.062660 180.000000 180.000000 -140.004822 0.000000 -0.000000 16.757353 0.000000 -0.000000 0.000000 14.999999 -0.000006 38.024200 180.000000 180.000000 -148.889297 0.000003 -0.000004 21.777489 0.000000 -0.000000 0.000000 0.000003 0.000006 42.953583 0.000003 0.000006 54.435589 0.000001 0.000003 38.131191 0.000000 -0.000000 0.000000 170.000000 -180.000000 -140.277222 180.000000 -179.999985 -125.686913 0.000005 0.000005 37.195450 0.000000 -0.000000 0.000000 160.000015 -180.000000 -168.143707 180.000000 -179.999985 -162.215561 180.000000 180.000000 -168.155563 6.619343 -5.650807 -9.063180 155.214981 170.251556 109.944397 160.105896 -172.321991 178.515320 3.254274 -36.434067 11.199213 112.348030 122.966942 152.225372 180.000000 180.000000 144.109970 180.000000 179.999985 167.054977 0.000000 -0.000002 0.000000 165.000015 -180.000000 141.777100 180.000000 179.999985 148.726730 0.000000 -0.000002 -21.891294 0.000000 -0.000002 0.000000 0.000001 -0.000001 -33.761848 0.000001 -0.000000 -50.642754 0.000000 -0.000002 -33.728081 0.000000 -0.000002 0.000000 10.000004 0.000001 -32.321873 0.000002 0.000000 -48.482803 0.000002 0.000001 -32.289543 0.000000 -0.000002 0.000000 20.000006 -0.000001 -35.611164 180.000000 180.000000 126.583237 0.000000 0.000000 -35.575558
-181.790482 5.076755 283.631195 141.244080 -178.118988 -177.940277 160.849533 172.231689 -179.114990 28.029032 4.808001 -3.033806 2.023866 -2.806157 -1.601976 144.377991 -162.886307 -176.416153 16.918053 41.155800 2.230669 62.122982 -11.544095 -20.819141 176.438629 175.524796 -178.868958 176.440674 175.551117 -177.927643 163.053085 175.890503 -178.765182 179.999985 -176.551346 178.446274 179.999985 -175.976593 178.390778 178.221512 -177.015823 179.134964 10.172608 -10.072610 6.840623 42.174622 -43.523548 29.251900 17.930334 -15.835959 -5.170077 0.428063 -34.026230 -39.502998 64.166878 57.803509 26.584810 180.000000 -180.000000 -140.081009 180.000000 -179.999985 -163.308273 0.000000 -0.000000 0.000000 14.999999 -0.000006 38.024200 180.000000 180.000000 -148.889297 0.000003 -0.000004 21.777489 0.000000 -0.000000 0.000000 180.000000 180.000000 -136.821609 180.000000 -179.999985 -125.560608 180.000000 -179.999985 -141.808060 0.000000 -0.000000 0.000000 170.000000 180.000000 -140.205963 0.000005 -0.000006 54.317211 0.000004 0.000002 37.217384 0.000000 -0.000000 0.000000 160.000015 -179.999985 -168.176178 0.000000 -0.000000 17.735720 180.000000 180.000000 -168.188019 6.526103 -5.641790 -9.034083 155.199097 170.293625 109.941742 160.057419 -172.333893 178.522888 3.200139 -36.442722 11.390018 112.374138 122.977463 152.265839 180.000000 180.000000 144.124939 0.000002 0.000000 -12.937523 0.000000 -0.000000 0.000000 165.000015 180.000000 141.709702 0.000002 -0.000001 -31.328415 180.000000 -179.999985 158.070114 0.000000 -0.000000 0.000000 0.000003 -0.000003 -33.818966 180.000000 180.000000 129.271576 0.000003 0.000001 -33.785137 0.000000 -0.000000 0.000000 10.000004 0.000002 -32.388744 0.000001 0.000002 -48.583115 180.000000 -180.000000 147.643631 0.000000 -0.000000 0.000000 20.000000 -0.000000 -35.695004 0.000000 0.000000 -53.542526 0.000003 0.000001 -35.659313
-181.781387 5.081859 283.625702 141.285767 -178.058350 -177.934891 160.967621 172.151047 -179.133179 27.918736 4.966981 -3.107938 3.224623 -3.727533 -1.253965 144.623337 -162.712967 -176.242645 17.947981 40.464390 2.723733 61.848934 -10.814218 -20.140615 176.441269 175.520203 -178.883774 176.443268 175.547302 -177.952225 163.068085 175.901367 -178.794296 179.999985 -176.543732 178.430710 179.999985 -175.967682 178.374664 178.299896 -177.010406 179.121506 10.027534 -10.096249 6.830379 41.104229 -43.475307 29.906267 18.456636 -15.479994 -4.869153 0.448975 -34.140644 -39.475147 64.430984 58.019123 26.949142 0.000001 -0.000000 39.880077 180.000000 180.000000 -163.336304 0.000000 -0.000000 0.000000 14.999999 -0.000006 38.024200 180.000000 180.000000 -148.889297 0.000003 -0.000004 21.777489 0.000000 -0.000000 0.000000 0.000002 -0.000001 43.230694 0.000000 -0.000000 54.440186 0.000003 -0.000001 38.205978 0.000000 -0.000000 0.000000 170.000000 179.999985 -140.153732 0.000000 -0.000000 54.320213 180.000000 179.999985 -142.766571 0.000000 -0.000000 0.000000 160.000015 179.999985 -168.179092 0.000002 0.000003 17.731359 0.000000 -0.000000 11.809078 6.416261 -5.633489 -8.993030 155.191101 170.342392 109.930626 159.987457 -172.356018 178.528824 3.200514 -36.457260 11.548480 112.433914 122.981819 152.341766 0.000002 -0.000000 -35.853451 0.000000 0.000000 -12.926727 0.000002 -0.000000 0.000000 165.000015 180.000000 141.658310 180.000000 180.000000 148.629532 0.000000 0.000000 -21.959322 0.000002 -0.000000 0.000000 0.000004 -0.000001 -33.873798 0.000000 0.000000 -50.810684 0.000000 -0.000002 -33.839905 0.000002 -0.000000 0.000000 10.000001 0.000003 -32.437706 0.000001 0.000001 -48.656551 180.000000 -180.000000 147.594742 0.000002 -0.000000 0.000000 20.000002 -0.000000 -35.785912 0.000000 -0.000001 -53.678883 180.000000 -180.000000 144.249847
-181.767990 5.086106 283.619293 141.356598 -177.993515 -177.932861 161.106430 172.054901 -179.155090 27.749453 5.078939 -3.174215 4.659798 -4.743776 -0.897876 144.837051 -162.516418 -176.015701 19.015358 39.722504 3.188692 61.575977 -10.033354 -19.385643 176.444107 175.512177 -178.899902 176.446060 175.540131 -177.978882 163.084076 175.911118 -178.826660 0.000000 -3.467230 -1.581693 0.000003 -4.045097 -1.638181 178.355057 -177.001846 179.111160 9.852658 -10.128675 6.824612 40.024780 -43.421371 30.572142 18.960876 -15.109340 -4.560856 0.491513 -34.274200 -39.447521 64.555153 58.110519 27.113064 0.000000 -0.000000 39.857803 0.000000 -0.000000 16.645998 0.000000 -0.000000 0.000000 14.999999 -0.000006 38.024200 180.000000 180.000000 -148.889297 0.000003 -0.000004 21.777489 0.000000 -0.000000 0.000000 0.000002 -0.000001 43.105598 180.000000 180.000000 -125.561775 180.000000 180.000000 -141.827682 0.000000 -0.000000 0.000000 170.000000 -180.000000 -140.256348 0.000002 0.000003 54.314308 180.000000 -179.999985 -142.798111 0.000000 -0.000000 0.000000 160.000015 179.999985 -168.205002 180.000000 -179.999985 -162.307510 0.000003 -0.000000 11.783199 6.294905 -5.614377 -8.932016 155.167969 170.412445 109.908348 159.948914 -172.368790 178.537689 3.171769 -36.450031 11.710943 112.529297 123.003441 152.443069 180.000000 180.000000 144.125916 180.000000 -180.000000 167.062958 0.000000 -0.000000 0.000000 165.000015 -180.000000 141.607941 0.000002 0.000004 -31.411695 0.000001 0.000002 -21.988182 0.000000 -0.000000 0.000000 180.000000 180.000000 146.073807 0.000000 0.000004 -50.889290 0.000004 0.000000 -33.892273 0.000000 -0.000000 0.000000 10.000001 -0.000002 -32.491028 0.000001 -0.000001 -48.736530 180.000000 180.000000 147.541458 0.000000 -0.000000 0.000000 19.999998 0.000000 -35.865677 180.000000 180.000000 126.201477 0.000000 0.000000 -35.829823
-181.751785 5.089330 283.612671 141.446182 -177.940826 -177.935944 161.277893 171.954956 -179.171051 27.536097 5.204084 -3.263283 5.977540 -5.723999 -0.575526 145.063400 -162.267395 -175.702972 20.222771 38.842743 3.674228 61.289371 -9.145274 -18.462719 176.446106 175.503479 -178.913254 176.448029 175.532196 -178.000839 163.095444 175.917679 -178.854034 0.000017 -3.490476 -1.596178 0.000022 -4.072217 -1.653183 178.434402 -176.983185 179.098404 9.720923 -10.140791 6.815744 39.940514 -43.443001 30.705494 18.890486 -15.041528 -4.549292 0.549730 -34.347244 -39.440147 64.555153 58.110519 27.113064 0.000000 -0.000000 39.857803 0.000000 -0.000000 16.645998 0.000000 -0.000000 0.000000 14.999999 -0.000006 38.024200 180.000000 180.000000 -148.889297 0.000003 -0.000004 21.777489 0.000000 -0.000000 0.000000 0.000002 -0.000001 43.105598 180.000000 180.000000 -125.561775 180.000000 180.000000 -141.827682 0.000000 -0.000000 0.000000 170.000000 -180.000000 -140.256348 0.000002 0.000003 54.314308 180.000000 -179.999985 -142.798111 0.000000 -0.000000 0.000000 160.000015 179.999985 -168.278519 180.000000 179.999985 -162.417786 0.000000 0.000003 11.709755 6.176307 -5.595694 -8.868259 155.146729 170.480804 109.881554 159.906113 -172.372360 178.543304 3.197227 -36.444347 11.817857 112.569016 123.008362 152.501602 0.000004 0.000000 -35.845573 180.000000 -179.999985 167.077209 0.000002 -0.000001 -0.000000 165.000015 -179.999985 141.582047 0.000000 -0.000004 -31.432869 180.000000 -180.000000 157.996994 0.000002 -0.000001 -0.000000 0.000003 0.000003 -33.951687 180.000000 -179.999985 129.072464 180.000000 180.000000 146.082260 0.000002 -0.000001 -0.000000 9.999999 -0.000002 -32.522675 0.000000 0.000000 -48.784023 180.000000 180.000000 147.509842 0.000002 -0.000001 -0.000000 20.000002 -0.000003 -35.903442 0.000001 0.000002 -53.855160 180.000000 180.000000 144.132462
-181.732605 5.091523 283.605652 141.558838 -177.889816 -177.944290 161.414139 171.854599 -179.183456 27.326345 5.290905 -3.357507 7.365320 -6.681582 -0.258958 145.233994 -162.039688 -175.386703 21.286209 38.021824 4.062966 61.048538 -8.331594 -17.583580 176.447968 175.490402 -178.926102 176.449860 175.519913 -178.021744 163.105743 175.920746 -178.881424 0.000026 -3.514445 -1.602183 0.000036 -4.100182 -1.659400 178.485535 -176.963425 179.092377 9.588959 -10.163089 6.792426 39.826210 -43.482464 30.854055 18.802729 -14.973228 -4.523707 0.631313 -34.422012 -39.444561 65.214058 58.709286 28.038038 0.000001 0.000002 39.733311 0.000000 -0.000000 16.554873 0.000000 -0.000000 0.000000 14.999999 -0.000006 38.024200 180.000000 180.000000 -148.889297 0.000003 -0.000004 21.777489 0.000000 -0.000000 0.000000 0.000000 -0.000004 42.957867 0.000003 -0.000002 54.435646 0.000001 0.000003 38.132359 0.000000 -0.000000 0.000000 170.000000 180.000000 -140.341843 0.000003 0.000006 54.309299 0.000000 -0.000000 37.175510 0.000000 -0.000000 0.000000 160.000015 179.999985 -168.409775 180.000000 180.000000 -162.614655 0.000000 0.000003 11.578637 6.037634 -5.591040 -8.794626 155.140457 170.544067 109.842232 159.853806 -172.372910 178.550949 3.215087 -36.419353 11.935745 112.634468 123.063507 152.608109 0.000002 0.000001 -35.828213 0.000002 -0.000005 -12.914105 0.000000 -0.000000 0.000000 165.000000 179.999985 141.533020 180.000000 -180.000000 148.527023 0.000002 -0.000001 -22.031084 0.000000 -0.000000 0.000000 180.000000 -180.000000 146.005020 0.000000 0.000000 -50.992455 0.000003 0.000002 -33.960964 0.000000 -0.000000 0.000000 10.000000 0.000001 -32.552788 0.000002 0.000000 -48.829193 0.000000 -0.000000 -32.520237 0.000000 -0.000000 0.000000 20.000002 0.000001 -35.967621 0.000003 0.000001 -53.951424 180.000000 -180.000000 144.068344
-181.710510 5.093249 283.598175 141.695145 -177.833817 -177.959610 161.530685 171.739319 -179.196121 27.102425 5.341426 -3.448863 8.975226 -7.724789 0.073147 145.399490 -161.829834 -175.068008 22.319307 37.118435 4.429945 60.820923 -7.479770 -16.636307 176.450272 175.472977 -178.940399 176.452148 175.503433 -178.044922 163.118027 175.922226 -178.912460 0.000046 -3.537902 -1.597844 0.000048 -4.127552 -1.654901 178.535141 -176.944107 179.092728 9.439921 -10.175742 6.806534 39.728027 -43.521236 30.967005 18.689138 -14.890757 -4.475496 0.748011 -34.512604 -39.468849 65.427315 58.871655 28.322887 0.000002 -0.000001 39.697845 0.000000 -0.000000 16.528004 0.000000 -0.000000 0.000000 14.999999 -0.000006 38.024200 180.000000 180.000000 -148.889297 0.000003 -0.000004 21.777489 0.000000 -0.000000 0.000000 0.000001 0.000003 42.989880 180.000000 179.999985 -125.563751 0.000004 0.000002 38.141033 0.000000 -0.000000 0.000000 170.000000 -179.999985 -140.216812 0.000005 0.000001 54.316605 0.000000 -0.000000 37.214054 0.000000 -0.000000 0.000000 160.000015 179.999985 -168.453857 180.000000 -179.999985 -162.680786 180.000000 -179.999985 -168.465408 5.936079 -5.595503 -8.753174 155.100845 170.585190 109.821335 159.833267 -172.387680 178.568008 3.284289 -36.382885 11.988074 112.704399 123.082428 152.699799 180.000000 179.999985 144.188416 0.000003 0.000000 -12.905799 0.000000 -0.000000 0.000000 165.000015 179.999985 141.511597 0.000004 0.000001 -31.490501 0.000005 0.000001 -22.043350 0.000000 -0.000000 0.000000 0.000000 0.000000 -34.036343 0.000001 -0.000002 -51.054516 180.000000 -180.000000 145.997696 0.000000 -0.000000 0.000000 10.000002 -0.000004 -32.591915 180.000000 -179.999985 131.112137 0.000002 0.000001 -32.559303 0.000000 -0.000000 0.000000 20.000002 0.000001 -36.031811 180.000000 -180.000000 125.952278 0.000000 0.000000 -35.995785
-181.688736 5.094960 283.591431 141.819550 -177.784668 -177.978622 161.680679 171.614380 -179.208862 26.842396 5.368700 -3.548952 10.442043 -8.676181 0.375732 145.596848 -161.601410 -174.707993 23.488550 36.022820 4.833916 60.591625 -6.515173 -15.504684 176.453171 175.454865 -178.952866 176.455017 175.486206 -178.065048 163.132675 175.921707 -178.939804 0.000050 -3.566943 -1.594060 0.000050 -4.161437 -1.650981 178.643158 -176.920929 179.089630 9.333374 -10.189659 6.784417 38.584473 -43.317757 31.611155 19.270826 -14.715118 -4.190565 0.880099 -34.610233 -39.507713 65.841911 59.154808 28.880049 0.000001 -0.000000 39.670006 0.000000 -0.000000 16.513449 0.000000 -0.000000 0.000000 14.999999 -0.000006 38.024200 180.000000 180.000000 -148.889297 0.000003 -0.000004 21.777489 0.000000 -0.000000 0.000000 0.000002 0.000003 43.195374 0.000003 -0.000002 54.439648 180.000000 179.999985 -141.803497 0.000000 -0.000000 0.000000 170.000000 -179.999985 -140.101242 180.000000 179.999985 -125.676834 180.000000 180.000000 -142.750473 0.000000 -0.000000 0.000000 160.000000 -179.999985 -168.500244 0.000000 -0.000000 17.249636 180.000000 180.000000 -168.511734 5.844639 -5.608130 -8.716758 155.082672 170.612885 109.798660 159.818527 -172.380295 178.577606 3.324816 -36.307735 12.047759 114.048782 122.581696 153.946335 0.000004 -0.000001 -35.591572 0.000004 -0.000001 -12.795791 0.000000 -0.000000 0.000000 165.000000 -180.000000 141.399429 0.000001 0.000000 -31.582285 180.000000 180.000000 157.892410 0.000000 -0.000000 0.000000 0.000002 0.000001 -34.088078 0.000003 0.000000 -51.132130 0.000001 -0.000002 -34.053989 0.000000 -0.000000 0.000000 10.000001 0.000001 -32.645317 180.000000 180.000000 131.031998 0.000000 0.000000 -32.612679 0.000000 -0.000000 0.000000 20.000000 0.000002 -36.047279 180.000000 180.000000 125.929100 0.000000 0.000000 -36.011223
-181.666016 5.096482 283.585022 141.952713 -177.739090 -178.003998 161.781754 171.493759 -179.216156 26.611488 5.414279 -3.675735 11.935378 -9.643182 0.710600 145.731888 -161.418228 -174.390350 24.533865 34.976242 5.183009 60.407490 -5.633835 -14.442282 176.456100 175.436005 -178.965088 176.457916 175.468231 -178.084717 163.147369 175.920410 -178.966782 0.000049 -3.590896 -1.583087 0.000054 -4.189382 -1.639616 178.735077 -176.901794 179.091721 9.242234 -10.208308 6.745847 37.410938 -43.118217 32.268642 19.841951 -14.527920 -3.870663 1.045196 -34.721100 -39.585644 66.263382 59.355431 29.428617 180.000000 180.000000 -140.304474 0.000000 -0.000000 16.544653 0.000000 -0.000000 0.000000 14.999999 -0.000006 38.024200 180.000000 180.000000 -148.889297 0.000003 -0.000004 21.777489 0.000000 -0.000000 0.000000 0.000002 0.000003 43.195374 0.000003 -0.000002 54.439648 180.000000 179.999985 -141.803497 0.000000 -0.000000 0.000000 170.000000 -179.999985 -140.101242 180.000000 179.999985 -125.676834 180.000000 180.000000 -142.750473 0.000000 -0.000000 0.000000 160.000015 180.000000 -168.510483 0.000001 0.000007 17.234278 180.000000 -179.999985 -168.521973 5.808897 -5.635066 -8.726908 155.055084 170.606461 109.798470 159.801849 -172.343185 178.584106 3.349427 -36.155094 12.120970 115.554291 122.376060 155.457581 0.000001 0.000002 -35.449257 0.000002 0.000002 -12.724629 0.000000 -0.000000 0.000000 165.000000 180.000000 141.450180 180.000000 -179.999985 148.459259 0.000002 -0.000003 -22.078526 0.000000 -0.000000 0.000000 0.000000 0.000000 -34.113873 180.000000 -180.000000 128.829193 180.000000 180.000000 145.920242 0.000000 -0.000000 0.000000 10.000000 0.000000 -32.664478 180.000000 -179.999985 131.003281 0.000000 -0.000000 -32.631821 0.000000 -0.000000 0.000000 20.000002 -0.000000 -36.155575 0.000002 0.000000 -54.233360 0.000002 0.000001 -36.119423
-181.641586 5.097650 283.578644 142.100601 -177.688477 -178.036224 161.855560 171.357315 -179.223816 26.382212 5.432743 -3.798001 13.663817 -10.644186 1.059280 145.803497 -161.266815 -174.074112 25.624189 33.835056 5.523578 60.244999 -4.724807 -13.309003 176.459702 175.413223 -178.979324 176.461487 175.446503 -178.107681 163.165390 175.918411 -178.998398 0.000061 -3.613851 -1.566142 0.000068 -4.216163 -1.622065 178.834091 -176.883621 179.096939 9.124057 -10.224233 6.754764 36.273518 -42.896133 32.887051 20.396471 -14.321077 -3.502315 1.257665 -34.852940 -39.718098 66.488525 59.435951 29.719666 0.000001 0.000002 39.732006 180.000000 -180.000000 -163.418427 0.000000 -0.000000 0.000000 15.000002 -0.000001 38.134674 0.000002 -0.000004 31.201090 180.000000 -179.999985 -158.159225 0.000000 -0.000000 0.000000 0.000001 -0.000000 43.717297 180.000000 -179.999985 -125.553886 0.000000 -0.000000 38.335285 0.000000 -0.000000 0.000000 170.000000 179.999985 -139.381271 0.000002 0.000003 54.360172 0.000010 -0.000003 37.466923 0.000000 -0.000000 0.000000 160.000015 180.000000 -168.500992 0.000001 -0.000007 17.248508 0.000001 0.000007 11.487508 5.770783 -5.666107 -8.732399 155.076416 170.608154 109.790970 159.804947 -172.332535 178.597366 3.353914 -35.957508 12.189630 116.344566 122.326149 156.265488 0.000004 -0.000001 -35.390926 180.000000 179.999985 167.304535 0.000000 -0.000000 0.000000 165.000000 -179.999985 141.494308 0.000000 0.000000 -31.504637 180.000000 -179.999985 157.946747 0.000000 -0.000000 0.000000 0.000001 -0.000001 -34.131256 0.000000 0.000000 -51.196873 0.000003 0.000001 -34.097122 0.000000 -0.000000 0.000000 10.000001 -0.000002 -32.707565 180.000000 -180.000000 130.938644 0.000000 -0.000001 -32.674862 0.000000 -0.000000 0.000000 20.000002 0.000000 -36.222431 180.000000 -180.000000 125.666359 0.000000 -0.000001 -36.186207
-181.618393 5.098212 283.573242 142.232651 -177.646484 -178.069885 161.955643 171.205734 -179.240295 26.125446 5.423944 -3.929485 15.251645 -11.503037 1.369866 145.873764 -161.112076 -173.713272 26.874214 32.479256 5.870592 60.097988 -3.724983 -11.971462 176.462906 175.393234 -178.991791 176.464676 175.427429 -178.127747 163.181427 175.916595 -179.026031 0.000063 -3.645473 -1.556720 0.000074 -4.253051 -1.612304 179.014725 -176.859406 179.093018 9.055026 -10.240628 6.726710 35.100636 -42.680164 33.520531 20.969841 -14.123466 -3.113619 1.471646 -34.974812 -39.881329 67.084473 59.521614 30.431320 0.000000 -0.000002 39.837326 180.000000 -179.999985 -163.321030 0.000000 -0.000000 0.000000 15.000002 -0.000001 38.134674 0.000002 -0.000004 31.201090 180.000000 -179.999985 -158.159225 0.000000 -0.000000 0.000000 0.000000 0.000003 44.197292 180.000000 180.000000 -125.550682 0.000006 -0.000002 38.460312 0.000000 -0.000000 0.000000 170.000000 179.999985 -139.120621 0.000000 -0.000000 54.371925 0.000000 -0.000000 37.544151 0.000000 -0.000000 0.000000 160.000000 -180.000000 -168.453873 180.000000 180.000000 -162.680817 0.000000 -0.000000 11.534578 5.788827 -5.703902 -8.775744 155.100632 170.584839 109.806442 159.810928 -172.262573 178.602066 3.342367 -35.670872 12.259921 117.886688 122.320557 157.869370 180.000000 -180.000000 144.709702 180.000000 180.000000 167.354858 0.000000 -0.000000 0.000000 165.000000 180.000000 141.534668 180.000000 180.000000 148.528366 180.000000 -180.000000 157.969864 0.000000 -0.000000 0.000000 0.000000 -0.000001 -34.140507 0.000000 0.000000 -51.210747 180.000000 -179.999985 145.893631 0.000000 -0.000000 0.000000 10.000000 0.000000 -32.721077 0.000001 -0.000002 -49.081623 0.000000 -0.000000 -32.688358 0.000000 -0.000000 0.000000 20.000002 -0.000000 -36.223991 0.000000 -0.000001 -54.335983 0.000000 0.000000 -36.187775
-181.595459 5.097593 283.568420 142.366257 -177.611710 -178.105865 162.013550 171.063583 -179.258408 25.891031 5.433783 -4.085734 16.935989 -12.263973 1.640388 145.875076 -160.996536 -173.381393 28.020229 31.216625 6.146382 59.995617 -2.841562 -10.726689 176.466309 175.375122 -179.004303 176.468048 175.410202 -178.147964 163.198563 175.916092 -179.053284 0.000077 -3.675930 -1.547338 0.000077 -4.288584 -1.602583 179.180923 -176.835876 179.089798 9.014518 -10.261715 6.663607 33.346603 -42.228870 34.541355 22.006937 -13.892324 -2.658666 1.723558 -35.110748 -40.115192 67.840118 59.579201 31.299366 180.000000 179.999985 -140.052750 180.000000 -180.000000 -163.223511 0.000000 -0.000000 0.000000 15.000002 -0.000001 38.134674 0.000002 -0.000004 31.201090 180.000000 -179.999985 -158.159225 0.000000 -0.000000 0.000000 0.000000 -0.000000 44.487350 180.000000 -179.999985 -125.550011 0.000001 0.000003 38.534676 0.000000 -0.000000 0.000000 170.000000 180.000000 -138.473145 0.000000 -0.000000 54.397446 179.999985 -180.000000 -142.267395 0.000000 -0.000000 0.000000 160.000000 180.000000 -168.345779 180.000000 -179.999985 -162.518677 180.000000 -179.999985 -168.357437 5.785358 -5.724345 -8.783273 155.208786 170.598434 109.800682 159.808716 -172.172913 178.598404 2.997989 -35.924732 12.596188 118.343849 122.094040 158.221848 0.000002 -0.000002 -35.256660 0.000002 0.000000 -12.628329 0.000000 -0.000000 0.000000 165.000015 -180.000000 141.527466 0.000000 0.000002 -31.477524 0.000000 -0.000002 -22.034277 0.000000 -0.000000 0.000000 0.000002 0.000001 -34.185684 180.000000 -180.000000 128.721451 180.000000 -179.999985 145.848495 0.000000 -0.000000 0.000000 9.999996 0.000001 -32.759151 0.000001 0.000001 -49.138721 0.000001 0.000001 -32.726391 0.000000 -0.000000 0.000000 19.999998 0.000002 -36.304737 0.000000 -0.000001 -54.457108 0.000000 0.000000 -36.268440
-181.570786 5.095088 283.563629 142.522095 -177.579987 -178.147964 162.021591 170.907394 -179.289139 25.681850 5.407859 -4.224894 18.911270 -12.984347 1.846864 145.832596 -160.909607 -173.040070 29.181967 29.904591 6.377779 59.921627 -1.973378 -9.435590 176.469238 175.357819 -179.018112 176.470947 175.393829 -178.170410 163.213776 175.917267 -179.083130 0.000080 -3.711055 -1.542073 0.000085 -4.329560 -1.597127 179.371399 -176.808929 179.082367 8.938846 -10.280527 6.647167 32.531330 -42.016003 35.102123 22.386520 -13.691367 -2.357638 2.047016 -35.288231 -40.441452 68.280273 59.596302 31.798519 0.000001 -0.000000 40.011284 0.000002 -0.000000 16.832382 0.000000 -0.000000 0.000000 15.000006 0.000004 38.682247 0.000001 -0.000008 31.649109 0.000000 -0.000000 22.154367 0.000000 -0.000000 0.000000 180.000000 180.000000 -134.894180 0.000003 -0.000002 54.448284 0.000001 0.000003 38.690182 0.000000 -0.000000 0.000000 170.000000 -179.999985 -137.826447 0.000003 -0.000002 54.417759 180.000000 180.000000 -142.083923 0.000000 -0.000000 0.000000 160.000000 -180.000000 -168.293716 180.000000 -179.999985 -162.440582 0.000003 -0.000000 11.694569 5.782137 -5.747503 -8.788510 155.379028 170.607880 109.795547 159.799103 -172.152115 178.597351 2.645757 -36.167080 12.921759 118.100609 121.856316 157.836563 0.000000 -0.000001 -35.286488 0.000002 -0.000002 -12.643240 0.000000 -0.000000 0.000000 165.000000 180.000000 141.469849 0.000000 -0.000002 -31.524673 180.000000 -179.999985 157.932739 0.000000 -0.000000 0.000000 0.000002 0.000001 -34.267612 180.000000 180.000000 128.598587 180.000000 180.000000 145.766647 0.000000 -0.000000 0.000000 10.000005 -0.000003 -32.840332 180.000000 -179.999985 130.739532 180.000000 180.000000 147.192520 0.000000 -0.000000 0.000000 20.000002 0.000002 -36.396790 0.000000 0.000000 -54.595177 0.000000 0.000000 -36.360394
-181.548691 5.090633 283.559753 142.645706 -177.559769 -178.181351 162.054474 170.733643 -179.347824 25.477688 5.344323 -4.365040 20.736172 -13.552199 1.984943 145.843719 -160.818314 -172.673096 30.458689 28.419106 6.596695 59.873089 -1.058930 -7.973026 176.474121 175.344391 -179.031830 176.475800 175.381302 -178.192947 163.238617 175.921280 -179.111176 0.000075 -3.757008 -1.553172 0.000069 -4.383172 -1.608621 179.670135 -176.774826 179.058456 8.857351 -10.296067 6.652781 31.643488 -41.690701 35.726028 22.916042 -13.495920 -2.072035 2.369003 -35.466484 -40.786274 69.234337 59.602192 32.877705 180.000000 -180.000000 -139.833588 180.000000 180.000000 -163.031998 0.000000 -0.000000 0.000000 15.000006 0.000004 38.682247 0.000001 -0.000008 31.649109 0.000000 -0.000000 22.154367 0.000000 -0.000000 0.000000 0.000002 0.000007 45.677692 0.000000 -0.000000 54.443024 180.000000 179.999985 -141.169601 0.000000 -0.000000 0.000000 170.000000 179.999985 -137.519196 180.000000 -179.999985 -125.574341 0.000000 -0.000000 38.001637 0.000000 -0.000000 0.000000 160.000015 179.999985 -168.230530 0.000000 -0.000000 17.654207 0.000003 -0.000000 11.757701 5.770643 -5.774906 -8.780768 155.579544 170.610291 109.784904 159.783524 -172.107605 178.588303 2.253386 -36.558769 13.270988 118.170685 121.568420 157.754807 180.000000 180.000000 144.716370 180.000000 179.999985 167.358185 0.000000 -0.000000 0.000000 165.000015 180.000000 141.389664 180.000000 180.000000 148.409729 0.000002 -0.000001 -22.113192 0.000000 -0.000000 0.000000 0.000002 0.000001 -34.345413 180.000000 -180.000000 128.481888 0.000000 0.000000 -34.311077 0.000000 -0.000000 0.000000 10.000001 -0.000001 -32.929119 180.000000 -180.000000 130.606308 180.000000 -180.000000 147.103806 0.000000 -0.000000 0.000000 20.000000 -0.000003 -36.496368 0.000001 0.000002 -54.744553 0.000000 0.000000 -36.459869
-181.525345 5.084466 283.556244 142.790863 -177.547592 -178.222229 162.014038 170.590988 -179.391602 25.321070 5.328132 -4.537871 22.606392 -14.083532 2.076777 145.826538 -160.756699 -172.350113 31.551079 27.097963 6.753168 59.855278 -0.283760 -6.668312 176.476273 175.336899 -179.043335 176.477936 175.374451 -178.211884 163.250626 175.926880 -179.134628 0.000069 -3.798542 -1.567450 0.000067 -4.431629 -1.623414 179.955093 -176.744293 179.033264 8.836690 -10.315894 6.579100 30.537663 -41.280155 36.525852 23.586412 -13.296170 -1.784063 1.711412 -34.594746 -40.901077 68.052422 58.708817 31.364882 0.000001 0.000002 40.509502 0.000000 -0.000000 17.258314 0.000000 -0.000000 0.000000 14.999999 0.000001 38.877422 0.000002 -0.000004 31.808809 0.000001 0.000007 22.266165 0.000000 -0.000000 0.000000 0.000001 0.000003 46.346989 0.000002 0.000003 54.432415 0.000001 0.000003 38.990147 0.000000 -0.000000 0.000000 170.000000 179.999985 -136.580063 180.000000 -179.999985 -125.557167 0.000000 -0.000000 38.256580 0.000000 -0.000000 0.000000 160.000015 180.000000 -168.108383 0.000001 0.000007 17.837414 180.000000 -179.999985 -168.120285 5.778996 -5.811055 -8.789697 155.794067 170.575684 109.789291 159.755783 -172.033554 178.566971 1.827691 -37.024857 13.635655 117.997200 121.286186 157.430893 180.000000 179.999985 144.713882 180.000000 179.999985 167.356949 0.000000 -0.000000 0.000000 165.000015 -180.000000 141.278244 0.000000 0.000000 -31.681429 0.000002 -0.000003 -22.177002 0.000000 -0.000000 0.000000 0.000003 -0.000001 -34.442646 180.000000 -179.999985 128.336029 0.000001 0.000001 -34.408211 0.000000 -0.000000 0.000000 9.999996 -0.000000 -33.004734 0.000001 0.000001 -49.507107 180.000000 -180.000000 147.028275 0.000000 -0.000000 0.000000 20.000002 -0.000000 -36.619354 0.000002 0.000000 -54.929024 0.000001 0.000001 -36.582741
-181.501511 5.076910 283.553131 142.943085 -177.535263 -178.270264 161.962753 170.415207 -179.458664 25.181368 5.259847 -4.683577 24.693949 -14.641726 2.129400 145.816727 -160.710266 -172.040771 32.584595 25.820164 6.885315 59.856998 0.444783 -5.398850 176.480621 175.329041 -179.056015 176.482269 175.367340 -178.232910 163.273270 175.933624 -179.159668 0.000057 -3.841417 -1.587417 0.000054 -4.481645 -1.644089 0.269386 -3.286297 -0.997750 8.771031 -10.327764 6.561752 29.444849 -40.785851 37.320576 24.343801 -13.123930 -1.553922 1.018990 -33.709042 -40.990688 66.464966 57.826637 29.375690 180.000000 180.000000 -139.251755 0.000000 -0.000000 17.458967 0.000000 -0.000000 0.000000 15.000008 0.000008 39.073521 0.000001 0.000003 31.969250 180.000000 179.999985 -157.621536 0.000000 -0.000000 0.000000 0.000000 -0.000004 47.342724 0.000005 -0.000006 54.407978 0.000001 0.000003 39.219250 0.000000 -0.000000 0.000000 170.000000 -179.999985 -136.147369 0.000003 -0.000002 54.447296 180.000000 179.999985 -141.629211 0.000000 -0.000000 0.000000 160.000015 -179.999985 -167.958908 0.000000 -0.000000 18.061655 0.000002 -0.000000 12.029057 5.751511 -5.846017 -8.771684 156.077698 170.546341 109.779564 159.717148 -172.064972 178.546036 1.382439 -37.661549 14.006017 116.923592 120.957771 156.162903 179.999985 180.000000 144.677200 0.000000 0.000000 -12.661402 0.000000 -0.000000 0.000000 165.000015 -180.000000 141.210663 0.000002 0.000001 -31.736734 180.000000 -180.000000 157.784286 0.000000 -0.000000 0.000000 0.000001 -0.000002 -34.515057 180.000000 180.000000 128.227402 0.000000 0.000000 -34.480545 0.000000 -0.000000 0.000000 10.000000 -0.000002 -33.097340 0.000001 0.000002 -49.645992 180.000000 -180.000000 146.935776 0.000000 -0.000000 0.000000 20.000000 0.000002 -36.747604 180.000000 180.000000 124.878616 180.000000 -180.000000 143.289154
-181.480072 5.068440 283.550873 143.069977 -177.524246 -178.316238 161.921646 170.256500 -179.516144 25.062717 5.217844 -4.847965 26.529280 -15.186615 2.184483 145.839981 -160.669220 -171.714432 33.735859 24.431431 7.018627 59.879379 1.187149 -4.019778 176.485779 175.322952 -179.066864 176.487381 175.361862 -178.250992 163.299362 175.940002 -179.180359 0.000042 -3.892971 -1.623769 0.000034 -4.541790 -1.681739 0.698189 -3.321632 -1.045969 8.738122 -10.335097 6.531819 28.749008 -40.445435 37.880859 24.809244 -13.018451 -1.460066 0.047400 -32.691124 -40.748104 64.355934 57.046127 26.813925 0.000002 -0.000001 40.803654 180.000000 -180.000000 -162.498260 0.000000 -0.000000 0.000000 14.999999 -0.000003 39.177170 0.000004 0.000002 32.054050 0.000000 -0.000000 22.437843 0.000000 -0.000000 0.000000 0.000004 0.000006 48.208809 0.000001 -0.000005 54.378502 180.000000 179.999985 -140.589676 0.000000 -0.000000 0.000000 170.000000 179.999985 -135.903702 0.000000 -0.000000 54.448856 180.000000 180.000000 -141.565781 0.000000 -0.000000 0.000000 160.000015 179.999985 -167.758545 0.000001 0.000003 18.362188 0.000007 -0.000001 12.229218 5.757592 -5.888420 -8.774060 156.308777 170.489258 109.783768 159.689453 -172.045654 178.521469 1.277783 -37.727329 14.090425 117.004730 121.024956 156.283722 0.000002 0.000005 -35.314701 0.000004 -0.000003 -12.657352 0.000000 -0.000000 0.000000 165.000015 179.999985 141.253113 0.000000 0.000000 -31.702023 0.000002 0.000000 -22.191408 0.000000 -0.000000 0.000000 180.000000 180.000000 145.477661 180.000000 -180.000000 128.216476 0.000002 -0.000000 -34.487816 0.000000 -0.000000 0.000000 10.000001 0.000000 -33.101055 0.000000 -0.000000 -49.651577 0.000002 -0.000001 -33.067944 0.000000 -0.000000 0.000000 20.000000 0.000002 -36.758972 0.000000 0.000000 -55.138458 0.000000 0.000000 -36.722210
-181.459656 5.059730 283.549042 143.186142 -177.507614 -178.368164 161.868393 170.127243 -179.544983 24.958517 5.248915 -5.062202 28.324059 -15.825721 2.241017 145.845337 -160.660126 -171.433350 34.732822 23.247501 7.115410 59.912403 1.790272 -2.841713 176.493805 175.315475 -179.077682 176.495392 175.355133 -178.269119 163.338943 175.945877 -179.200150 0.000045 -3.936538 -1.655210 0.000035 -4.592617 -1.714304 1.079475 -3.351071 -1.088422 8.732146 -10.337145 6.485223 27.975592 -40.053535 38.508415 25.382544 -12.979562 -1.500921 178.959183 -148.398239 139.626648 62.985321 55.971806 25.066500 0.000001 -0.000000 41.282162 180.000000 180.000000 -162.065948 0.000000 -0.000000 0.000000 15.000004 0.000003 39.257595 180.000000 180.000000 -147.880142 0.000001 0.000003 22.483896 0.000000 -0.000000 0.000000 0.000002 -0.000001 48.383068 179.999985 180.000000 -125.628326 180.000000 179.999985 -140.552139 0.000000 -0.000000 0.000000 170.000000 180.000000 -133.945389 0.000003 0.000006 54.437637 0.000004 0.000002 38.920933 0.000000 -0.000000 0.000000 160.000015 180.000000 -167.471619 0.000003 -0.000001 18.792572 180.000000 179.999985 -167.484146 5.791470 -5.938153 -8.795093 156.509399 170.413559 109.802261 159.677170 -171.982224 178.497925 1.173165 -37.832756 14.175364 116.694084 121.065636 155.991425 0.000002 0.000004 -35.315315 0.000000 0.000000 -12.657659 0.000000 -0.000000 0.000000 165.000015 -180.000000 141.313538 0.000000 0.000000 -31.652565 180.000000 180.000000 157.843216 0.000000 -0.000000 0.000000 180.000000 180.000000 145.493637 0.000002 -0.000001 -51.759560 0.000000 0.000000 -34.471867 0.000000 -0.000000 0.000000 9.999998 0.000001 -33.091217 0.000000 -0.000001 -49.636841 180.000000 180.000000 146.941864 0.000000 -0.000000 0.000000 20.000002 -0.000001 -36.736652 0.000000 0.000000 -55.104984 0.000002 0.000001 -36.699924
-181.435989 5.051229 283.546509 143.334061 -177.476837 -178.437851 161.764450 170.020996 -179.535736 24.877115 5.323643 -5.273159 30.319166 -16.567848 2.206297 145.793961 -160.701996 -171.151611 35.729301 22.137827 7.173527 59.952606 2.316488 -1.734797 176.501785 175.305573 -179.088287 176.503342 175.345963 -178.286758 163.377960 175.949768 -179.220078 0.000037 -3.974519 -1.681730 0.000039 -4.636928 -1.741769 1.445928 -3.375475 -1.127524 8.694689 -10.329897 6.458339 27.272814 -39.699585 39.090591 25.797403 -12.874160 -1.202533 178.067398 -149.432938 139.728973 61.074165 55.108322 22.714651 0.000001 0.000002 41.402546 180.000000 180.000000 -161.956848 0.000000 -0.000000 0.000000 15.000002 0.000002 39.297512 0.000000 -0.000000 32.152508 0.000001 0.000003 22.506752 0.000000 -0.000000 0.000000 180.000000 -179.999985 -131.530365 0.000006 -0.000003 54.368179 0.000000 -0.000000 39.466385 0.000000 -0.000000 0.000000 170.000000 -180.000000 -133.844223 180.000000 180.000000 -125.564064 0.000000 -0.000000 38.944984 0.000000 -0.000000 0.000000 160.000015 179.999985 -167.315491 0.000002 -0.000000 19.026756 180.000000 -179.999985 -167.328186 5.788249 -5.972896 -8.786894 156.758575 170.363586 109.811508 159.666077 -172.021027 178.474640 1.115963 -37.891209 14.225412 116.160507 121.005409 155.422256 180.000000 179.999985 144.688370 180.000000 180.000000 167.344177 0.000000 -0.000000 0.000000 165.000015 -179.999985 141.349747 180.000000 -180.000000 148.377060 0.000001 -0.000003 -22.136051 0.000000 -0.000000 0.000000 0.000001 -0.000002 -34.480179 180.000000 -180.000000 128.279724 0.000000 0.000000 -34.445705 0.000000 -0.000000 0.000000 9.999997 -0.000000 -33.061474 180.000000 -180.000000 130.407776 0.000002 0.000000 -33.028419 0.000000 -0.000000 0.000000 20.000000 0.000000 -36.693703 180.000000 -180.000000 124.959457 180.000000 180.000000 143.342987
-181.413528 5.043526 283.543732 143.451889 -177.435303 -178.500839 161.688858 169.905289 -179.535477 24.803190 5.417228 -5.502227 32.057426 -17.335638 2.134658 145.780106 -160.788925 -170.871643 36.858837 20.941772 7.199481 60.003815 2.809080 -0.556758 176.512299 175.292175 -179.099136 176.513840 175.333435 -178.304840 163.428757 175.951950 -179.240265 0.000029 -4.015515 -1.715707 0.000028 -4.684759 -1.776964 1.894834 -3.400337 -1.176347 8.607361 -10.310183 6.498713 26.675913 -39.318520 39.616493 26.236155 -12.792666 -0.954313 177.980759 -149.456314 139.816772 60.824535 55.079620 22.485815 0.000002 -0.000001 41.475883 0.000000 0.000002 18.122118 0.000000 -0.000000 0.000000 15.000002 0.000000 39.097137 180.000000 180.000000 -148.011444 180.000000 -179.999985 -157.608002 0.000000 -0.000000 0.000000 180.000000 180.000000 -131.975983 0.000000 -0.000000 54.385422 0.000001 0.000003 39.370190 0.000000 -0.000000 0.000000 170.000000 179.999985 -134.297714 0.000003 -0.000002 54.442722 180.000000 -179.999985 -141.163651 0.000000 -0.000000 0.000000 160.000015 179.999985 -167.269455 180.000000 -179.999985 -160.904160 180.000000 -179.999985 -167.282166 5.821169 -6.010868 -8.797364 156.936707 170.306168 109.830284 159.672852 -172.029022 178.459534 1.085608 -37.871300 14.256342 116.045258 121.094788 155.343262 180.000000 179.999985 144.671127 180.000000 -180.000000 167.335571 0.000000 -0.000000 0.000000 165.000015 180.000000 141.412369 180.000000 -179.999985 148.428299 180.000000 180.000000 157.899826 0.000000 -0.000000 0.000000 0.000001 -0.000002 -34.470074 0.000000 -0.000003 -51.705105 0.000001 -0.000002 -34.435589 0.000000 -0.000000 0.000000 10.000000 -0.000001 -33.044338 180.000000 180.000000 130.433487 0.000000 0.000000 -33.011303 0.000000 -0.000000 0.000000 20.000002 -0.000001 -36.682793 180.000000 -180.000000 124.975838 180.000000 -180.000000 143.353897
-181.387192 5.037058 283.539185 143.594589 -177.373367 -178.571777 161.721344 169.649750 -179.620514 24.613405 5.395962 -5.731205 33.725861 -18.222868 1.992388 145.715042 -160.931885 -170.636475 37.867901 19.930283 7.181999 60.051201 3.181211 0.428564 176.521286 175.276215 -179.109833 176.522781 175.318344 -178.322464 163.472092 175.951950 -179.261307 0.000017 -4.040586 -1.737477 0.000019 -4.714013 -1.799520 2.254645 -3.413676 -1.211870 8.485699 -10.277416 6.565102 26.043810 -38.876884 40.208115 26.720978 -12.674154 -0.619024 177.932434 -149.471054 139.852402 60.603058 54.966469 22.253761 0.000001 0.000002 41.582653 0.000000 -0.000000 18.228313 0.000000 -0.000000 0.000000 15.000008 0.000007 40.612206 180.000000 -179.999985 -146.771851 180.000000 180.000000 -156.570419 0.000000 -0.000000 0.000000 0.000000 -0.000000 47.506901 180.000000 -180.000000 -125.597031 0.000002 -0.000004 39.256050 0.000000 -0.000000 0.000000 170.000000 -180.000000 -134.823990 180.000000 179.999985 -125.552170 0.000001 0.000003 38.707588 0.000000 -0.000000 0.000000 160.000000 180.000000 -167.263504 180.000000 180.000000 -160.895264 0.000003 -0.000004 12.723758 5.817022 -6.028411 -8.785385 157.136063 170.279465 109.842720 159.696701 -171.998352 178.442520 1.064196 -37.758713 14.286937 116.029152 121.211868 155.362305 0.000004 -0.000001 -35.380066 180.000000 180.000000 167.309967 0.000000 -0.000000 0.000003 165.000015 -180.000000 141.432175 0.000000 -0.000002 -31.555490 0.000000 -0.000002 -22.088844 0.000000 -0.000000 0.000003 0.000002 0.000001 -34.468147 0.000000 0.000001 -51.702217 0.000002 0.000001 -34.433697 0.000000 -0.000000 0.000003 9.999999 0.000000 -33.043179 180.000000 180.000000 130.435226 0.000000 0.000000 -33.010139 0.000000 -0.000000 0.000003 19.999996 -0.000001 -36.679359 0.000001 0.000001 -55.019070 0.000000 -0.000001 -36.642700
-181.354660 5.031962 283.532288 143.779953 -177.286407 -178.655746 161.752777 169.316849 -179.747910 24.395449 5.301972 -5.915728 35.503712 -19.175356 1.750548 145.603607 -161.158188 -170.433014 38.798515 18.994476 7.097553 59.924896 3.482064 1.302103 176.528961 175.255997 -179.121780 176.530426 175.299103 -178.341904 163.509216 175.949890 -179.286179 179.999985 -175.950180 178.251892 179.999985 -175.275208 178.189453 2.568181 -3.414377 -1.237467 8.463090 -10.264561 6.549126 25.264374 -38.505577 40.861786 27.101679 -12.531243 -0.141606 178.056259 -149.384323 139.683456 60.378597 54.955105 21.988899 0.000000 -0.000000 41.511803 180.000000 -180.000000 -161.837875 0.000000 -0.000000 0.000000 15.000004 0.000003 40.394722 180.000000 -179.999985 -146.949768 0.000000 -0.000000 23.267817 0.000000 -0.000000 0.000000 180.000000 179.999985 -132.941299 0.000006 0.000005 54.415977 0.000001 0.000003 39.154926 0.000000 -0.000000 0.000000 170.000000 -180.000000 -135.272461 180.000000 -180.000000 -125.550163 180.000000 -179.999985 -141.404449 0.000000 -0.000000 0.000000 160.000015 -179.999985 -167.266281 0.000003 -0.000004 19.100584 180.000000 180.000000 -167.279007 5.831206 -6.056725 -8.776353 157.343475 170.240143 109.848381 159.715866 -172.084579 178.424850 1.047498 -37.722721 14.327302 115.696358 121.226952 155.008270 0.000005 0.000006 -35.427490 180.000000 -179.999985 167.286270 0.000000 -0.000000 0.000000 165.000000 180.000000 141.434128 180.000000 180.000000 148.446121 180.000000 180.000000 157.912277 0.000000 -0.000000 0.000000 180.000000 180.000000 145.527542 0.000000 0.000002 -51.708675 180.000000 180.000000 145.562027 0.000000 -0.000000 0.000000 10.000001 -0.000001 -33.053001 180.000000 -180.000000 130.420502 180.000000 -180.000000 146.980072 0.000000 -0.000000 0.000000 20.000002 0.000001 -36.701752 180.000000 -180.000000 124.947372 180.000000 180.000000 143.334946
-181.320389 5.028458 283.524078 143.962448 -177.191757 -178.733398 161.833878 168.926407 -179.935486 24.137146 5.160970 -6.089399 36.973904 -20.102501 1.513767 145.542725 -161.459625 -170.276978 39.720039 17.992712 6.948141 59.616993 3.749744 2.172771 176.534393 175.236084 -179.132309 176.535858 175.280045 -178.358917 163.535553 175.946442 -179.309128 179.999985 -175.944153 178.233643 179.999985 -175.268188 178.170547 2.957666 -3.410175 -1.272011 8.476780 -10.260535 6.514956 24.464985 -38.135948 41.545860 27.458433 -12.359212 0.380593 178.161407 -149.274658 139.564621 60.180477 54.816769 21.741777 180.000000 -180.000000 -138.430237 0.000002 0.000001 18.216627 0.000000 -0.000000 0.000000 14.999999 -0.000002 40.129749 180.000000 -179.999985 -147.166565 180.000000 -179.999985 -156.928757 0.000000 -0.000000 0.000000 0.000001 0.000003 46.514698 0.000005 0.000001 54.429028 0.000000 -0.000000 39.029453 0.000000 -0.000000 0.000000 170.000000 179.999985 -135.815033 180.000000 -179.999985 -125.550751 0.000000 -0.000000 38.457138 0.000000 -0.000000 0.000000 160.000015 180.000000 -167.326019 180.000000 180.000000 -160.989014 0.000000 0.000003 12.661309 5.879473 -6.092225 -8.780031 157.493866 170.184341 109.847740 159.737595 -172.126907 178.407074 1.024359 -37.634251 14.370511 115.675179 121.403839 155.042389 0.000003 0.000002 -35.500687 0.000005 0.000001 -12.750350 0.000000 0.000001 0.000000 165.000015 -180.000000 141.445618 0.000000 -0.000002 -31.544495 180.000000 179.999985 157.918854 0.000000 0.000001 0.000000 0.000002 -0.000002 -34.479630 0.000002 0.000002 -51.719440 180.000000 -180.000000 145.554855 0.000000 0.000001 0.000000 9.999998 0.000001 -33.060448 180.000000 -180.000000 130.409302 180.000000 -180.000000 146.972595 0.000000 0.000001 0.000000 19.999994 -0.000002 -36.713604 180.000000 180.000000 124.929573 0.000002 0.000001 -36.676914
-181.282547 5.026593 283.513916 144.169922 -177.077774 -178.811295 161.915115 168.490402 179.844086 23.848211 5.030340 -6.304553 38.207253 -21.067183 1.329236 145.482208 -161.804977 -170.208130 40.424408 17.147219 6.775231 59.212337 3.955368 2.841452 176.537537 175.214462 -179.142639 176.538971 175.259262 -178.375397 163.550980 175.941254 -179.332932 179.999954 -175.953262 178.222031 179.999954 -175.278809 178.158508 3.260973 -3.395137 -1.296486 8.550219 -10.258967 6.439729 23.633110 -37.819237 42.206364 27.814291 -12.294172 0.663184 178.099350 -149.255127 139.687256 59.924248 54.725189 21.470716 0.000001 0.000002 41.640465 0.000000 0.000002 18.289240 0.000000 -0.000000 0.000000 15.000000 0.000001 40.735336 180.000000 -179.999985 -146.671082 180.000000 180.000000 -156.478653 0.000000 -0.000000 0.000000 180.000000 180.000000 -134.004974 0.000000 -0.000000 54.438583 0.000004 0.000002 38.906723 0.000000 -0.000000 0.000000 170.000000 180.000000 -136.333160 180.000000 180.000000 -125.554382 0.000000 -0.000000 38.321999 0.000000 -0.000000 0.000000 160.000015 179.999985 -167.379074 0.000003 0.000006 18.931400 0.000000 -0.000000 12.608315 5.962387 -6.136023 -8.795815 157.618546 170.111664 109.833687 159.763885 -172.135071 178.386978 0.983127 -37.496262 14.420433 115.691162 121.574509 155.132385 180.000000 180.000000 144.468033 0.000002 0.000000 -12.765976 180.000000 180.000000 179.999985 165.000000 179.999985 141.432785 180.000000 -179.999985 148.445007 0.000001 0.000004 -22.088490 180.000000 180.000000 179.999985 180.000000 -180.000000 145.504135 0.000001 -0.000002 -51.743767 180.000000 -179.999985 145.538635 180.000000 180.000000 179.999985 10.000000 0.000001 -33.068607 0.000000 -0.000000 -49.602901 0.000000 -0.000001 -33.035534 180.000000 180.000000 179.999985 20.000006 -0.000001 -36.727440 180.000000 -180.000000 124.908859 180.000000 180.000000 143.309311
-181.245453 5.026050 283.503845 144.356750 -176.977066 -178.880005 162.015991 168.068008 179.621567 23.556183 4.887090 -6.499096 39.343716 -21.904421 1.077281 145.506317 -162.215012 -170.234604 40.937141 16.353951 6.558622 58.651619 4.122982 3.355053 176.549042 175.202576 -179.158157 176.550446 175.248413 -178.401382 163.607620 175.948364 -179.361816 179.999939 -175.974091 178.211746 179.999939 -175.303101 178.147873 3.519692 -3.370746 -1.316837 8.618484 -10.250127 6.358676 22.754721 -37.488354 42.945908 28.172318 -12.232697 0.935623 178.096725 -149.215240 139.761673 59.695969 54.812801 21.227325 0.000001 0.000002 41.502728 0.000001 -0.000002 18.162514 0.000000 -0.000000 0.000000 14.999999 -0.000007 40.775963 180.000000 180.000000 -146.637848 180.000000 -179.999985 -156.448349 0.000000 -0.000000 0.000000 0.000001 0.000003 49.864635 180.000000 -179.999985 -125.698296 0.000000 -0.000000 39.754814 0.000000 -0.000000 0.000000 170.000000 179.999985 -132.453293 0.000000 -0.000000 54.401703 0.000003 -0.000001 39.264942 0.000000 -0.000000 0.000000 160.000000 180.000000 -167.423660 0.000005 -0.000001 18.864506 180.000000 -179.999985 -167.436234 5.980669 -6.154318 -8.772454 157.829605 170.075760 109.787178 159.776489 -172.252197 178.360931 0.929184 -37.442204 14.477939 115.397026 121.571671 154.828064 180.000000 179.999985 144.462387 180.000000 -179.999985 167.231201 0.000000 -0.000000 0.000000 165.000015 -180.000000 141.413773 180.000000 -180.000000 148.429459 0.000002 0.000000 -22.099371 0.000000 -0.000000 0.000000 180.000000 180.000000 145.457932 0.000001 -0.000000 -51.813107 0.000002 -0.000000 -34.507534 0.000000 -0.000000 0.000000 10.000001 -0.000000 -33.105091 0.000001 -0.000000 -49.657639 0.000000 0.000000 -33.071983 0.000000 -0.000000 0.000000 20.000002 -0.000000 -36.787273 0.000001 0.000002 -55.180920 0.000000 -0.000001 -36.750492
-181.204803 5.026975 283.491638 144.575531 -176.844650 -178.955307 162.039978 167.680389 179.400681 23.292555 4.830506 -6.709385 40.115833 -22.584215 0.866154 145.604950 -162.765060 -170.383636 41.330353 15.512277 6.291405 57.999741 4.246113 3.783425 176.552750 175.181000 -179.168365 176.554153 175.227676 -178.417679 163.625763 175.943100 -179.385117 179.999939 -175.990158 178.189835 179.999924 -175.321869 178.125183 3.870434 -3.347418 -1.349864 8.711000 -10.242130 6.257225 21.995298 -37.263000 43.550308 28.395985 -12.213424 1.196691 178.013199 -149.152100 139.963287 59.437851 54.745003 20.933714 180.000000 179.999985 -138.497940 0.000000 -0.000000 18.164606 0.000000 -0.000000 0.000000 15.000002 0.000005 40.814327 180.000000 -179.999985 -146.606461 0.000004 0.000003 23.580276 0.000000 -0.000000 0.000000 180.000000 -179.999985 -130.090057 180.000000 180.000000 -125.700768 0.000000 -0.000000 39.763866 0.000000 -0.000000 0.000000 170.000000 179.999985 -132.770798 180.000000 180.000000 -125.588737 180.000000 -179.999985 -140.806351 0.000000 -0.000000 0.000000 160.000015 179.999985 -167.459122 0.000002 -0.000000 18.811312 0.000003 -0.000000 12.528336 6.096368 -6.211266 -8.793833 157.931137 169.975006 109.739784 159.781830 -172.322815 178.327652 0.861432 -37.353058 14.543839 115.469185 121.686638 154.956467 179.999985 179.999985 144.451340 180.000000 180.000000 167.225662 0.000000 -0.000000 0.000000 165.000015 -179.999985 141.378571 0.000001 -0.000002 -31.599358 0.000001 -0.000003 -22.119553 0.000000 -0.000000 0.000000 0.000002 -0.000001 -34.564854 180.000000 -179.999985 128.152740 180.000000 -180.000000 145.469727 0.000000 -0.000000 0.000000 9.999999 0.000002 -33.158302 180.000000 180.000000 130.262543 0.000000 0.000000 -33.125145 0.000000 -0.000000 0.000000 20.000000 0.000000 -36.825600 180.000000 180.000000 124.761604 0.000000 -0.000000 -36.788780
-181.162598 5.029588 283.478119 144.805099 -176.704788 -179.025360 162.043060 167.306503 179.183472 23.029547 4.845567 -6.998192 40.531605 -23.036501 0.597401 145.733627 -163.334961 -170.614380 41.518311 14.822130 6.028352 57.483719 4.300108 4.033927 176.557816 175.161987 -179.179001 176.559204 175.209518 -178.434860 163.650650 175.940155 -179.408173 179.999924 -176.012970 178.169571 179.999924 -175.348465 178.104156 4.139662 -3.320376 -1.376368 8.745051 -10.233601 6.206924 21.238127 -36.897602 44.276356 28.769945 -12.211546 1.288523 178.001389 -149.099976 140.074005 59.366329 55.022221 20.857178 180.000000 179.999985 -138.830841 0.000002 -0.000000 17.850639 0.000000 -0.000000 0.000000 15.000004 0.000003 40.742096 180.000000 -179.999985 -146.665558 0.000001 0.000003 23.526379 0.000000 -0.000000 0.000000 180.000000 179.999985 -130.626984 0.000000 -0.000000 54.327248 0.000003 -0.000001 39.655350 0.000000 -0.000000 0.000000 170.000000 -179.999985 -132.645569 0.000008 -0.000000 54.407616 0.000000 -0.000000 39.221878 0.000000 -0.000000 0.000000 160.000015 179.999985 -167.477768 0.000002 -0.000000 18.783363 180.000000 180.000000 -167.490280 6.166632 -6.252781 -8.786313 158.061707 169.886337 109.658295 159.777023 -172.351166 178.283951 0.764624 -37.221111 14.621430 115.552895 121.782082 155.089951 179.999985 180.000000 144.447128 0.000003 0.000002 -12.776434 0.000000 -0.000000 0.000000 165.000015 180.000000 141.338303 0.000002 0.000000 -31.632299 180.000000 -180.000000 157.857391 0.000000 -0.000000 0.000000 0.000000 0.000002 -34.612221 180.000000 180.000000 128.081665 180.000000 180.000000 145.422394 0.000000 -0.000000 0.000000 10.000001 -0.000001 -33.175720 0.000001 -0.000000 -49.763569 180.000000 -180.000000 146.857452 0.000000 -0.000000 0.000000 20.000002 -0.000000 -36.897903 180.000000 -180.000000 124.653137 0.000000 0.000000 -36.861008
-181.122223 5.033645 283.464996 145.008041 -176.580505 -179.085739 162.090027 166.932861 178.942307 22.754330 4.810360 -7.242940 40.802032 -23.235037 0.239685 145.941971 -163.953369 -170.931473 41.499241 14.241587 5.746720 57.139400 4.276331 4.110382 176.575134 175.155319 -179.195465 176.576462 175.203918 -178.462982 163.735214 175.952255 -179.435638 179.999908 -176.042969 178.154068 179.999908 -175.383484 178.088120 4.370306 -3.288126 -1.397060 8.688622 -10.199040 6.196107 20.589876 -36.578728 44.908421 29.062208 -12.253400 1.445570 178.077209 -149.029022 140.076218 58.988285 54.739296 20.415678 0.000002 0.000005 41.354240 0.000000 -0.000000 18.028170 0.000000 -0.000000 0.000000 15.000000 0.000004 40.824524 180.000000 179.999985 -146.598114 0.000000 -0.000000 23.587891 0.000000 -0.000000 0.000000 0.000001 0.000003 48.902111 0.000000 -0.000000 54.349579 180.000000 -179.999985 -140.442139 0.000000 -0.000000 0.000000 170.000000 -179.999985 -133.121292 180.000000 180.000000 -125.579369 0.000000 -0.000000 39.113750 0.000000 -0.000000 0.000000 160.000015 179.999985 -166.894745 180.000000 180.000000 -160.342117 0.000003 -0.000000 13.092152 6.148925 -6.261087 -8.741890 158.277863 169.833054 109.546150 159.760849 -172.492935 178.238739 0.642615 -37.184303 14.713144 115.291145 121.722290 154.794907 180.000000 -180.000000 144.454605 0.000002 -0.000002 -12.772701 0.000000 -0.000000 0.000000 165.000015 -180.000000 141.339661 180.000000 -180.000000 148.368805 180.000000 -179.999985 157.858170 0.000000 -0.000000 0.000000 180.000000 180.000000 145.351135 0.000001 0.000002 -51.973274 180.000000 180.000000 145.385788 0.000000 -0.000000 0.000000 10.000000 -0.000000 -33.218224 0.000001 -0.000001 -49.827354 0.000000 -0.000000 -33.185005 0.000000 -0.000000 0.000000 19.999998 0.000002 -36.963634 0.000003 0.000002 -55.445465 180.000000 180.000000 143.073318
-181.076920 5.039836 283.449066 145.268097 -176.436584 -179.144714 162.120270 166.502319 178.636856 22.449953 4.727831 -7.477684 40.857914 -23.265312 -0.107940 146.165161 -164.674576 -171.343826 41.276318 13.628481 5.414923 56.942131 4.210660 4.130609 176.582245 175.142227 -179.208145 176.583557 175.191681 -178.483917 163.770660 175.955383 -179.460632 179.999939 -176.063629 178.138504 179.999954 -175.407578 178.071991 4.714161 -3.261099 -1.424778 8.655642 -10.179750 6.169108 19.849585 -36.194000 45.648533 29.485903 -12.252823 1.481587 178.085938 -148.927307 140.185120 58.907185 54.727268 20.310526 0.000002 -0.000004 41.316509 0.000000 0.000002 17.991695 0.000001 -0.000000 0.000001 15.000004 0.000000 40.836746 180.000000 179.999985 -146.588120 0.000000 -0.000000 23.597002 0.000001 -0.000000 0.000001 180.000000 -179.999985 -130.091751 0.000001 -0.000005 54.299328 180.000000 179.999985 -140.236481 0.000001 -0.000000 0.000001 170.000000 180.000000 -132.534790 0.000001 -0.000005 54.404266 180.000000 180.000000 -140.753265 0.000001 -0.000000 0.000001 160.000000 -180.000000 -166.659637 0.000002 -0.000000 20.010553 180.000000 180.000000 -166.672974 6.163129 -6.285033 -8.710840 158.426224 169.755478 109.429733 159.744339 -172.573349 178.183731 0.505395 -37.109570 14.822016 115.487038 121.729065 155.001434 180.000000 180.000000 144.460297 0.000000 -0.000003 -12.769854 0.000000 -0.000000 0.000000 165.000000 180.000000 141.325974 180.000000 179.999985 148.357620 0.000000 0.000004 -22.149666 0.000000 -0.000000 0.000000 0.000001 0.000000 -34.654949 180.000000 179.999985 128.017578 0.000002 0.000001 -34.620300 0.000000 -0.000000 0.000000 10.000000 -0.000000 -33.245720 180.000000 -180.000000 130.131424 0.000000 0.000000 -33.212467 0.000000 -0.000000 0.000000 20.000002 0.000001 -36.972137 0.000002 0.000000 -55.458229 180.000000 -180.000000 143.064835
-181.030533 5.048947 283.432312 145.528366 -176.292923 -179.204361 162.187378 166.036728 178.291885 22.114265 4.641219 -7.767440 40.813721 -23.126963 -0.443662 146.359558 -165.348389 -171.741745 40.898701 13.135781 5.092344 56.919720 4.131855 4.094801 176.595901 175.130234 -179.221085 176.597198 175.180634 -178.505814 163.836960 175.960037 -179.483841 179.999969 -176.088226 178.134521 179.999985 -175.436264 178.067856 4.972638 -3.233657 -1.439775 8.631431 -10.169029 6.120437 19.057562 -35.867130 46.340591 29.870398 -12.237135 1.578485 178.141327 -148.840012 140.215240 59.109215 54.698578 20.501097 180.000000 179.999985 -138.664581 0.000000 0.000002 18.002752 0.000000 -0.000000 0.000000 15.000004 -0.000003 40.767864 180.000000 -179.999985 -146.644470 0.000001 0.000007 23.545601 0.000000 -0.000000 0.000000 0.000000 -0.000000 49.743332 0.000000 -0.000000 54.308231 180.000000 -179.999985 -140.269501 0.000000 -0.000000 0.000000 170.000000 179.999985 -132.329681 0.000000 -0.000000 54.397724 0.000004 0.000002 39.292416 0.000000 -0.000000 0.000000 160.000000 179.999985 -166.495499 180.000000 -179.999985 -159.743240 0.000003 -0.000000 13.491005 6.201174 -6.325438 -8.696877 158.518875 169.656464 109.304695 159.741150 -172.600281 178.121994 0.344528 -36.998550 14.954238 115.943199 121.634506 155.435196 0.000000 0.000000 -35.502319 0.000005 -0.000001 -12.751168 0.000000 -0.000000 0.000000 165.000015 180.000000 141.298660 0.000000 0.000000 -31.664726 180.000000 -180.000000 157.834702 0.000000 -0.000000 0.000000 180.000000 -180.000000 145.312073 180.000000 -179.999985 127.968102 180.000000 -180.000000 145.346756 0.000000 -0.000000 0.000000 10.000002 0.000001 -33.249958 0.000000 -0.000001 -49.874931 0.000002 0.000001 -33.216709 0.000000 -0.000000 0.000000 20.000004 -0.000001 -37.019470 180.000000 180.000000 124.470787 0.000001 0.000001 -36.982456
-180.973328 5.062021 283.409241 145.918304 -176.134308 -179.244934 162.080872 165.616058 177.949219 21.819881 4.580722 -8.040779 40.717747 -22.652441 -0.812186 146.472702 -166.004181 -172.180771 40.363949 12.669798 4.724270 57.009083 4.048106 4.075853 176.603943 175.120255 -179.238937 176.605194 175.171707 -178.535507 163.878265 175.969879 -179.517975 180.000000 -176.118607 178.148834 0.000006 -4.528310 -1.917306 5.188186 -3.203666 -1.440564 8.558425 -10.155779 6.066334 18.157034 -35.497768 47.104378 30.320091 -12.187888 1.704646 178.243256 -148.780746 140.185913 59.234707 54.832626 20.642139 180.000000 179.999985 -138.783890 0.000000 0.000002 17.888382 0.000000 -0.000000 0.000000 15.000002 -0.000001 40.880238 180.000000 -179.999985 -146.552536 0.000003 -0.000004 23.629484 0.000000 -0.000000 0.000000 180.000000 180.000000 -130.031204 0.000000 -0.000000 54.296005 180.000000 -179.999985 -140.224426 0.000000 -0.000000 0.000000 170.000000 -179.999985 -132.039627 180.000000 179.999985 -125.612259 0.000003 -0.000001 39.356289 0.000000 -0.000000 0.000000 160.000000 -179.999985 -166.467133 0.000003 -0.000001 20.299311 180.000000 -179.999985 -166.480652 6.123504 -6.330517 -8.656120 158.694809 169.618210 109.162064 159.750992 -172.746475 178.074692 0.170344 -37.019882 15.088985 115.822990 121.460159 155.238495 180.000000 -179.999985 144.531769 0.000004 -0.000003 -12.734115 0.000000 -0.000000 0.000000 165.000000 -179.999985 141.308929 0.000001 0.000000 -31.656301 180.000000 180.000000 157.840591 0.000000 -0.000000 0.000000 0.000002 -0.000001 -34.719505 0.000002 0.000001 -52.079231 0.000000 -0.000001 -34.684765 0.000000 -0.000000 0.000000 10.000001 -0.000000 -33.282368 180.000000 180.000000 130.076462 0.000000 -0.000000 -33.249088 0.000000 -0.000000 0.000000 20.000000 -0.000000 -37.085068 0.000002 0.000001 -55.627613 0.000001 0.000001 -37.047993
-180.913391 5.079679 283.384033 146.309158 -175.994141 -179.270920 162.040726 165.174103 177.545792 21.448475 4.459990 -8.301263 40.607330 -22.234209 -1.015324 146.682281 -166.668839 -172.684814 39.737186 12.176891 4.314425 57.103642 3.906006 4.066818 176.610779 175.112335 -179.256210 176.612000 175.164734 -178.564285 163.913910 175.980408 -179.551071 0.000030 -3.860620 -1.824411 0.000053 -4.504098 -1.889597 5.542567 -3.179639 -1.442111 8.471972 -10.129579 6.033579 17.315748 -35.208199 47.697357 30.710115 -12.110734 1.912553 178.265762 -148.711029 140.292999 59.392361 54.816738 20.797293 0.000000 -0.000000 41.235241 0.000001 0.000003 17.901884 0.000000 -0.000000 0.000000 14.999999 -0.000006 40.981628 0.000000 -0.000000 33.530422 180.000000 -179.999985 -156.294724 0.000000 -0.000000 0.000000 0.000002 -0.000001 50.186390 0.000000 -0.000000 54.283772 0.000008 0.000001 39.818634 0.000000 -0.000000 0.000000 170.000000 -180.000000 -132.201767 180.000000 -179.999985 -125.606590 0.000004 0.000002 39.320679 0.000000 -0.000000 0.000000 160.000000 -179.999985 -166.338013 0.000001 -0.000004 20.492990 180.000000 180.000000 -166.351669 6.103096 -6.342376 -8.642889 158.770645 169.577896 109.037094 159.785065 -172.800583 178.036987 0.021587 -36.912079 15.205523 116.540428 121.415710 155.961502 180.000000 180.000000 144.568787 180.000000 179.999985 167.284393 0.000000 -0.000000 0.000000 165.000015 -180.000000 141.331955 180.000000 179.999985 148.362503 180.000000 -180.000000 157.853745 0.000000 -0.000000 0.000000 0.000000 0.000002 -34.725559 180.000000 180.000000 127.911659 180.000000 -180.000000 145.309143 0.000000 -0.000000 0.000000 10.000001 0.000000 -33.312542 180.000000 180.000000 130.031204 0.000000 -0.000001 -33.279232 0.000000 -0.000000 0.000000 20.000000 -0.000000 -37.109303 180.000000 -180.000000 124.336037 0.000000 -0.000000 -37.072197
-180.839157 5.102005 283.351196 146.853989 -175.828461 -179.292435 161.832336 164.744400 177.146011 21.072552 4.421886 -8.677901 40.444088 -21.803555 -1.119683 146.700897 -167.245300 -173.172592 39.131752 11.770313 3.950773 57.217793 3.804265 4.093493 176.604523 175.094803 -179.271484 176.605713 175.148071 -178.588684 163.886917 175.981033 -179.587509 0.000036 -3.838274 -1.787892 0.000066 -4.478046 -1.851786 5.786366 -3.157650 -1.430920 8.416615 -10.120425 5.981289 16.307615 -34.856541 48.341625 31.189081 -11.995370 2.117226 178.304214 -148.675171 140.365265 59.338127 54.740047 20.721521 0.000002 -0.000001 41.279049 0.000000 -0.000000 17.942150 0.000000 -0.000000 0.000000 14.999995 -0.000010 40.925781 180.000000 179.999985 -146.515259 180.000000 -179.999985 -156.336472 0.000000 -0.000000 0.000000 0.000002 -0.000005 50.058868 180.000000 180.000000 -125.709000 180.000000 -179.999985 -140.206543 0.000000 -0.000000 0.000000 170.000000 180.000000 -131.768021 180.000000 180.000000 -125.622398 180.000000 -179.999985 -140.584671 0.000000 -0.000000 0.000000 160.000015 -179.999985 -166.164337 0.000002 -0.000000 20.753500 180.000000 -179.999985 -166.178162 6.119350 -6.371599 -8.651565 158.768234 169.542847 108.916817 159.845795 -172.782547 178.005737 179.865814 -143.147217 -164.656265 117.218819 121.314621 156.615448 180.000000 179.999985 144.614243 0.000000 0.000000 -12.692874 0.000000 -0.000000 0.000000 165.000000 -180.000000 141.398560 0.000000 -0.000002 -31.582975 180.000000 180.000000 157.891907 0.000000 -0.000000 0.000000 180.000000 -180.000000 145.273651 180.000000 180.000000 127.910507 180.000000 180.000000 145.308380 0.000000 -0.000000 0.000000 10.000001 0.000000 -33.311348 180.000000 180.000000 130.032959 180.000000 180.000000 146.721954 0.000000 -0.000000 0.000000 20.000004 0.000001 -37.136730 180.000000 180.000000 124.294907 0.000000 0.000000 -37.099586
-180.756836 5.127773 283.313232 147.473343 -175.702744 -179.283096 161.599152 164.355972 176.711639 20.644133 4.332127 -8.981715 40.220276 -21.241968 -1.133458 146.638626 -167.690659 -173.695053 38.555977 11.533956 3.633294 57.324123 3.657613 4.062448 176.604599 175.093369 -179.293579 176.605759 175.147583 -178.625412 163.892487 175.999573 -179.631516 0.000043 -3.811198 -1.738743 0.000085 -4.446475 -1.800881 5.959270 -3.134652 -1.407713 8.228203 -10.092374 5.967634 15.355546 -34.517853 48.898052 31.611908 -11.900659 2.410110 178.375717 -148.656647 140.412552 59.070503 54.874752 20.474934 0.000001 0.000002 41.154873 180.000000 180.000000 -162.165359 0.000000 -0.000000 0.000000 14.999999 0.000002 41.085941 0.000005 0.000006 33.615765 180.000000 -179.999985 -156.216690 0.000000 -0.000000 0.000000 180.000000 -179.999985 -130.505234 0.000000 -0.000000 54.321152 0.000003 -0.000001 39.680191 0.000000 -0.000000 0.000000 170.000000 179.999985 -132.356140 0.000000 -0.000000 54.398579 180.000000 -179.999985 -140.713470 0.000000 -0.000000 0.000000 160.000000 -179.999985 -166.116577 0.000004 0.000003 20.825140 0.000004 0.000003 13.869545 5.994645 -6.370258 -8.632710 158.868790 169.586792 108.792107 159.921677 -172.895798 177.990952 179.706680 -143.046463 -164.503952 116.971222 121.102440 156.287125 179.999985 -180.000000 144.678665 0.000003 0.000002 -12.660664 0.000002 0.000001 0.000003 165.000015 179.999985 141.440491 180.000000 179.999985 148.451294 180.000000 -179.999985 157.915909 0.000002 0.000001 0.000003 0.000001 0.000001 -34.708931 0.000001 -0.000001 -52.063408 180.000000 180.000000 145.325775 0.000002 0.000001 0.000003 10.000001 -0.000001 -33.291981 180.000000 -180.000000 130.062027 180.000000 180.000000 146.741318 0.000002 0.000001 0.000003 19.999992 -0.000001 -37.123993 0.000002 0.000001 -55.685989 180.000000 -180.000000 142.913132
-180.663773 5.155036 283.269043 148.187027 -175.570129 -179.264755 161.359970 163.931335 176.202255 20.144619 4.197286 -9.248521 39.919388 -20.959177 -0.959410 146.528534 -168.085342 -174.314987 37.912132 11.478320 3.358143 57.474903 3.384180 3.909679 176.587784 175.085510 -179.311493 176.588928 175.140366 -178.654083 163.817337 176.008026 -179.675400 0.000060 -3.799392 -1.682627 0.000090 -4.432707 -1.742745 6.285152 -3.121706 -1.390059 8.126290 -10.073510 5.932980 14.343553 -34.142696 49.423462 32.062836 -11.818206 2.664938 178.366608 -148.607437 140.599594 58.673893 54.923809 20.130260 180.000000 180.000000 -138.815826 0.000001 0.000003 17.879143 0.000000 -0.000000 0.000000 15.000000 -0.000003 41.198406 180.000000 180.000000 -146.292221 180.000000 180.000000 -156.132446 0.000000 -0.000000 0.000000 0.000002 -0.000001 50.771553 0.000000 -0.000000 54.248661 0.000003 -0.000001 39.932129 0.000000 -0.000000 0.000000 170.000000 179.999985 -131.171143 0.000001 -0.000005 54.352848 180.000000 -179.999985 -140.457520 0.000000 -0.000000 0.000000 160.000015 -180.000000 -165.936981 0.000003 -0.000001 21.094515 0.000001 0.000007 14.048948 5.943404 -6.371597 -8.633385 158.872238 169.632782 108.688385 159.993057 -172.906204 177.995148 179.578537 -143.010971 -164.364410 117.895325 120.965385 157.225769 0.000004 -0.000002 -35.155418 180.000000 180.000000 167.422287 0.000000 0.000002 0.000003 165.000015 180.000000 141.509018 180.000000 179.999985 148.507385 180.000000 180.000000 157.955154 0.000000 0.000002 0.000003 180.000000 180.000000 145.299698 180.000000 180.000000 127.949539 180.000000 -180.000000 145.334396 0.000000 0.000002 0.000003 10.000000 0.000001 -33.294373 0.000000 0.000001 -49.941544 0.000000 -0.000000 -33.261074 0.000000 0.000002 0.000003 20.000002 -0.000000 -37.141415 180.000000 -180.000000 124.287872 0.000000 -0.000000 -37.104282
-180.570435 5.180900 283.222656 148.894669 -175.493652 -179.210907 161.102081 163.609100 175.705673 19.688219 4.174239 -9.640964 39.556335 -21.059763 -0.561011 146.346756 -168.297699 -174.915405 37.283318 11.615388 3.182737 57.691315 3.131220 3.695786 176.581055 175.091568 -179.332855 176.582199 175.147141 -178.689545 163.791504 176.030350 -179.719025 0.000051 -3.791238 -1.633942 0.000076 -4.423195 -1.692313 6.465321 -3.114501 -1.368961 7.908271 -10.064912 5.917124 13.378551 -33.655338 49.952126 32.628731 -11.768762 2.776426 178.293457 -148.545303 140.852829 58.403896 54.880402 19.897259 0.000001 -0.000002 41.294476 180.000000 180.000000 -162.004868 0.000000 -0.000000 0.000000 15.000000 -0.000012 41.131042 0.000001 0.000003 33.652664 0.000003 -0.000001 23.817078 0.000000 -0.000000 0.000000 180.000000 180.000000 -129.390823 0.000000 -0.000000 54.258713 0.000003 -0.000001 39.900959 0.000000 -0.000000 0.000000 170.000000 -180.000000 -130.597641 0.000001 -0.000005 54.325798 180.000000 -179.999985 -140.338638 0.000000 -0.000000 0.000000 160.000015 180.000000 -165.802963 0.000002 -0.000000 21.295557 180.000000 180.000000 -165.817154 5.933340 -6.389324 -8.648728 158.806381 169.676468 108.595558 160.045685 -172.833054 177.999222 179.452286 -143.021210 -164.189529 118.768272 120.887383 158.141006 0.000001 -0.000002 -34.982830 0.000002 0.000002 -12.491416 0.000000 -0.000000 0.000000 165.000000 -180.000000 141.578354 0.000002 -0.000001 -31.435871 0.000000 0.000000 -22.005112 0.000000 -0.000000 0.000000 0.000001 -0.000001 -34.717285 180.000000 180.000000 127.924072 180.000000 180.000000 145.317444 0.000000 -0.000000 0.000000 10.000001 0.000001 -33.327309 0.000000 -0.000001 -49.990982 0.000000 0.000000 -33.293991 0.000000 -0.000000 0.000000 20.000002 -0.000002 -37.169926 180.000000 180.000000 124.245102 0.000000 0.000000 -37.132755
-180.467239 5.202896 283.168488 149.737213 -175.413635 -179.132141 160.738190 163.324890 175.148193 19.226471 4.147772 -9.921226 39.181255 -21.206390 -0.109997 146.075897 -168.392105 -175.576157 36.357002 11.964747 3.037740 58.162300 2.867929 3.399359 176.573135 175.100372 -179.355576 176.574249 175.156601 -178.727249 163.760437 176.055542 -179.765198 0.000050 -3.784899 -1.593735 0.000062 -4.415790 -1.650648 6.532341 -3.111129 -1.347325 7.693353 -10.058784 5.874994 12.366573 -33.181305 50.409718 33.007492 -11.743029 3.051952 178.377060 -148.424683 140.972626 58.241482 54.980209 19.738327 0.000001 -0.000002 41.176979 0.000000 -0.000000 17.888636 0.000000 -0.000000 0.000000 15.000002 0.000000 41.252098 0.000004 0.000002 33.751701 180.000000 -179.999985 -156.092178 0.000000 -0.000000 0.000000 180.000000 -179.999985 -129.146683 0.000000 -0.000000 54.243500 179.999985 -180.000000 -140.052277 0.000000 -0.000000 0.000000 170.000000 180.000000 -130.125565 0.000000 -0.000000 54.301189 180.000000 -179.999985 -140.243240 0.000000 -0.000000 0.000000 160.000015 179.999985 -165.769058 0.000001 0.000003 21.346413 0.000000 -0.000000 14.216715 5.746728 -6.388334 -8.632812 158.716568 169.725037 108.505623 160.070053 -172.741241 178.020218 179.283371 -142.800735 -163.937698 118.095802 120.690887 157.373001 180.000000 -179.999985 145.025375 0.000004 -0.000003 -12.487312 0.000000 -0.000000 0.000003 165.000000 -180.000000 141.565140 0.000001 -0.000001 -31.446703 180.000000 -179.999985 157.987305 0.000000 -0.000000 0.000003 0.000001 0.000000 -34.743484 0.000001 -0.000001 -52.115215 0.000001 0.000001 -34.708733 0.000000 -0.000000 0.000003 10.000001 -0.000001 -33.375679 180.000000 180.000000 129.936493 0.000000 0.000000 -33.342300 0.000000 -0.000000 0.000003 20.000002 -0.000000 -37.269257 0.000000 0.000000 -55.903896 0.000001 -0.000000 -37.231998
-180.366928 5.219626 283.113373 150.523117 -175.343170 -179.047836 160.371414 163.087296 174.637268 18.840981 4.213416 -10.273300 38.806473 -21.644476 0.442562 145.985321 -168.496735 -176.326859 35.152863 12.381733 2.860571 58.710312 2.500410 3.021260 176.565109 175.109924 -179.374557 176.566177 175.166611 -178.758743 163.727982 176.077896 -179.803772 0.000040 -3.789022 -1.555221 0.000037 -4.420580 -1.610756 6.767579 -3.112617 -1.337026 7.579038 -10.069439 5.805008 11.393839 -32.613453 50.830040 33.413544 -11.774050 3.213640 178.337173 -148.247620 141.258575 57.968616 54.905743 19.450449 0.000001 0.000002 41.216404 180.000000 -179.999985 -162.068634 0.000000 -0.000000 0.000000 15.000004 0.000006 41.285572 0.000000 -0.000000 33.779110 180.000000 180.000000 -156.067062 0.000000 -0.000000 0.000000 180.000000 180.000000 -129.082840 180.000000 -180.000000 -125.760574 180.000000 -179.999985 -140.040146 0.000000 -0.000000 0.000000 170.000000 -179.999985 -130.289474 0.000003 -0.000002 54.309978 0.000000 -0.000000 39.723892 0.000000 -0.000000 0.000000 160.000015 179.999985 -165.714066 180.000000 180.000000 -158.571091 180.000000 -179.999985 -165.728348 5.644524 -6.401863 -8.622179 158.462357 169.714600 108.417877 160.039139 -172.481552 178.066879 179.178497 -142.766235 -163.711823 117.895485 120.712334 157.153625 0.000000 0.000000 -35.035686 180.000000 179.999985 167.482147 0.000000 -0.000000 0.000000 165.000015 -180.000000 141.622650 180.000000 180.000000 148.600342 0.000001 0.000002 -21.979755 0.000000 -0.000000 0.000000 180.000000 180.000000 145.213226 0.000000 0.000000 -52.180168 180.000000 180.000000 145.248001 0.000000 -0.000000 0.000000 10.000001 0.000002 -33.411343 180.000000 180.000000 129.882996 180.000000 -180.000000 146.622070 0.000000 -0.000000 0.000000 19.999996 -0.000000 -37.348076 180.000000 180.000000 123.977905 0.000001 0.000001 -37.310722
-180.268951 5.231492 283.055664 151.293839 -175.243546 -178.957169 160.071075 162.867798 174.008423 18.405575 4.383452 -10.611096 38.431095 -22.361771 1.034841 145.905594 -168.615402 -177.048996 33.967236 12.769174 2.678014 59.204086 2.203683 2.706923 176.560669 175.118805 -179.391434 176.561722 175.175964 -178.786972 163.711929 176.098450 -179.837021 0.000013 -3.780630 -1.535799 0.000035 -4.410761 -1.590674 6.878618 -3.104424 -1.330030 7.551051 -10.086948 5.706297 10.361260 -31.903574 51.257706 33.884060 -11.851761 3.284805 178.393051 -148.090256 141.422684 57.533245 54.766994 18.982916 0.000000 -0.000000 41.283192 0.000000 -0.000000 18.002365 0.000000 -0.000000 0.000000 15.000002 -0.000002 41.179802 180.000000 -179.999985 -146.307434 0.000003 -0.000001 23.853624 0.000000 -0.000000 0.000000 0.000005 0.000002 50.667519 0.000000 -0.000000 54.255119 0.000006 0.000005 39.912182 0.000000 -0.000000 0.000000 170.000000 -179.999985 -129.905548 0.000000 -0.000000 54.288990 179.999985 -180.000000 -140.199509 0.000000 -0.000000 0.000000 160.000015 179.999985 -165.637878 180.000000 180.000000 -158.456818 180.000000 -179.999985 -165.652237 5.626882 -6.421800 -8.625174 158.416641 169.735977 108.317223 159.944977 -172.446915 178.067642 179.103928 -142.892151 -163.473526 117.249756 120.861031 156.545929 180.000000 180.000000 144.888062 180.000000 179.999985 167.444031 0.000000 -0.000000 0.000000 165.000015 -179.999985 141.600098 180.000000 180.000000 148.581879 180.000000 -180.000000 158.007324 0.000000 -0.000000 0.000000 180.000000 180.000000 145.178299 180.000000 180.000000 127.767448 0.000000 0.000000 -34.786892 0.000000 -0.000000 0.000000 10.000001 0.000000 -33.462505 180.000000 180.000000 129.806244 180.000000 -180.000000 146.570953 0.000000 -0.000000 0.000000 20.000000 0.000001 -37.351749 0.000000 0.000000 -56.027611 180.000000 180.000000 142.685608
-180.169464 5.240622 282.993195 152.117035 -175.106812 -178.856644 159.662964 162.689224 173.303268 18.008301 4.594177 -10.818077 38.092865 -23.034609 1.563107 145.839859 -168.866013 -177.817612 32.837231 13.030605 2.439522 59.618877 1.950494 2.475251 176.534531 175.115509 -179.407944 176.535553 175.172974 -178.812759 163.592941 176.108612 -179.879822 0.000021 -3.764662 -1.519385 0.000044 -4.392123 -1.573680 7.055884 -3.088709 -1.328060 7.541643 -10.121360 5.629652 9.502026 -31.211065 51.594269 34.305954 -11.958881 3.298645 178.493118 -147.964966 141.494446 57.192757 54.773655 18.619238 0.000002 -0.000001 41.203423 0.000003 -0.000001 17.932936 0.000000 -0.000000 0.000000 15.000004 0.000000 41.211216 0.000003 -0.000001 33.718266 180.000000 179.999985 -156.122833 0.000000 -0.000000 0.000000 0.000003 0.000006 50.815411 0.000000 -0.000000 54.245888 180.000000 180.000000 -140.059494 0.000000 -0.000000 0.000000 170.000000 180.000000 -129.308823 0.000001 -0.000005 54.253662 180.000000 -179.999985 -140.083267 0.000000 -0.000000 0.000000 160.000015 179.999985 -165.549500 180.000000 -179.999985 -158.324249 0.000006 -0.000004 14.436054 5.624717 -6.454508 -8.611911 158.364532 169.738480 108.204880 159.828735 -172.428680 178.080154 179.007950 -142.944260 -163.183441 116.309471 120.962776 155.601349 180.000000 180.000000 144.789215 180.000000 180.000000 167.394623 180.000000 180.000000 -180.000000 165.000000 -180.000000 141.495239 180.000000 -179.999985 148.496109 0.000001 0.000004 -22.052713 180.000000 180.000000 -180.000000 180.000000 180.000000 145.127396 180.000000 180.000000 127.691124 0.000001 -0.000002 -34.837719 180.000000 180.000000 -180.000000 10.000002 0.000000 -33.502098 180.000000 -180.000000 129.746841 0.000000 0.000000 -33.468586 180.000000 180.000000 -180.000000 20.000002 0.000002 -37.426884 180.000000 -180.000000 123.859703 0.000001 0.000001 -37.389439
-180.080536 5.249054 282.934296 152.808578 -174.964645 -178.771500 159.393799 162.534882 172.517532 17.582117 4.876784 -10.941012 37.809391 -23.825777 2.020015 145.971558 -169.271423 -178.618622 31.851702 13.203697 2.147663 59.859913 1.575409 2.235215 176.537689 175.132507 -179.421890 176.538666 175.190292 -178.836899 163.612350 176.132828 -179.902969 0.000031 -3.713805 -1.517176 0.000092 -4.332763 -1.571457 7.246170 -3.041111 -1.330884 7.623251 -10.133780 5.522305 8.535039 -30.504099 51.891186 34.582939 -12.079597 3.438798 178.566422 -147.696625 141.711273 56.349354 54.783108 17.745054 0.000001 0.000003 41.057423 0.000000 -0.000000 17.813110 0.000000 -0.000000 0.000000 14.999999 -0.000008 40.974567 180.000000 180.000000 -146.475357 0.000000 -0.000000 23.699997 0.000000 -0.000000 0.000000 180.000000 180.000000 -129.717911 180.000000 179.999985 -125.721764 180.000000 179.999985 -140.162567 0.000000 -0.000000 0.000000 170.000000 -180.000000 -129.852982 0.000005 0.000001 54.286026 0.000001 0.000003 39.810883 0.000000 -0.000000 0.000000 160.000000 -180.000000 -165.328232 180.000000 179.999985 -157.992340 180.000000 -179.999985 -165.342896 5.556835 -6.454524 -8.592105 158.432999 169.734299 108.100685 159.681717 -172.559586 178.047699 178.981522 -143.117508 -162.955551 115.876724 121.194511 155.239975 180.000000 180.000000 144.703094 0.000004 -0.000001 -12.648451 0.000000 -0.000000 0.000000 165.000015 -180.000000 141.479630 180.000000 179.999985 148.483322 0.000000 0.000000 -22.061674 0.000000 -0.000000 0.000000 0.000000 -0.000001 -34.950340 0.000001 0.000000 -52.425518 180.000000 -179.999985 145.084610 0.000000 -0.000000 0.000000 10.000000 -0.000000 -33.559528 180.000000 180.000000 129.660706 0.000000 0.000000 -33.525974 0.000000 -0.000000 0.000000 19.999998 0.000001 -37.548534 0.000000 -0.000000 -56.322807 180.000000 180.000000 142.489014
-179.997452 5.258675 282.875946 153.456573 -174.808685 -178.690231 159.061508 162.427399 171.764481 17.246147 5.359985 -11.236326 37.511417 -24.819689 2.472421 146.027222 -169.749557 -179.342239 31.269238 13.233240 1.878064 59.799454 1.304123 2.135823 176.544830 175.157410 -179.435684 176.545792 175.215469 -178.861404 163.651077 176.162720 -179.922821 0.000023 -3.637074 -1.527423 0.000138 -4.243210 -1.582154 7.318340 -2.972839 -1.332007 7.614170 -10.134381 5.468744 7.685986 -29.733118 52.160759 34.960026 -12.228763 3.414667 178.578690 -147.464676 141.971603 55.286152 54.682743 16.620544 0.000002 -0.000001 40.938168 0.000001 0.000003 17.720675 0.000000 -0.000000 0.000000 15.000006 0.000002 40.766281 0.000001 0.000003 33.354225 0.000000 -0.000000 23.544424 0.000000 -0.000000 0.000000 0.000002 -0.000001 50.553093 180.000000 179.999985 -125.737869 180.000000 -179.999985 -140.109863 0.000000 -0.000000 0.000000 170.000000 -179.999985 -128.920685 0.000003 0.000006 54.228912 180.000000 180.000000 -140.009506 0.000000 -0.000000 0.000000 160.000000 -180.000000 -165.159027 0.000000 -0.000000 22.261454 180.000000 179.999985 -165.173859 5.573340 -6.451862 -8.571251 158.604828 169.740311 107.986633 159.522888 -172.818604 177.987747 179.015808 -143.400238 -162.780899 116.264084 121.232521 155.651062 180.000000 179.999985 144.699509 180.000000 -180.000000 167.349762 0.000000 -0.000000 0.000000 165.000015 -180.000000 141.432907 180.000000 -180.000000 148.445099 0.000001 -0.000002 -22.088430 0.000000 -0.000000 0.000000 0.000001 -0.000001 -35.001358 180.000000 -179.999985 127.497963 0.000000 -0.000001 -34.966362 0.000000 -0.000000 0.000000 10.000002 -0.000000 -33.636196 0.000000 0.000000 -50.454292 0.000001 0.000001 -33.602543 0.000000 -0.000000 0.000000 20.000002 -0.000001 -37.607944 0.000000 0.000000 -56.411903 180.000000 180.000000 142.429672
-179.909927 5.270862 282.812225 154.192825 -174.635635 -178.602448 158.718979 162.349152 170.843063 16.861097 5.830309 -11.267879 37.226559 -25.747009 2.867406 145.998169 -170.291046 179.934647 30.910841 13.174731 1.598729 59.578270 1.113918 2.165557 176.554459 175.189072 -179.451004 176.555405 175.247375 -178.888840 163.702225 176.198730 -179.943405 0.000028 -3.535293 -1.547061 0.000187 -4.124449 -1.602556 7.226947 -2.886403 -1.327659 7.395087 -10.100298 5.453133 6.955558 -29.092985 52.372227 35.175900 -12.379479 3.471043 178.692993 -147.236374 142.171738 54.792904 54.721752 16.074045 0.000001 0.000003 40.726471 0.000001 0.000003 17.527758 0.000000 -0.000000 0.000000 15.000004 -0.000004 40.929207 0.000003 -0.000001 33.487534 180.000000 -179.999985 -156.333939 0.000000 -0.000000 0.000000 0.000002 -0.000001 50.525879 0.000005 0.000001 54.263775 180.000000 179.999985 -140.115128 0.000000 -0.000000 0.000000 170.000000 180.000000 -128.703705 0.000000 -0.000000 54.214512 180.000000 -179.999985 -139.968887 0.000000 -0.000000 0.000000 160.000000 -179.999985 -165.079330 180.000000 180.000000 -157.618988 0.000000 0.000003 14.905749 5.386078 -6.412867 -8.529521 159.021088 169.806076 107.904076 159.391006 -173.323288 177.864716 179.019699 -143.516861 -162.571609 116.078079 121.274529 155.454620 0.000007 0.000001 -35.360138 0.000003 0.000000 -12.680070 0.000000 -0.000000 0.000000 165.000015 180.000000 141.325668 180.000000 -179.999985 148.357361 180.000000 -179.999985 157.850159 0.000000 -0.000000 0.000000 0.000002 0.000001 -35.033318 180.000000 -180.000000 127.450020 0.000000 -0.000001 -34.998291 0.000000 -0.000000 0.000000 9.999999 0.000000 -33.675045 180.000000 180.000000 129.487411 180.000000 -180.000000 146.358612 0.000000 -0.000000 0.000000 20.000002 -0.000000 -37.672493 180.000000 180.000000 123.491272 180.000000 180.000000 142.365189
-179.826004 5.285022 282.749786 154.859329 -174.489151 -178.527603 158.403397 162.395599 170.007126 16.598372 6.513055 -11.369264 36.881680 -26.771097 3.232341 146.170090 -170.896408 179.183792 30.423985 13.074667 1.269489 59.368114 0.842275 2.203796 176.563965 175.220581 -179.464310 176.564880 175.279022 -178.912842 163.752060 176.232712 -179.959946 0.000018 -3.439122 -1.555616 0.000183 -4.012252 -1.611437 7.246581 -2.803174 -1.322855 7.238581 -10.078673 5.443696 6.197855 -28.547693 52.599743 35.376438 -12.489765 3.504363 178.693726 -146.895660 142.527054 53.583111 54.520008 14.733285 180.000000 179.999985 -139.470261 0.000000 -0.000000 17.358919 0.000000 -0.000000 0.000000 15.000004 -0.000003 40.758617 180.000000 180.000000 -146.652039 180.000000 180.000000 -156.461288 0.000000 -0.000000 0.000000 180.000000 -179.999985 -129.807663 0.000005 -0.000006 54.283428 0.000003 -0.000001 39.819794 0.000000 -0.000000 0.000000 170.000000 179.999985 -129.002319 0.000005 0.000001 54.234230 180.000000 -179.999985 -140.024902 0.000000 -0.000000 0.000000 160.000015 -179.999985 -164.932587 180.000000 -179.999985 -157.398865 0.000002 -0.000007 15.052350 5.260763 -6.396099 -8.480688 159.063126 169.770737 107.833206 159.304321 -173.452988 177.820282 179.068146 -143.631210 -162.454697 116.580894 121.314545 155.971313 0.000007 0.000001 -35.387238 180.000000 -180.000000 167.306381 0.000000 -0.000000 0.000000 165.000015 -180.000000 141.387955 0.000001 -0.000007 -31.591688 0.000000 0.000000 -22.114170 0.000000 -0.000000 0.000000 180.000000 180.000000 144.917953 180.000000 -180.000000 127.376938 0.000002 0.000001 -35.046959 0.000000 -0.000000 0.000000 9.999998 -0.000001 -33.682247 180.000000 180.000000 129.476639 0.000001 0.000000 -33.648567 0.000000 -0.000000 0.000000 19.999998 -0.000000 -37.759140 0.000000 -0.000000 -56.638725 0.000000 0.000000 -37.721394
-179.735962 5.299490 282.682678 155.600677 -174.357056 -178.462173 158.018753 162.505768 169.265335 16.425076 7.448659 -11.666832 36.402721 -27.986860 3.626295 146.218552 -171.424576 178.514114 29.902718 12.963921 0.965299 59.168407 0.747018 2.373862 176.594681 175.268631 -179.477219 176.595566 175.327179 -178.937988 163.902084 176.279221 -179.963776 0.000007 -3.329083 -1.574896 0.000115 -3.883914 -1.631322 6.916487 -2.715484 -1.305966 6.948440 -10.022287 5.447206 5.269026 -28.029612 52.892078 35.557068 -12.614323 3.608670 178.765533 -146.560760 142.860153 51.928211 54.322193 12.972328 180.000000 180.000000 -139.731949 0.000003 -0.000001 17.143541 0.000000 -0.000000 0.000000 15.000004 0.000001 40.529797 0.000000 -0.000000 33.160740 180.000000 180.000000 -156.631760 0.000000 -0.000000 0.000000 0.000003 -0.000001 49.692688 0.000000 -0.000000 54.310909 0.000004 0.000002 39.720284 0.000000 -0.000000 0.000000 170.000000 179.999985 -129.146515 0.000000 -0.000000 54.243481 0.000001 0.000003 39.947754 0.000000 -0.000000 0.000000 160.000015 -179.999985 -164.702179 0.000000 -0.000000 22.946733 0.000003 -0.000000 15.282521 5.004041 -6.363588 -8.411576 159.133347 169.754593 107.779602 159.247604 -173.652252 177.768280 179.199295 -143.732330 -162.423141 116.962540 121.286057 156.334610 180.000000 179.999985 144.598709 180.000000 179.999985 167.299347 0.000000 -0.000000 0.000000 165.000015 180.000000 141.458694 0.000000 0.000000 -31.533789 180.000000 -179.999985 157.926346 0.000000 -0.000000 0.000000 0.000000 -0.000001 -35.055275 0.000000 0.000001 -52.582901 180.000000 -180.000000 144.979797 0.000000 -0.000000 0.000000 9.999998 0.000000 -33.714760 0.000000 0.000001 -50.572159 0.000001 -0.000001 -33.681053 0.000000 -0.000000 0.000000 19.999998 -0.000001 -37.716640 0.000001 0.000000 -56.574970 180.000000 -180.000000 142.321075
-179.634598 5.312993 282.607208 156.479324 -174.219452 -178.404602 157.639664 162.718216 168.576889 16.219213 8.492720 -11.846213 35.871872 -29.090401 3.981600 146.246338 -171.945847 177.840546 29.126614 12.831102 0.633240 59.035873 0.862055 2.649125 176.596863 175.298874 -179.487640 176.597733 175.357346 -178.956635 163.916504 176.309219 -179.977219 0.000005 -3.246712 -1.578006 0.000086 -3.787850 -1.634505 6.577350 -2.652713 -1.282830 6.645625 -9.976289 5.464435 4.439096 -27.676807 53.132694 35.717651 -12.707482 3.652057 178.935532 -146.166992 142.998718 51.287502 54.442093 12.340557 0.000001 0.000003 40.026436 180.000000 -179.999985 -163.064850 0.000000 -0.000000 0.000001 14.999999 -0.000008 40.387867 0.000000 -0.000000 33.044617 0.000000 -0.000000 23.262720 0.000000 -0.000000 0.000001 0.000000 -0.000000 49.553413 0.000002 0.000003 54.318161 180.000000 180.000000 -140.307861 0.000000 -0.000000 0.000001 170.000000 179.999985 -128.994614 0.000000 -0.000000 54.233734 0.000009 0.000004 39.976555 0.000000 -0.000000 0.000001 160.000000 180.000000 -164.498169 180.000000 -179.999985 -156.747238 0.000000 -0.000000 15.486332 4.728108 -6.355856 -8.334378 159.087112 169.739883 107.763054 159.245468 -173.746674 177.740845 179.331848 -143.684647 -162.359177 116.495430 121.283508 155.843063 0.000000 0.000000 -35.438469 0.000002 0.000000 -12.719233 0.000000 -0.000000 0.000000 165.000000 -180.000000 141.407990 180.000000 180.000000 148.424744 180.000000 180.000000 157.897308 0.000000 -0.000000 0.000000 0.000002 -0.000000 -34.999825 0.000001 -0.000001 -52.499737 0.000000 0.000000 -34.964825 0.000000 -0.000000 0.000000 10.000001 0.000000 -33.663525 0.000000 0.000001 -50.495281 0.000001 0.000001 -33.629864 0.000000 -0.000000 0.000000 20.000002 -0.000000 -37.646435 0.000000 0.000000 -56.469643 0.000000 0.000000 -37.608776
-179.535294 5.324463 282.533234 157.295456 -174.105652 -178.368347 157.542923 163.062195 167.925491 15.986000 9.787073 -11.934315 35.217197 -30.275473 4.326345 146.548355 -172.540833 177.166550 28.140865 12.674837 0.235613 58.884972 0.952874 2.867170 176.596146 175.320328 -179.494492 176.597015 175.378647 -178.968811 163.915970 176.329758 -179.986435 0.000003 -3.186599 -1.563325 0.000064 -3.717734 -1.619254 6.356392 -2.607713 -1.257297 6.455041 -9.931033 5.479249 3.463849 -27.398558 53.449593 35.988625 -12.682509 3.672278 179.034225 -145.587296 143.192108 49.483517 54.339634 10.564618 0.000003 0.000003 39.813381 0.000000 -0.000000 16.783010 0.000000 -0.000000 0.000000 15.000000 -0.000006 40.213348 0.000003 -0.000001 32.901829 0.000005 -0.000008 23.133196 0.000000 -0.000000 0.000000 0.000003 0.000002 49.215458 0.000003 0.000006 54.334976 0.000001 0.000003 39.622974 0.000000 -0.000000 0.000000 170.000000 179.999985 -129.341934 0.000006 -0.000003 54.255714 0.000009 0.000004 39.910374 0.000000 -0.000000 0.000000 160.000015 -179.999985 -164.150284 0.000003 -0.000001 23.774597 0.000003 -0.000000 15.833881 4.563422 -6.377605 -8.262030 158.892365 169.708359 107.753105 159.267899 -173.760956 177.780457 179.532394 -143.652664 -162.387741 116.612991 121.197281 155.920273 0.000000 0.000000 -35.431522 0.000003 0.000002 -12.715763 0.000000 -0.000000 0.000000 165.000015 -180.000000 141.546036 0.000000 0.000002 -31.462334 0.000001 -0.000002 -22.023636 0.000000 -0.000000 0.000000 0.000000 0.000000 -35.010323 0.000001 0.000001 -52.515499 180.000000 180.000000 145.024673 0.000000 -0.000000 0.000000 9.999998 -0.000000 -33.578213 0.000000 -0.000000 -50.367325 180.000000 180.000000 146.455368 0.000000 -0.000000 0.000000 20.000002 -0.000000 -37.673676 0.000000 0.000000 -56.510506 0.000000 0.000001 -37.636002
-179.437180 5.333405 282.460144 158.104538 -174.007401 -178.354568 157.503708 163.449890 167.411697 15.836907 11.373713 -12.209743 34.404640 -31.659983 4.688710 146.823334 -173.087311 176.598267 27.175882 12.523132 -0.133876 58.733246 1.415047 2.956560 176.595871 175.335281 -179.497421 176.596725 175.393433 -178.974228 163.916199 176.342484 -179.989197 180.000000 -176.857346 178.455521 0.000054 -3.666477 -1.599722 6.044116 -2.578461 -1.227176 6.373137 -9.896998 5.487897 2.363367 -27.113106 53.793831 36.224140 -12.820427 3.767591 179.317139 -145.198471 143.212143 48.386253 54.323475 9.525855 0.000001 0.000007 39.683208 180.000000 179.999985 -163.306183 0.000000 -0.000000 0.000000 15.000004 0.000002 40.121307 180.000000 -179.999985 -147.173492 0.000007 -0.000001 23.064987 0.000000 -0.000000 0.000000 0.000000 -0.000000 49.263252 180.000000 -179.999985 -125.667336 180.000000 -179.999985 -140.367172 0.000000 -0.000000 0.000000 170.000000 -179.999985 -128.891083 180.000000 179.999985 -125.773033 0.000001 -0.000008 39.996052 0.000000 -0.000000 0.000000 160.000000 179.999985 -163.871140 180.000000 180.000000 -155.806717 0.000006 -0.000004 16.112734 4.507614 -6.433031 -8.190777 158.447891 169.623169 107.705711 159.278992 -173.609451 177.945206 179.818848 -143.687424 -162.475479 116.751282 121.124092 156.040039 0.000002 0.000004 -35.394703 0.000005 -0.000003 -12.697354 0.000000 -0.000000 0.000000 165.000000 179.999985 141.688736 180.000000 -179.999985 148.654419 180.000000 180.000000 158.058105 0.000000 -0.000000 0.000000 0.000000 0.000000 -34.918819 180.000000 -180.000000 127.621758 0.000000 0.000000 -34.883896 0.000000 -0.000000 0.000000 10.000001 -0.000000 -33.592106 180.000000 180.000000 129.611847 0.000000 -0.000000 -33.558495 0.000000 -0.000000 0.000000 20.000002 0.000000 -37.553196 0.000000 -0.000000 -56.329800 180.000000 -180.000000 142.484344
-179.335999 5.340245 282.384613 158.986069 -173.912460 -178.355118 157.518845 163.960861 166.968628 15.643158 13.058338 -12.338343 33.615757 -32.897747 4.989876 147.092514 -173.651337 176.070358 26.266369 12.359439 -0.498326 58.443565 2.405022 2.765053 176.596848 175.348038 -179.497955 176.597702 175.405960 -178.975632 163.921616 176.351593 -179.987167 180.000000 -176.898926 178.479706 0.000041 -3.617987 -1.574660 5.630000 -2.553680 -1.190029 6.144495 -9.846251 5.511306 1.387769 -26.879309 54.082836 36.361694 -13.012334 3.913154 179.646515 -144.831619 143.201767 48.753342 54.584404 9.926065 0.000002 -0.000001 39.548183 0.000000 -0.000000 16.564352 0.000000 -0.000000 0.000000 15.000002 0.000000 40.011429 0.000000 -0.000000 32.736622 0.000001 0.000007 22.983648 0.000000 -0.000000 0.000000 0.000000 -0.000000 49.000195 0.000006 -0.000003 54.345104 180.000000 179.999985 -140.421661 0.000000 -0.000000 0.000000 170.000000 -180.000000 -128.854889 180.000000 179.999985 -125.775406 0.000004 0.000002 40.002853 0.000000 -0.000000 0.000000 160.000000 -179.999985 -163.709534 180.000000 179.999985 -155.564316 0.000000 0.000003 16.274162 4.301908 -6.471931 -8.115632 158.236816 169.631393 107.793442 159.304871 -173.666367 177.967621 0.082696 -36.384308 17.542456 116.297356 121.197784 155.607132 0.000002 0.000003 -35.419701 180.000000 179.999985 167.290146 0.000002 -0.000000 0.000000 165.000000 180.000000 141.624313 0.000004 -0.000002 -31.398281 0.000001 -0.000002 -21.978794 0.000002 -0.000000 0.000000 180.000000 -180.000000 145.139877 180.000000 -180.000000 127.709839 180.000000 180.000000 145.174759 0.000002 -0.000000 0.000000 10.000001 0.000002 -33.536057 180.000000 -180.000000 129.695908 180.000000 180.000000 146.497482 0.000002 -0.000000 0.000000 20.000002 -0.000000 -37.501244 0.000000 0.000000 -56.251865 0.000001 -0.000000 -37.463745
-179.245239 5.345522 282.316650 159.729706 -173.843552 -178.370865 157.830505 164.657700 166.563675 15.325459 14.693215 -12.139992 32.999241 -33.831463 5.204913 147.614105 -174.286163 175.548996 25.324781 12.171565 -0.874611 58.041111 3.519492 2.286329 176.599854 175.355713 -179.495880 176.600708 175.413437 -178.972610 163.935654 176.355164 -179.980362 179.999985 -176.933563 178.521774 0.000025 -3.577584 -1.531080 5.394533 -2.532175 -1.150989 6.055279 -9.800570 5.516316 0.500563 -26.620125 54.337952 36.524208 -13.206141 3.976424 179.885162 -144.381378 143.270767 48.939713 54.730038 10.157073 180.000000 -179.999985 -140.480469 0.000003 -0.000000 16.538252 0.000000 -0.000000 0.000000 15.000006 0.000003 39.841560 0.000001 0.000003 32.597637 0.000003 -0.000001 22.858114 0.000000 -0.000000 0.000000 180.000000 179.999985 -131.302109 0.000003 -0.000002 54.358593 0.000000 -0.000000 39.514900 0.000000 -0.000000 0.000000 170.000000 179.999985 -129.090805 0.000003 -0.000002 54.239944 180.000000 -179.999985 -140.041656 0.000000 -0.000000 0.000000 160.000000 179.999985 -163.514694 180.000000 -179.999985 -155.272049 0.000000 -0.000000 16.468813 4.230757 -6.518524 -8.062041 157.977386 169.635681 107.898834 159.288651 -173.672058 178.032898 0.380515 -36.385414 17.529945 116.701019 121.140976 156.014465 180.000000 179.999985 144.638046 180.000000 180.000000 167.319016 0.000000 -0.000000 0.000000 165.000015 180.000000 141.732605 180.000000 179.999985 148.690292 180.000000 -179.999985 158.083221 0.000000 -0.000000 0.000000 0.000000 0.000000 -34.918106 0.000001 -0.000002 -52.377155 0.000001 -0.000001 -34.883175 0.000000 -0.000000 0.000000 10.000000 0.000001 -33.493889 0.000001 -0.000000 -50.240814 180.000000 -180.000000 146.539612 0.000000 -0.000000 0.000000 20.000002 -0.000000 -37.594158 0.000001 0.000001 -56.391247 180.000000 180.000000 142.443420
-179.161026 5.349526 282.253571 160.422165 -173.797577 -178.398346 157.986832 165.260300 166.270859 15.406462 16.763779 -12.384705 32.019573 -35.353909 5.454789 148.022537 -174.843933 175.122437 24.564831 12.006959 -1.176442 57.540539 5.283473 1.380417 176.603638 175.360458 -179.491928 176.604492 175.417969 -178.966431 163.952728 176.355194 -179.970245 179.999969 -176.965591 178.566635 180.000000 -176.459778 178.515366 5.143218 -2.512833 -1.109992 6.096652 -9.763229 5.509374 179.533325 -153.715958 -125.337234 36.722607 -13.436965 4.021955 0.221657 -35.814167 -36.763962 48.792770 54.915409 10.109130 180.000000 179.999985 -140.523895 180.000000 180.000000 -163.488388 0.000000 -0.000000 0.000000 15.000004 -0.000006 39.773327 0.000004 0.000002 32.541813 0.000001 0.000007 22.807751 0.000000 -0.000000 0.000000 0.000001 0.000003 48.919579 0.000000 -0.000000 54.348778 0.000002 -0.000004 39.561512 0.000000 -0.000000 0.000000 170.000000 -180.000000 -129.277924 0.000000 -0.000000 54.251755 180.000000 180.000000 -140.077347 0.000000 -0.000000 0.000000 160.000015 -179.999985 -163.378860 0.000000 -0.000000 24.931688 0.000006 -0.000004 16.604504 4.288488 -6.578041 -8.021759 157.695526 169.641556 108.042847 159.221436 -173.638077 178.123734 0.702483 -36.326851 17.532545 117.267815 121.065186 156.581360 0.000001 -0.000002 -35.290737 180.000000 -179.999985 167.354630 0.000000 -0.000000 0.000000 165.000000 -179.999985 141.850342 0.000000 -0.000004 -31.213346 180.000000 -179.999985 158.150650 0.000000 -0.000000 0.000000 0.000000 0.000000 -34.879166 180.000000 -180.000000 127.681236 0.000001 -0.000002 -34.844296 0.000000 -0.000000 0.000000 10.000001 -0.000000 -33.568233 0.000001 -0.000000 -50.352345 180.000000 180.000000 146.465347 0.000000 -0.000000 0.000000 20.000002 0.000000 -37.558754 0.000001 0.000000 -56.338100 180.000000 180.000000 142.478806
-179.075974 5.352517 282.189941 161.168381 -173.762726 -178.437195 158.172180 166.141968 166.023788 15.474147 18.986450 -12.417686 31.136728 -36.698372 5.652711 148.240707 -175.371277 174.707001 23.859764 11.833215 -1.417965 56.952892 7.856688 0.009412 176.605957 175.362869 -179.486267 176.606812 175.420135 -178.957214 163.962448 176.352036 -179.957657 179.999924 -177.007019 178.620224 179.999954 -176.508102 178.570877 4.845124 -2.486848 -1.061064 6.004447 -9.729688 5.519367 178.807114 -154.012054 -125.101707 36.749123 -13.780699 4.125699 0.679892 -35.777500 -36.932121 48.752865 55.085838 10.131867 180.000000 -179.999985 -140.597092 180.000000 -179.999985 -163.548340 0.000000 -0.000000 0.000000 15.000002 -0.000006 39.703884 0.000000 -0.000000 32.484997 180.000000 179.999985 -157.243454 0.000000 -0.000000 0.000000 180.000000 -179.999985 -131.277359 0.000003 -0.000002 54.357502 0.000002 0.000006 39.520115 0.000000 -0.000000 0.000000 170.000000 -179.999985 -129.323746 180.000000 179.999985 -125.745422 0.000000 -0.000000 39.913860 0.000000 -0.000000 0.000000 160.000000 -180.000000 -163.314835 180.000000 -179.999985 -154.972260 0.000007 -0.000001 16.668480 4.206656 -6.623890 -7.974847 157.627167 169.701492 108.273460 159.129715 -173.713150 178.109451 0.944275 -36.376041 17.724318 116.919518 121.176201 156.259979 180.000000 179.999985 144.651367 0.000003 0.000000 -12.674314 0.000000 -0.000000 0.000000 165.000015 -180.000000 141.726974 0.000001 -0.000001 -31.314301 180.000000 -180.000000 158.079987 0.000000 -0.000000 0.000000 0.000002 0.000001 -34.985481 180.000000 -180.000000 127.521759 180.000000 -180.000000 145.049484 0.000000 -0.000000 0.000000 9.999996 0.000000 -33.565746 180.000000 180.000000 129.651382 0.000000 0.000000 -33.532181 0.000000 -0.000000 0.000000 19.999998 0.000001 -37.575153 180.000000 -180.000000 123.637260 180.000000 180.000000 142.462418
-179.000031 5.354565 282.133057 161.801971 -173.747314 -178.476013 158.526474 167.253418 165.810379 15.628404 21.416527 -12.324917 30.231380 -38.034081 5.849618 148.523178 -175.936264 174.268326 23.076616 11.625680 -1.656531 56.341228 10.494888 -1.586996 176.605606 175.362595 -179.480408 176.606445 175.419632 -178.947403 163.959396 176.346725 -179.946167 179.999863 -177.051971 178.687469 179.999908 -176.560547 178.640533 4.725849 -2.455137 -1.011360 6.019153 -9.689955 5.524752 178.167831 -154.281143 -124.866089 36.874428 -13.924466 4.085386 0.777858 -36.040298 -36.826920 48.388519 55.205151 9.854699 0.000000 -0.000000 39.357922 180.000000 -179.999985 -163.572784 0.000000 -0.000000 0.000000 14.999999 -0.000001 39.611759 0.000003 -0.000001 32.409626 0.000003 -0.000001 22.688665 0.000000 -0.000000 0.000000 0.000000 -0.000000 48.493393 0.000005 0.000001 54.367188 0.000000 -0.000000 39.471451 0.000000 -0.000000 0.000000 170.000000 -180.000000 -129.428879 180.000000 -179.999985 -125.738945 180.000000 -179.999985 -140.106369 0.000000 -0.000000 0.000000 160.000015 -179.999985 -163.198563 0.000003 -0.000001 25.202150 0.000000 0.000003 16.784630 4.223783 -6.654647 -7.949422 157.675980 169.810654 108.573036 159.015808 -173.802811 178.050476 1.186096 -36.360119 17.899801 117.539726 121.122246 156.880203 0.000000 0.000000 -35.298832 180.000000 180.000000 167.350586 0.000000 -0.000000 0.000000 165.000015 -180.000000 141.839203 180.000000 180.000000 148.777527 0.000000 -0.000002 -21.855719 0.000000 -0.000000 0.000000 0.000000 0.000000 -34.970654 180.000000 180.000000 127.544029 180.000000 -179.999985 145.064331 0.000000 -0.000000 0.000000 10.000001 -0.000000 -33.564995 0.000000 0.000000 -50.347477 0.000000 0.000000 -33.531422 0.000000 -0.000000 0.000000 20.000002 -0.000000 -37.743462 180.000000 -180.000000 123.384811 180.000000 -180.000000 142.294281
-178.931503 5.355407 282.081818 162.372223 -173.750015 -178.518921 158.777908 168.345840 165.677734 16.090572 23.894575 -12.338766 29.104576 -39.459236 6.129529 148.618057 -176.405014 173.897293 22.379494 11.431005 -1.843053 55.678333 13.756293 -3.613307 176.603622 175.358246 -179.473328 176.604492 175.415039 -178.935303 163.948181 176.337387 -179.933670 179.999847 -177.091965 178.750961 179.999893 -176.607208 178.706299 4.615868 -2.426758 -0.964949 6.150092 -9.650392 5.528106 177.529465 -154.538528 -124.596390 37.002750 -14.017146 4.018214 0.902627 -36.222172 -36.776817 48.094334 55.063564 9.547756 0.000002 -0.000001 39.415668 0.000004 0.000003 16.485291 0.000000 -0.000000 0.000000 15.000006 0.000001 39.781219 0.000003 -0.000001 32.548271 180.000000 180.000000 -157.186417 0.000000 -0.000000 0.000000 0.000000 -0.000000 48.239910 0.000000 -0.000000 54.377316 0.000003 -0.000001 39.417042 0.000000 -0.000000 0.000000 170.000000 -180.000000 -129.417007 0.000001 -0.000005 54.260326 0.000002 0.000006 39.895924 0.000000 -0.000000 0.000000 160.000000 -180.000000 -163.127548 180.000000 -179.999985 -154.691315 0.000003 -0.000001 16.855577 4.354457 -6.681888 -7.938289 157.631149 169.881638 108.841675 158.843353 -173.743103 178.101730 1.454546 -36.305317 18.067694 118.098190 121.132439 157.449982 0.000006 0.000004 -35.287891 180.000000 179.999985 167.356049 0.000000 -0.000000 0.000000 165.000015 -180.000000 141.915619 180.000000 180.000000 148.840073 0.000001 -0.000002 -21.811949 0.000000 -0.000000 0.000000 0.000000 0.000000 -34.977856 180.000000 -180.000000 127.533195 180.000000 180.000000 145.057114 0.000000 -0.000000 0.000000 10.000001 0.000000 -33.697895 0.000000 0.000000 -50.546844 180.000000 180.000000 146.335800 0.000000 -0.000000 0.000000 20.000002 -0.000001 -37.781746 180.000000 -180.000000 123.327385 0.000000 0.000000 -37.743965
-178.865921 5.354384 282.033356 162.952133 -173.765289 -178.569824 158.962219 169.542175 165.636475 16.775982 26.572588 -12.408261 27.773251 -40.973022 6.508126 148.544098 -176.848694 173.551453 21.685606 11.216676 -2.018223 55.050465 17.783419 -6.103149 176.602036 175.349472 -179.463791 176.602905 175.405991 -178.918976 163.937988 176.322876 -179.917084 179.999847 -177.132141 178.807175 179.999863 -176.654099 178.764526 4.472686 -2.398347 -0.921515 6.155055 -9.629031 5.555090 177.030853 -154.725021 -124.350723 37.000832 -14.089160 4.052153 1.067424 -36.350803 -36.724495 47.961834 55.053356 9.366261 0.000001 0.000003 39.295395 0.000000 -0.000000 16.373159 0.000000 -0.000000 0.000000 15.000000 -0.000009 39.851021 180.000000 179.999985 -147.394623 180.000000 -179.999985 -157.134888 0.000000 -0.000000 0.000000 0.000001 0.000003 47.937344 0.000003 -0.000002 54.388554 0.000002 -0.000004 39.351257 0.000000 -0.000000 0.000000 170.000000 179.999985 -129.334900 0.000000 -0.000000 54.255272 180.000000 -179.999985 -140.088272 0.000000 -0.000000 0.000000 160.000015 -179.999985 -163.046417 0.000002 0.000007 25.430393 0.000000 -0.000000 16.936642 4.359030 -6.708320 -7.917880 157.808334 169.985733 109.170547 158.662430 -173.804489 178.045013 1.652400 -36.377674 18.365509 117.500153 121.311485 156.888168 0.000003 0.000003 -35.402477 0.000001 0.000005 -12.701236 0.000000 -0.000000 0.000000 165.000015 -180.000000 141.725235 0.000002 0.000000 -31.315727 180.000000 -180.000000 158.078995 0.000000 -0.000000 0.000000 0.000000 0.000000 -35.036819 0.000000 0.000000 -52.555214 180.000000 180.000000 144.998230 0.000000 -0.000000 0.000000 10.000000 0.000001 -33.762897 180.000000 180.000000 129.355652 0.000000 -0.000001 -33.729126 0.000000 -0.000000 0.000000 20.000002 -0.000002 -37.890873 0.000000 -0.000000 -56.836319 0.000000 0.000000 -37.852985
-178.810471 5.351003 281.992828 163.414825 -173.789307 -178.618973 159.263016 170.738739 165.591660 17.443579 28.748314 -12.151311 26.607492 -41.944942 6.889535 148.559799 -177.350128 173.190582 20.960688 10.956572 -2.206988 54.648396 21.210846 -8.386318 176.594803 175.343613 -179.453354 176.595673 175.399734 -178.900986 163.901215 176.309265 -179.900192 179.999893 -177.181244 178.857819 179.999908 -176.711426 178.816986 4.506362 -2.358908 -0.888182 6.152427 -9.615899 5.580737 176.719452 -154.912918 -124.082954 36.997822 -14.126065 4.043296 1.087014 -36.575302 -36.500420 47.420670 54.879669 8.783277 0.000001 0.000003 39.262726 0.000003 -0.000000 16.350960 0.000000 -0.000000 0.000000 15.000002 0.000005 39.869236 0.000000 -0.000000 32.620289 180.000000 179.999985 -157.121445 0.000000 -0.000000 0.000000 0.000000 -0.000000 47.503082 0.000003 -0.000002 54.403076 180.000000 179.999985 -140.744797 0.000000 -0.000000 0.000000 170.000000 179.999985 -129.573257 180.000000 179.999985 -125.730270 180.000000 179.999985 -140.134354 0.000000 -0.000000 0.000000 160.000015 -180.000000 -162.912781 0.000011 0.000001 25.630827 0.000003 -0.000001 17.070127 4.451299 -6.700650 -7.922066 157.988098 170.086685 109.482574 158.481979 -173.801910 178.025879 1.865312 -36.386421 18.570021 117.731972 121.413208 157.147629 0.000003 0.000002 -35.455933 180.000000 179.999985 167.272034 0.000000 -0.000000 0.000000 165.000000 -179.999985 141.738876 0.000001 0.000002 -31.304550 0.000001 -0.000003 -21.913189 0.000000 -0.000000 0.000000 0.000001 -0.000002 -35.180412 0.000001 -0.000002 -52.770607 180.000000 180.000000 144.854767 0.000000 -0.000000 0.000000 10.000002 0.000001 -33.820080 180.000000 -180.000000 129.269897 0.000000 -0.000001 -33.786255 0.000000 -0.000000 0.000000 20.000000 -0.000001 -38.101315 180.000000 180.000000 122.848030 180.000000 -180.000000 141.936798
-178.761902 5.344818 281.958221 163.813126 -173.824234 -178.671875 159.572800 172.031036 165.642380 18.414490 31.004902 -11.901292 25.134357 -42.909603 7.461555 148.520111 -177.789856 172.903351 20.356684 10.708728 -2.374068 55.068695 23.821838 -10.228701 176.594803 175.327896 -179.440567 176.595688 175.383743 -178.879044 163.897247 176.287216 -179.878052 179.999924 -177.215317 178.892258 179.999939 -176.751175 178.852676 4.480923 -2.332045 -0.863834 6.091644 -9.647779 5.611159 176.506958 -155.147385 -123.758728 37.023354 -14.156654 3.996253 1.075776 -36.833424 -36.238575 46.969120 54.780403 8.312961 180.000000 179.999985 -140.787415 0.000002 -0.000007 16.313145 0.000000 -0.000000 0.000000 15.000004 -0.000006 39.752323 0.000000 -0.000000 32.524612 180.000000 180.000000 -157.207748 0.000000 -0.000000 0.000000 180.000000 180.000000 -133.003433 180.000000 180.000000 -125.582382 0.000006 0.000005 39.140743 0.000000 -0.000000 0.000000 170.000000 180.000000 -129.623734 0.000002 0.000003 54.272724 0.000001 0.000003 39.855816 0.000000 -0.000000 0.000000 160.000015 179.999985 -162.740128 0.000003 -0.000004 25.889797 0.000000 -0.000000 17.242601 4.567590 -6.701220 -7.939555 158.150131 170.170883 109.798820 158.281281 -173.737503 178.046478 2.139795 -36.328110 18.649982 117.749535 121.505394 157.187714 180.000000 180.000000 144.491501 0.000000 0.000000 -12.754253 0.000000 -0.000000 0.000000 165.000000 -180.000000 141.737198 0.000000 -0.000002 -31.305925 0.000002 -0.000003 -21.914143 0.000000 -0.000000 0.000000 0.000000 0.000000 -35.222969 180.000000 180.000000 127.165543 180.000000 180.000000 144.812256 0.000000 -0.000000 0.000000 10.000001 -0.000000 -33.942039 0.000001 -0.000001 -50.913059 0.000000 -0.000001 -33.908089 0.000000 -0.000000 0.000000 20.000002 -0.000001 -38.164436 180.000000 -180.000000 122.753319 180.000000 -180.000000 141.873718
-178.713425 5.335935 281.924438 164.240326 -173.865509 -178.737228 159.675568 173.029404 165.718018 19.486437 32.707806 -11.617025 23.643122 -43.596577 8.079826 148.439255 -178.230438 172.656448 19.844919 10.459241 -2.526974 55.379524 25.507252 -12.077954 176.581787 175.319321 -179.423645 176.582703 175.374435 -178.849823 163.831635 176.265488 -179.850983 179.999954 -177.257446 178.909119 179.999969 -176.800354 178.870117 4.470921 -2.297146 -0.849883 6.172368 -9.591111 5.640204 176.238007 -155.246170 -123.478088 36.968327 -14.203969 4.064536 1.256525 -36.980732 -36.131859 46.831047 54.840412 8.160294 180.000000 -179.999985 -140.920212 180.000000 -179.999985 -163.806412 0.000002 -0.000000 0.000002 15.000002 -0.000002 39.732780 0.000000 -0.000000 32.508648 0.000001 0.000007 22.777853 0.000002 -0.000000 0.000002 0.000002 -0.000001 48.828781 0.000000 -0.000000 54.352867 180.000000 179.999985 -140.457520 0.000002 -0.000000 0.000002 170.000000 179.999985 -130.186050 0.000000 -0.000000 54.304443 0.000000 -0.000000 39.744663 0.000002 -0.000000 0.000002 160.000015 -179.999985 -162.664505 180.000000 179.999985 -153.996765 0.000000 -0.000000 17.318157 4.640177 -6.687808 -7.958732 158.447800 170.244507 110.142578 158.082169 -173.780594 177.975281 2.360431 -36.388664 18.781599 116.992821 121.641281 156.458221 180.000000 180.000000 144.410309 179.999985 179.999985 167.199524 0.000000 -0.000000 0.000000 165.000015 180.000000 141.583054 0.000003 -0.000003 -31.432028 0.000001 -0.000003 -22.002419 0.000000 -0.000000 0.000000 180.000000 -180.000000 144.716980 0.000002 -0.000001 -52.924526 180.000000 -180.000000 144.752274 0.000000 -0.000000 0.000000 10.000001 0.000000 -34.004848 180.000000 -180.000000 128.992722 180.000000 180.000000 146.029144 0.000000 -0.000000 0.000000 20.000002 -0.000001 -38.270344 180.000000 180.000000 122.594475 180.000000 180.000000 141.767944
-178.670715 5.325511 281.895081 164.591522 -173.903046 -178.800034 159.767944 173.869247 165.795227 20.928244 34.044018 -11.119479 21.849764 -44.042065 8.807132 148.514816 -178.735199 172.402451 19.336226 10.202852 -2.674036 55.937618 25.840065 -13.285524 176.563980 175.315659 -179.406754 176.564957 175.369919 -178.820618 163.743942 176.246689 -179.824677 179.999985 -177.319260 178.916260 179.999985 -176.872482 178.877518 4.568520 -2.243160 -0.844685 6.236398 -9.541257 5.662442 176.093124 -155.380569 -123.174522 36.957691 -14.250658 4.084744 1.304133 -37.160599 -35.880379 46.749519 54.784706 8.075309 0.000002 -0.000001 39.111217 0.000000 0.000003 16.223642 180.000000 180.000000 -180.000000 15.000006 0.000002 39.706142 180.000000 180.000000 -147.513153 180.000000 -179.999985 -157.241791 180.000000 180.000000 -180.000000 180.000000 179.999985 -131.209656 180.000000 -179.999985 -125.645439 0.000003 -0.000001 39.534397 180.000000 180.000000 -180.000000 170.000000 179.999985 -130.864029 0.000000 -0.000000 54.338760 180.000000 -179.999985 -140.393463 180.000000 180.000000 -180.000000 160.000015 179.999985 -162.521439 0.000000 -0.000000 26.217846 180.000000 179.999985 -162.538910 4.764178 -6.633183 -7.995054 158.676270 170.307404 110.451576 157.928360 -173.786240 177.930588 2.563478 -36.409443 18.806446 116.894043 121.732834 156.380371 180.000000 -180.000000 144.357025 0.000004 -0.000001 -12.838562 0.000000 -0.000000 0.000000 165.000015 -180.000000 141.583176 180.000000 180.000000 148.568054 0.000001 -0.000002 -22.002369 0.000000 -0.000000 0.000000 180.000000 180.000000 144.636475 0.000002 -0.000001 -53.045307 180.000000 -180.000000 144.671829 0.000000 -0.000000 0.000000 10.000000 -0.000001 -34.042793 180.000000 180.000000 128.935806 180.000000 -180.000000 145.991257 0.000000 -0.000000 0.000000 19.999998 0.000000 -38.396255 0.000000 -0.000000 -57.594383 180.000000 -180.000000 141.642136
-178.635223 5.315670 281.870422 164.849304 -173.931915 -178.849823 160.304520 175.101028 166.122589 22.772820 35.699539 -10.240151 19.468050 -44.233604 9.712633 148.667877 -179.180969 172.202805 18.945742 10.006790 -2.786958 56.538834 24.656042 -13.999633 176.545425 175.316040 -179.393036 176.546402 175.369492 -178.796783 163.653595 176.233322 -179.804016 180.000000 -177.384323 178.914536 0.000000 -3.051630 -1.124244 4.691633 -2.185528 -0.845624 6.484030 -9.367021 5.687679 175.903381 -155.445984 -122.852386 36.998589 -14.298151 4.065876 1.488150 -37.290482 -35.827179 46.816257 54.707001 8.159904 180.000000 180.000000 -140.749420 180.000000 -179.999985 -163.648804 0.000000 -0.000000 0.000002 15.000000 -0.000003 39.492439 0.000002 0.000007 32.311985 0.000001 0.000003 22.618391 0.000000 -0.000000 0.000002 0.000000 -0.000000 48.605473 180.000000 -179.999985 -125.637466 0.000003 -0.000001 39.495331 0.000000 -0.000000 0.000002 170.000000 -179.999985 -131.422531 180.000000 179.999985 -125.636292 0.000000 -0.000000 39.489368 0.000000 -0.000000 0.000002 160.000000 -179.999985 -162.399582 0.000001 0.000003 26.400618 0.000001 0.000003 17.582809 4.989894 -6.522846 -8.045813 158.792160 170.360107 110.735428 157.817047 -173.712006 177.931366 2.778996 -36.377865 18.710524 116.817833 121.848839 156.326828 180.000000 -179.999985 144.280777 180.000000 -179.999985 167.104721 0.000000 -0.000000 0.000000 165.000015 -180.000000 141.591522 180.000000 180.000000 148.574875 0.000001 0.000000 -21.997581 0.000000 -0.000000 0.000000 0.000000 0.000000 -35.371685 0.000000 0.000000 -53.057545 180.000000 -180.000000 144.663666 0.000000 -0.000000 0.000000 9.999998 -0.000000 -34.096230 180.000000 -180.000000 128.855621 0.000000 0.000000 -34.062141 0.000000 -0.000000 0.000000 19.999998 0.000001 -38.410336 0.000000 0.000000 -57.615528 180.000000 -180.000000 141.628067
-178.603790 5.308304 281.847687 165.065628 -173.953827 -178.892334 161.142044 176.547745 166.629105 24.599323 37.375469 -9.089057 17.042086 -44.094368 10.591141 148.940002 -179.605820 172.035217 18.558628 9.890919 -2.874076 56.963627 22.718325 -14.663405 176.532776 175.312653 -179.381424 176.533813 175.365540 -178.776672 163.591370 176.219666 -179.786285 0.000014 -2.544195 -1.089456 0.000015 -2.968228 -1.128370 4.772734 -2.122923 -0.845230 6.765422 -9.166899 5.714371 175.675095 -155.452744 -122.575996 36.974464 -14.348933 4.180789 1.875382 -37.349323 -36.025856 46.901257 54.732368 8.247824 0.000000 -0.000000 39.252098 0.000000 -0.000000 16.351013 0.000000 -0.000000 0.000000 14.999999 0.000000 39.712490 0.000001 0.000003 32.492031 0.000008 0.000005 22.762890 0.000000 -0.000000 0.000000 180.000000 -179.999985 -130.938522 0.000003 -0.000002 54.342266 180.000000 -179.999985 -140.408905 0.000000 -0.000000 0.000000 170.000000 -179.999985 -129.407303 0.000000 0.000008 54.259724 180.000000 -179.999985 -140.102203 0.000000 -0.000000 0.000000 160.000000 -179.999985 -162.336258 0.000002 -0.000007 26.495617 180.000000 -179.999985 -162.353912 5.148942 -6.420490 -8.077364 158.941391 170.388901 110.995399 157.726654 -173.713333 177.878998 2.979521 -36.455101 18.601051 116.273697 121.957809 155.810135 0.000001 -0.000002 -35.765953 0.000000 -0.000003 -12.918290 0.000000 -0.000000 0.000000 165.000000 -180.000000 141.538193 180.000000 179.999985 148.531250 180.000000 -180.000000 157.971863 0.000000 -0.000000 0.000000 0.000000 0.000000 -35.383591 180.000000 -180.000000 126.924599 0.000001 -0.000002 -35.348206 0.000000 -0.000000 0.000000 9.999999 0.000001 -34.107052 180.000000 180.000000 128.839447 180.000000 -180.000000 145.927063 0.000000 -0.000000 0.000000 20.000002 -0.000000 -38.430073 0.000000 0.000000 -57.645111 0.000000 -0.000000 -38.391644
-178.579025 5.304590 281.828827 165.197113 -173.964523 -178.919495 162.122253 177.693756 167.312515 26.622643 38.424740 -7.781275 14.292859 -43.458054 11.491165 149.420639 179.944504 171.866058 18.073744 9.853895 -2.951172 56.758171 20.406681 -15.309633 176.514038 175.320328 -179.373947 176.515076 175.372528 -178.763504 163.502136 176.216675 -179.776550 0.000004 -2.449734 -1.092185 0.000001 -2.858023 -1.131195 4.969787 -2.039059 -0.846973 7.233904 -8.874330 5.724931 175.400513 -155.428650 -122.316582 37.006275 -14.396698 4.235549 1.872950 -37.502960 -35.709431 46.971954 54.675789 8.290589 180.000000 179.999985 -140.722275 0.000001 0.000007 16.370201 0.000002 0.000000 -0.000002 15.000004 0.000001 39.710171 180.000000 180.000000 -147.509857 0.000003 -0.000001 22.761168 0.000002 0.000000 -0.000002 0.000005 0.000002 49.077724 180.000000 180.000000 -125.658485 0.000000 -0.000000 39.594471 0.000002 0.000000 -0.000002 170.000000 -180.000000 -129.769897 0.000000 -0.000000 54.281246 0.000000 -0.000000 39.827217 0.000002 0.000000 -0.000002 160.000000 -180.000000 -162.242386 180.000000 -179.999985 -153.363571 0.000003 -0.000001 17.739855 5.409956 -6.273681 -8.109489 158.980911 170.410446 111.182884 157.708771 -173.693207 177.853973 3.139502 -36.517799 18.418818 116.054207 122.142921 155.633682 180.000000 180.000000 144.130630 0.000002 -0.000002 -12.991501 0.000000 -0.000000 0.000000 165.000015 180.000000 141.558334 180.000000 179.999985 148.547729 180.000000 -180.000000 157.983414 0.000000 -0.000000 0.000000 180.000000 -180.000000 144.609879 180.000000 -180.000000 126.914818 180.000000 -180.000000 144.645248 0.000000 -0.000000 0.000000 10.000001 -0.000001 -34.104668 180.000000 -180.000000 128.842987 0.000000 0.000000 -34.070560 0.000000 -0.000000 0.000000 20.000002 0.000001 -38.443039 0.000000 -0.000000 -57.664543 180.000000 180.000000 141.595413
-178.561874 5.304678 281.814636 165.233795 -173.966660 -178.928543 163.355759 178.942963 168.062439 28.959059 39.153782 -6.125215 11.236217 -42.339146 12.466118 149.963409 179.577759 171.730865 17.603096 9.903231 -2.999528 56.787128 17.954088 -15.548120 176.508850 175.322128 -179.371582 176.509888 175.374130 -178.759338 163.477341 176.215332 -179.773346 179.999985 -177.632858 178.909958 179.999985 -177.238327 178.871033 5.120364 -1.966334 -0.844597 7.539106 -8.639853 5.744864 175.301590 -155.546783 -122.021301 37.099678 -14.440079 4.231513 1.918913 -37.621582 -35.450981 47.028641 54.588852 8.316324 0.000000 -0.000004 39.326920 0.000003 -0.000000 16.411024 0.000000 -0.000000 0.000000 15.000006 -0.000000 39.555416 0.000006 -0.000005 32.363518 0.000004 0.000003 22.654465 0.000000 -0.000000 0.000000 180.000000 -179.999985 -131.272736 180.000000 180.000000 -125.642693 180.000000 -179.999985 -140.478912 0.000000 -0.000000 0.000000 170.000000 180.000000 -129.702881 0.000000 -0.000000 54.277370 0.000001 -0.000008 39.840355 0.000000 -0.000000 0.000000 160.000015 -179.999985 -162.134003 0.000000 -0.000000 26.798985 0.000003 -0.000004 17.848129 5.697354 -6.119418 -8.132294 158.921448 170.423203 111.311234 157.726837 -173.643463 177.868408 3.327339 -36.532097 18.110018 115.740669 122.327080 155.377075 180.000000 179.999985 144.060379 0.000004 -0.000005 -13.034534 180.000000 180.000000 -180.000000 165.000015 180.000000 141.573227 0.000000 0.000000 -31.440084 0.000000 0.000000 -22.008064 180.000000 180.000000 -180.000000 0.000001 0.000002 -35.368851 0.000001 -0.000000 -53.053276 0.000001 -0.000002 -35.333492 180.000000 180.000000 -180.000000 10.000000 -0.000000 -34.075325 0.000000 0.000000 -51.112999 0.000000 0.000000 -34.041245 180.000000 180.000000 -180.000000 20.000000 -0.000000 -38.389515 0.000000 0.000000 -57.584286 0.000000 0.000000 -38.351124
-178.548203 5.307335 281.802612 165.233795 -173.966660 -178.928543 164.978348 -179.594513 168.951004 30.634485 39.906441 -4.529983 8.625189 -40.969875 13.258586 150.514694 179.278351 171.609253 17.118900 10.064719 -3.027552 56.966408 15.055764 -15.610581 176.508850 175.322128 -179.371582 176.509888 175.374130 -178.759338 163.477341 176.215332 -179.773346 179.999985 -177.702087 178.922638 179.999985 -177.319092 178.884171 5.244131 -1.906145 -0.835546 7.873259 -8.379408 5.770605 175.173477 -155.619873 -121.789223 37.138580 -14.485339 4.340903 2.168845 -37.699162 -35.443768 47.059692 54.621056 8.315051 0.000002 -0.000004 39.235199 180.000000 179.999985 -163.676758 0.000000 -0.000000 0.000000 15.000008 0.000001 39.626659 180.000000 179.999985 -147.578186 180.000000 179.999985 -157.300369 0.000000 -0.000000 0.000000 180.000000 -179.999985 -131.868256 0.000000 -0.000000 54.381447 0.000001 0.000003 39.393631 0.000000 -0.000000 0.000000 170.000000 -179.999985 -129.345581 0.000002 0.000003 54.255939 180.000000 179.999985 -140.090317 0.000000 -0.000000 0.000000 160.000000 180.000000 -162.075104 0.000003 -0.000001 26.887335 0.000000 -0.000000 17.906967 5.947392 -5.990880 -8.140375 158.899338 170.397430 111.399857 157.712891 -173.655396 177.853699 3.527103 -36.584358 17.764189 115.339287 122.360069 155.007889 0.000004 -0.000001 -35.892151 180.000000 -180.000000 167.015930 0.000000 -0.000000 0.000000 165.000015 180.000000 141.638062 180.000000 180.000000 148.612961 0.000000 -0.000002 -21.970936 0.000000 -0.000000 0.000000 0.000000 0.000000 -35.328388 180.000000 180.000000 127.007393 0.000001 -0.000003 -35.293068 0.000000 -0.000000 0.000000 10.000000 0.000000 -34.029247 180.000000 -180.000000 128.956131 180.000000 180.000000 146.004776 0.000000 -0.000000 0.000000 20.000000 -0.000000 -38.310253 180.000000 -180.000000 122.534607 0.000000 0.000000 -38.271946
-178.534927 5.310846 281.791107 165.233795 -173.966660 -178.928543 166.093506 -178.854340 169.597870 32.079979 39.435349 -3.424667 6.390063 -39.241272 13.988905 151.081879 178.986618 171.483185 16.601919 10.311605 -3.045198 57.233704 12.256341 -15.560950 176.508850 175.322128 -179.371582 176.509888 175.374130 -178.759338 163.477341 176.215332 -179.773346 179.999985 -177.758865 178.946609 179.999985 -177.385345 178.908997 5.370632 -1.857321 -0.820657 8.118336 -8.179055 5.794543 175.136230 -155.787796 -121.581619 37.233730 -14.543211 4.384579 2.041879 -37.826748 -34.909962 47.061893 54.658676 8.291018 0.000000 -0.000000 39.141869 0.000000 -0.000000 16.235447 0.000000 -0.000000 0.000000 14.999999 -0.000005 39.578117 0.000003 -0.000001 32.382099 0.000001 0.000003 22.667469 0.000000 -0.000000 0.000000 0.000000 -0.000000 48.847221 0.000000 -0.000000 54.352043 0.000000 -0.000000 39.546352 0.000000 -0.000000 0.000000 170.000000 180.000000 -129.926270 180.000000 180.000000 -125.709839 0.000000 -0.000000 39.796391 0.000000 -0.000000 0.000000 160.000000 180.000000 -161.977264 0.000004 0.000003 27.034103 0.000003 -0.000004 18.004713 6.190652 -5.868312 -8.143793 158.833282 170.370499 111.447517 157.695465 -173.667908 177.836700 3.682121 -36.603725 17.433411 115.045929 122.502884 154.793335 0.000000 -0.000001 -35.871403 180.000000 180.000000 167.048157 0.000000 -0.000000 0.000000 165.000000 -180.000000 141.719788 0.000000 -0.000002 -31.320164 180.000000 180.000000 158.075897 0.000000 -0.000000 0.000000 180.000000 180.000000 144.742233 180.000000 180.000000 127.113335 0.000000 -0.000002 -35.222523 0.000000 -0.000000 0.000000 10.000001 0.000001 -33.969006 0.000000 -0.000000 -50.953491 180.000000 180.000000 146.064957 0.000000 -0.000000 0.000000 20.000002 0.000000 -38.183964 180.000000 -180.000000 122.724045 0.000000 0.000000 -38.145786
-178.492126 5.306403 281.770142 165.691406 -174.171204 -179.084900 166.491501 -178.155273 170.207962 33.614155 38.146202 -2.418015 4.282940 -37.038094 14.684432 151.086029 178.899139 171.580246 16.167704 10.584330 -3.053730 57.622078 9.328028 -15.370461 176.446274 175.410507 -179.328690 176.447449 175.458054 -178.689133 163.179657 176.230240 -179.693787 179.999985 -177.790573 178.976562 179.999985 -177.422333 178.940018 5.474363 -1.830694 -0.803279 8.378509 -7.945777 5.829923 175.121063 -155.978348 -121.387314 37.381592 -14.609628 4.356699 1.817887 -37.974579 -34.231995 47.014145 54.806934 8.243193 180.000000 -179.999985 -141.034134 180.000000 -179.999985 -163.923599 0.000000 -0.000000 0.000000 15.000000 0.000000 39.303936 180.000000 -179.999985 -147.842224 180.000000 -179.999985 -157.489578 0.000000 -0.000000 0.000000 0.000001 0.000003 47.738838 0.000003 -0.000002 54.395420 0.000000 -0.000000 39.307583 0.000000 -0.000000 0.000000 170.000000 180.000000 -130.202744 180.000000 179.999985 -125.694633 180.000000 -179.999985 -140.258682 0.000000 -0.000000 0.000000 160.000015 -179.999985 -161.919739 180.000000 -179.999985 -152.879608 0.000000 -0.000000 18.062183 6.454741 -5.712643 -8.150476 158.732208 170.355667 111.484734 157.653229 -173.669724 177.814438 3.751243 -36.560120 17.184828 114.916893 122.643303 154.752167 180.000000 -180.000000 144.161926 0.000003 0.000002 -12.919044 0.000000 -0.000000 0.000000 165.000015 180.000000 141.758072 0.000002 0.000000 -31.288851 180.000000 180.000000 158.097809 0.000000 -0.000000 0.000000 180.000000 180.000000 144.766861 0.000000 0.000000 -52.849751 180.000000 180.000000 144.802063 0.000000 -0.000000 0.000000 10.000001 -0.000000 -33.916370 180.000000 180.000000 129.125458 180.000000 -180.000000 146.117554 0.000000 -0.000000 0.000000 19.999994 -0.000000 -38.177223 180.000000 -180.000000 122.734154 0.000000 -0.000000 -38.139061
-178.446198 5.289127 281.749878 166.148392 -174.377029 -179.239594 167.340729 -177.131104 170.960526 34.150871 37.277641 -1.683213 2.782487 -34.846321 15.179418 150.994568 178.834152 171.687637 15.817677 10.875329 -3.065391 58.140167 6.010848 -15.056698 176.383530 175.499054 -179.286148 176.384811 175.542236 -178.619232 162.881912 176.244720 -179.614120 0.000005 -2.202698 -0.983341 0.000004 -2.569818 -1.018462 5.577769 -1.826211 -0.781755 8.597245 -7.725688 5.869264 175.128647 -156.139526 -121.249001 37.446129 -14.659193 4.434219 1.892417 -38.025215 -33.930187 46.761131 54.939125 7.995153 0.000002 -0.000001 38.761978 0.000000 0.000003 15.897788 0.000000 -0.000000 0.000000 15.000004 -0.000000 39.347633 0.000001 0.000003 32.193512 0.000003 -0.000001 22.535463 0.000000 -0.000000 0.000000 0.000000 -0.000000 46.976086 0.000003 -0.000002 54.418148 0.000004 0.000002 39.136066 0.000000 -0.000000 0.000000 170.000000 179.999985 -130.224579 180.000000 180.000000 -125.693474 0.000002 0.000006 39.736946 0.000000 -0.000000 0.000000 160.000015 180.000000 -161.952835 180.000000 179.999985 -152.929245 180.000000 -180.000000 -161.970871 6.679108 -5.554590 -8.158442 158.683090 170.319489 111.518692 157.534042 -173.696884 177.773499 3.795333 -36.577244 16.942966 114.798256 122.575928 154.633774 180.000000 -179.999985 144.241272 0.000000 -0.000002 -12.879367 0.000000 -0.000000 0.000000 165.000015 -180.000000 141.853439 0.000000 -0.000002 -31.210829 0.000001 -0.000002 -21.847576 0.000000 -0.000000 0.000000 180.000000 180.000000 144.805115 0.000000 0.000000 -52.792343 0.000000 0.000000 -35.159710 0.000000 -0.000000 0.000000 9.999999 0.000001 -33.896217 0.000000 0.000000 -50.844334 0.000000 0.000000 -33.862335 0.000000 -0.000000 0.000000 19.999996 -0.000000 -38.145874 180.000000 -180.000000 122.781204 0.000000 0.000000 -38.107719
-178.395111 5.258001 281.732147 166.683594 -174.663345 -179.448364 168.159225 -175.919830 171.779984 34.368904 36.254955 -1.048402 1.571636 -32.402943 15.550039 150.848541 178.774567 171.889816 15.466858 11.186268 -3.100765 58.659378 2.966797 -14.797668 176.383865 175.462128 -179.232803 176.384857 175.503418 -178.528320 162.870346 176.169373 -179.514130 0.000075 -2.327901 -0.890597 0.000056 -2.716040 -0.922082 5.228798 -1.943066 -0.723369 8.330028 -7.894030 6.017117 175.145416 -156.277649 -121.138611 37.537487 -14.710781 4.459836 1.823682 -38.064804 -33.472549 46.421944 55.026062 7.699455 180.000000 180.000000 -141.339798 180.000000 179.999985 -164.182632 0.000000 -0.000000 0.000000 15.000000 -0.000009 39.301476 0.000001 0.000003 32.155750 180.000000 180.000000 -157.490967 0.000000 -0.000000 0.000000 180.000000 179.999985 -133.811646 0.000006 -0.000003 54.435356 0.000001 0.000003 38.952709 0.000000 -0.000000 0.000000 170.000000 179.999985 -130.765091 0.000003 -0.000002 54.334034 0.000003 -0.000001 39.626984 0.000000 -0.000000 0.000000 160.000000 -180.000000 -161.969803 0.000000 0.000002 27.045282 0.000000 -0.000000 18.012161 6.418409 -5.764553 -8.051114 158.605270 170.345718 111.565865 157.412140 -173.692383 177.716309 3.767361 -36.585545 16.814627 114.736809 122.638626 154.628983 180.000000 180.000000 144.291565 0.000003 0.000000 -12.854228 0.000000 -0.000000 0.000000 165.000000 -180.000000 141.899933 180.000000 -179.999985 148.827225 0.000001 -0.000005 -21.820942 0.000000 -0.000000 0.000000 0.000000 0.000000 -35.139950 0.000000 0.000000 -52.709930 0.000000 -0.000002 -35.104813 0.000000 -0.000000 0.000000 9.999999 -0.000001 -33.879025 0.000000 0.000000 -50.818527 180.000000 180.000000 146.154861 0.000000 -0.000000 0.000000 20.000000 0.000001 -38.084690 180.000000 -180.000000 122.872986 180.000000 180.000000 141.953400
-178.342743 5.215828 281.723328 167.257187 -174.997726 -179.687683 168.661850 -174.765778 172.515488 34.924599 34.563393 -0.338872 0.317877 -29.476883 15.819063 150.608047 178.748520 172.170410 15.189707 11.441938 -3.149276 59.248463 -0.007910 -14.360531 176.383652 175.423737 -179.171524 176.384537 175.463089 -178.424301 162.853622 176.086243 -179.399109 0.000104 -2.477962 -0.791909 0.000089 -2.891171 -0.819677 4.851555 -2.081640 -0.661273 8.049011 -8.079204 6.179267 175.156876 -156.423599 -121.024529 37.666027 -14.764900 4.445389 1.681512 -38.122974 -32.911476 45.928127 55.108315 7.243517 0.000002 -0.000001 38.506672 0.000004 0.000003 15.693289 0.000000 -0.000000 0.000000 15.000002 -0.000006 39.049465 0.000003 -0.000001 31.949554 0.000003 -0.000001 22.364687 0.000000 -0.000000 0.000000 0.000002 -0.000004 45.356232 0.000000 -0.000000 54.446434 0.000001 0.000003 38.752018 0.000000 -0.000000 0.000000 170.000000 -180.000000 -131.184052 180.000000 179.999985 -125.646576 180.000000 179.999985 -140.460220 0.000000 -0.000000 0.000000 160.000015 180.000000 -162.037979 0.000003 -0.000001 26.943047 0.000007 -0.000001 17.944069 6.142657 -5.986112 -7.936910 158.472412 170.435806 111.634651 157.306549 -173.638016 177.647552 3.677047 -36.589249 16.771080 114.649780 122.715607 154.597305 0.000000 0.000000 -35.674408 180.000000 -180.000000 167.162781 0.000000 -0.000000 0.000000 165.000000 -180.000000 141.936600 0.000000 -0.000002 -31.142788 180.000000 -179.999985 158.200058 0.000000 -0.000000 0.000000 0.000000 0.000000 -35.120182 0.000001 0.000000 -52.680279 180.000000 180.000000 144.914932 0.000000 -0.000000 0.000000 9.999996 -0.000001 -33.844715 180.000000 180.000000 129.232925 0.000000 0.000000 -33.810879 0.000000 -0.000000 0.000000 20.000002 -0.000001 -38.096729 0.000000 0.000000 -57.145107 0.000000 0.000000 -38.058640
-178.291687 5.166177 281.720001 167.828949 -175.334381 -179.923447 169.324432 -173.396118 173.312027 35.141994 33.260715 0.358478 179.293686 -153.303604 -164.094055 150.347824 178.681229 172.465042 14.958759 11.642430 -3.214687 59.931309 -3.227385 -13.667698 176.388107 175.367645 -179.110672 176.389221 175.405807 -178.320572 162.856155 175.992599 -179.286743 0.000124 -2.642487 -0.698910 0.000124 -3.083095 -0.723329 4.425381 -2.232578 -0.600484 7.706158 -8.339478 6.341917 175.155518 -156.545456 -120.924454 37.779068 -14.808697 4.451491 1.648432 -38.192268 -32.616016 45.546993 55.169998 6.868664 0.000001 0.000003 38.341988 0.000000 -0.000000 15.554269 0.000000 -0.000000 0.000000 15.000004 -0.000003 39.011406 0.000000 -0.000000 31.918427 0.000001 0.000007 22.342892 0.000000 -0.000000 0.000000 0.000003 -0.000001 47.260544 0.000000 -0.000000 54.410378 0.000008 0.000001 39.200726 0.000000 -0.000000 0.000000 170.000000 180.000000 -131.344559 0.000006 -0.000003 54.360424 180.000000 179.999985 -140.494080 0.000000 -0.000000 0.000000 160.000015 180.000000 -162.054367 180.000000 180.000000 -153.081528 0.000000 -0.000000 17.927700 5.803964 -6.268324 -7.808960 158.465240 170.451599 111.683723 157.074432 -173.653122 177.590668 3.575294 -36.618275 16.746006 114.574982 122.645378 154.502533 0.000005 -0.000003 -35.634727 0.000002 -0.000005 -12.817363 0.000000 -0.000000 0.000000 165.000015 179.999985 142.010590 0.000000 -0.000002 -31.082251 0.000000 -0.000002 -21.757570 0.000000 -0.000000 0.000000 180.000000 -180.000000 144.932831 0.000000 0.000000 -52.600765 180.000000 180.000000 144.967880 0.000000 -0.000000 0.000000 10.000001 -0.000001 -33.829765 0.000000 0.000000 -50.744656 180.000000 -180.000000 146.204071 0.000000 -0.000000 0.000000 20.000000 -0.000000 -38.043186 180.000000 -180.000000 122.935211 0.000000 0.000000 -38.005150
-178.271545 5.118999 281.731537 167.946381 -175.461044 179.989334 170.593140 -172.015350 173.991638 35.302624 31.990768 1.221486 178.252823 -156.238266 -164.175537 150.540619 178.419693 172.548340 14.745958 11.813696 -3.273238 60.547470 -6.040802 -12.977651 176.457825 175.214203 -179.091705 176.459106 175.255356 -178.286285 163.166122 175.881836 -179.258102 0.000117 -2.811341 -0.610763 0.000123 -3.280000 -0.632202 3.971865 -2.386892 -0.540082 7.327833 -8.635136 6.499985 175.147675 -156.665939 -120.825394 37.833122 -14.840270 4.544231 1.632360 -38.303387 -32.350609 44.971466 55.201683 6.366324 0.000001 0.000003 38.282749 0.000000 -0.000000 15.519962 0.000000 -0.000000 0.000000 15.000006 -0.000001 38.947971 0.000000 -0.000000 31.866518 180.000000 180.000000 -157.693436 0.000000 -0.000000 0.000000 0.000000 -0.000000 47.087646 0.000000 -0.000000 54.415192 0.000003 -0.000001 39.161526 0.000000 -0.000000 0.000000 170.000000 -180.000000 -131.714005 180.000000 -180.000000 -125.624474 180.000000 180.000000 -140.573029 0.000000 -0.000000 0.000000 160.000000 179.999985 -162.032333 0.000000 0.000002 26.951504 0.000003 -0.000002 17.949701 5.431285 -6.581031 -7.682032 158.464813 170.484802 111.740379 156.830261 -173.651733 177.536240 3.500217 -36.650139 16.717508 114.513153 122.670563 154.479889 0.000000 0.000000 -35.579147 180.000000 -180.000000 167.210419 0.000000 -0.000000 0.000000 165.000015 180.000000 142.082443 0.000002 -0.000001 -31.023464 0.000000 0.000000 -21.716425 0.000000 -0.000000 0.000000 180.000000 -180.000000 144.972961 0.000000 -0.000001 -52.540565 0.000000 0.000000 -34.992012 0.000000 -0.000000 0.000000 10.000001 -0.000001 -33.806095 180.000000 -180.000000 129.290863 0.000000 0.000000 -33.772285 0.000000 -0.000000 0.000000 20.000000 -0.000000 -37.951294 180.000000 180.000000 123.073059 0.000000 -0.000000 -37.913345
-178.250977 5.080564 281.758789 168.152618 -175.684952 179.827179 171.077393 -171.026688 174.477203 36.168934 29.579521 2.170216 177.097717 -159.637085 -164.446320 150.602203 178.216354 172.737930 14.594833 11.923584 -3.315158 61.116341 -8.644435 -11.989592 176.522583 175.083145 -179.053070 176.524185 175.126144 -178.220093 163.448883 175.769760 -179.189774 179.999908 -177.026093 179.496964 179.999908 -176.530426 179.479019 3.543422 -2.535768 -0.466199 6.891487 -9.004060 6.667014 175.180038 -156.851196 -120.725327 37.897823 -14.888390 4.616002 1.763218 -38.432842 -32.281178 44.671474 55.272522 6.169449 0.000001 0.000007 38.322460 0.000000 -0.000000 15.571194 0.000000 -0.000000 0.000000 15.000004 -0.000004 38.876194 180.000000 179.999985 -148.192230 180.000000 179.999985 -157.734543 0.000000 -0.000000 0.000000 180.000000 -179.999985 -133.116516 180.000000 179.999985 -125.579491 0.000006 0.000005 39.114841 0.000000 -0.000000 0.000000 170.000000 -179.999985 -131.768784 180.000000 -179.999985 -125.622353 0.000000 -0.000000 39.415157 0.000000 -0.000000 0.000000 160.000000 179.999985 -162.105881 0.000000 -0.000000 26.841179 0.000000 -0.000000 17.876221 5.027463 -6.918716 -7.550386 158.471390 170.549545 111.809586 156.565887 -173.647156 177.475418 3.416103 -36.632343 16.775112 114.485519 122.682861 154.489014 0.000003 0.000001 -35.516823 180.000000 180.000000 167.241592 0.000000 -0.000000 0.000000 165.000015 -180.000000 142.170593 0.000002 -0.000001 -30.951330 180.000000 -180.000000 158.334076 0.000000 -0.000000 0.000000 180.000000 180.000000 144.981033 0.000000 0.000001 -52.528446 180.000000 -180.000000 145.016068 0.000000 -0.000000 0.000000 9.999998 -0.000002 -33.781803 180.000000 180.000000 129.327286 0.000000 -0.000000 -33.748028 0.000000 -0.000000 0.000000 19.999998 -0.000000 -37.954433 180.000000 -180.000000 123.068344 0.000000 0.000000 -37.916485
-178.234787 5.053054 281.793488 168.315186 -175.860092 179.693375 171.532288 -170.157166 174.828949 36.903095 27.298443 3.106196 176.101517 -162.773483 -164.871048 150.672012 177.957062 172.857788 14.482512 11.996754 -3.332903 61.655422 -11.368381 -10.630219 176.524673 175.075974 -179.020081 176.526367 175.117752 -178.165054 163.450317 175.735992 -179.125320 179.999847 -176.986618 179.563370 179.999847 -176.484375 179.547775 3.546571 -2.572552 -0.427835 6.884001 -9.009998 6.713024 175.209045 -156.991425 -120.644035 37.867165 -14.904385 4.773283 1.852107 -38.598236 -32.192005 44.658432 55.325016 6.141247 0.000001 0.000003 38.232529 0.000003 -0.000000 15.489672 0.000000 -0.000000 0.000000 15.000000 -0.000004 38.896164 180.000000 -179.999985 -148.175858 179.999985 -179.999985 -157.723099 0.000000 -0.000000 0.000000 180.000000 -179.999985 -133.118042 0.000000 -0.000000 54.420567 180.000000 179.999985 -140.885498 0.000000 -0.000000 0.000000 170.000000 180.000000 -131.774323 180.000000 179.999985 -125.622154 180.000000 179.999985 -140.586029 0.000000 -0.000000 0.000000 160.000015 179.999985 -162.086838 0.000006 -0.000003 26.869759 180.000000 179.999985 -162.104752 5.022620 -6.928330 -7.538122 158.537155 170.571793 111.860344 156.268173 -173.676773 177.431778 3.313438 -36.633118 16.849770 114.441490 122.576309 154.405640 0.000004 -0.000001 -35.479305 0.000004 -0.000001 -12.739649 0.000000 -0.000000 0.000000 165.000015 180.000000 142.260468 180.000000 180.000000 149.122208 180.000000 180.000000 158.385544 0.000000 -0.000000 0.000000 0.000000 0.000000 -34.988472 180.000000 180.000000 127.517281 180.000000 180.000000 145.046494 0.000000 -0.000000 0.000000 10.000000 -0.000000 -33.785347 0.000000 0.000000 -50.678028 0.000000 -0.000000 -33.751572 0.000000 -0.000000 0.000000 20.000002 0.000000 -37.962383 0.000000 -0.000000 -56.943592 0.000000 0.000000 -37.924423
-178.221527 5.034613 281.824402 168.438278 -175.988861 179.592499 172.060013 -169.332703 175.061646 37.497482 24.847918 4.122720 175.160339 -165.998306 -165.466888 150.802841 177.611893 172.909409 14.346415 12.066983 -3.351079 62.058861 -13.680638 -9.323863 176.530487 175.064316 -178.994629 176.532242 175.105347 -178.122559 163.470596 175.706543 -179.075104 179.999817 -176.968719 179.621719 179.999817 -176.463486 179.608215 3.564575 -2.590335 -0.393843 6.871742 -9.004367 6.742955 175.274826 -157.148941 -120.582588 37.857754 -14.945051 4.867579 1.763727 -38.736053 -31.952366 44.688828 55.350445 6.191632 0.000000 -0.000000 38.255016 0.000003 -0.000004 15.511011 0.000000 -0.000000 0.000000 14.999995 -0.000008 38.928120 180.000000 179.999985 -148.149719 180.000000 180.000000 -157.704803 0.000000 -0.000000 0.000000 180.000000 179.999985 -133.506165 180.000000 180.000000 -125.570541 0.000006 0.000005 39.024574 0.000000 -0.000000 0.000000 170.000000 -180.000000 -132.031815 180.000000 179.999985 -125.612564 179.999985 -180.000000 -140.642014 0.000000 -0.000000 0.000000 160.000015 180.000000 -162.123718 0.000000 -0.000000 26.814421 0.000000 -0.000000 17.858404 5.009412 -6.917977 -7.529353 158.624222 170.581879 111.895210 155.932098 -173.729355 177.402390 3.243329 -36.627243 16.949272 114.401802 122.532143 154.374435 0.000000 0.000000 -35.412800 0.000002 -0.000002 -12.706398 0.000000 -0.000000 0.000000 165.000015 -180.000000 142.394226 0.000000 -0.000002 -30.768360 0.000001 -0.000002 -21.537853 0.000000 -0.000000 0.000000 0.000000 0.000000 -34.964409 0.000002 -0.000001 -52.446625 0.000001 -0.000002 -34.929447 0.000000 -0.000000 0.000000 10.000000 0.000001 -33.780224 180.000000 180.000000 129.329666 0.000000 0.000000 -33.746445 0.000000 -0.000000 0.000000 20.000000 -0.000000 -37.952900 0.000000 -0.000000 -56.929344 0.000000 0.000000 -37.914948
-178.206055 5.022310 281.860596 168.612839 -176.161514 179.457245 172.411331 -168.637115 175.233398 38.118668 21.695421 5.158117 174.164108 -169.686142 -166.265137 150.857788 177.321533 173.011429 14.221753 12.121178 -3.355898 62.306870 -15.725430 -7.784450 176.531799 175.076065 -178.959091 176.533630 175.115433 -178.063995 163.469406 175.683441 -179.001724 179.999847 -176.962494 179.678116 179.999832 -176.456223 179.666626 3.582740 -2.597843 -0.360524 6.857678 -8.976227 6.766895 175.372345 -157.337021 -120.540283 37.815655 -14.980312 4.999398 1.824707 -38.874187 -31.837488 44.688217 55.320190 6.155691 0.000002 -0.000001 38.216045 0.000000 -0.000000 15.472941 0.000000 -0.000000 0.000000 15.000000 0.000001 38.874489 0.000000 -0.000000 31.806398 0.000003 -0.000001 22.264471 0.000000 -0.000000 0.000000 0.000000 -0.000000 46.659981 0.000008 -0.000000 54.425831 180.000000 -179.999985 -140.936752 0.000000 -0.000000 0.000000 170.000000 -180.000000 -132.137726 0.000001 -0.000005 54.391201 180.000000 -179.999985 -140.665222 0.000000 -0.000000 0.000000 160.000015 179.999985 -162.154037 0.000007 -0.000002 26.768961 0.000004 0.000001 17.828127 4.992739 -6.884007 -7.523827 158.606766 170.676025 111.945763 155.655090 -173.722412 177.372269 3.189228 -36.602604 17.100006 114.281433 122.507240 154.264648 180.000000 179.999985 144.642822 0.000004 -0.000001 -12.678595 0.000000 -0.000000 0.000000 165.000015 -180.000000 142.507248 180.000000 -180.000000 149.324127 0.000001 -0.000003 -21.473116 0.000000 -0.000000 0.000000 180.000000 180.000000 145.055481 0.000001 -0.000002 -52.416786 180.000000 180.000000 145.090424 0.000000 -0.000000 0.000000 10.000000 0.000001 -33.780251 0.000000 -0.000000 -50.670391 180.000000 -180.000000 146.253510 0.000000 -0.000000 0.000000 20.000002 -0.000001 -37.975338 0.000000 -0.000000 -56.963005 0.000000 -0.000000 -37.937363
-178.188797 5.014289 281.901520 168.824371 -176.365753 179.301788 172.639771 -168.056290 175.339859 38.513626 18.697296 6.050028 173.351654 -173.057007 -167.110886 150.920593 177.031708 173.148895 14.065920 12.184356 -3.365856 62.440079 -17.805979 -5.949852 176.531784 175.097122 -178.917450 176.533722 175.134445 -177.995499 163.461533 175.661087 -178.914612 179.999939 -176.967148 179.735779 179.999939 -176.461655 179.726349 3.604069 -2.595913 -0.326103 6.807612 -8.986518 6.793529 175.475342 -157.511322 -120.525597 37.792835 -15.001027 5.080617 1.805220 -38.988617 -31.662613 44.521633 55.301937 5.929125 180.000000 180.000000 -141.936188 180.000000 -179.999985 -164.664795 0.000000 -0.000000 0.000000 15.000000 -0.000000 38.875500 0.000004 0.000002 31.807220 0.000000 -0.000000 22.265053 0.000000 -0.000000 0.000000 180.000000 179.999985 -133.391434 180.000000 -180.000000 -125.573013 180.000000 -179.999985 -140.948685 0.000000 -0.000000 0.000000 170.000000 -179.999985 -132.181549 180.000000 -179.999985 -125.607285 0.000004 0.000002 39.325138 0.000000 -0.000000 0.000000 160.000000 -179.999985 -162.098679 180.000000 -180.000000 -153.148010 180.000000 -180.000000 -162.116592 4.936013 -6.887948 -7.504107 158.603119 170.759964 111.977417 155.387070 -173.747055 177.354187 3.094116 -36.585197 17.276777 114.225731 122.475388 154.187576 180.000000 179.999985 144.637527 180.000000 180.000000 167.318771 0.000000 -0.000000 0.000003 165.000000 180.000000 142.543808 180.000000 180.000000 149.354019 0.000001 0.000002 -21.452185 0.000000 -0.000000 0.000003 0.000000 0.000000 -34.943958 180.000000 180.000000 127.584068 0.000000 -0.000002 -34.909008 0.000000 -0.000000 0.000003 10.000000 -0.000000 -33.792919 0.000000 -0.000000 -50.689381 0.000000 -0.000000 -33.759132 0.000000 -0.000000 0.000003 20.000002 -0.000000 -37.981571 180.000000 -180.000000 123.027649 0.000000 0.000000 -37.943592
-178.175873 5.008843 281.933899 168.965454 -176.488235 179.210846 172.929932 -167.618759 175.327179 38.791771 15.558350 6.903944 172.543991 -176.455032 -168.032974 151.109131 176.633133 173.183990 13.867880 12.252316 -3.374767 62.471664 -19.536625 -4.353371 176.537842 175.096619 -178.892242 176.539825 175.133041 -177.953873 163.484024 175.639755 -178.862305 179.999954 -176.977341 179.759613 179.999954 -176.473557 179.751038 3.576646 -2.588290 -0.309709 6.798859 -8.943130 6.813128 175.553986 -157.648575 -120.538933 37.817738 -15.045109 5.113792 1.617290 -39.093952 -31.340347 44.347275 55.257603 5.695731 0.000001 0.000003 37.937977 0.000001 0.000007 15.221676 0.000000 -0.000000 0.000000 15.000000 0.000001 38.829956 180.000000 -179.999985 -148.230042 180.000000 180.000000 -157.761017 0.000000 -0.000000 0.000000 0.000003 -0.000001 46.219814 180.000000 179.999985 -125.565201 0.000004 0.000002 38.960152 0.000000 -0.000000 0.000000 170.000000 -180.000000 -132.461075 0.000003 -0.000002 54.401966 0.000002 0.000006 39.263203 0.000000 -0.000000 0.000000 160.000000 179.999985 -162.010818 0.000003 -0.000002 26.983786 0.000003 -0.000001 17.971207 4.896510 -6.890200 -7.481669 158.565445 170.845367 111.997780 155.106522 -173.771332 177.349564 3.054832 -36.558319 17.450750 114.024483 122.515907 154.029129 180.000000 -180.000000 144.694397 0.000005 0.000001 -12.652804 0.000000 -0.000000 0.000000 165.000015 180.000000 142.563782 180.000000 -180.000000 149.370361 180.000000 180.000000 158.559265 0.000000 -0.000000 0.000000 0.000000 0.000000 -34.964462 0.000000 0.000000 -52.446709 0.000000 0.000000 -34.929504 0.000000 -0.000000 0.000000 10.000001 -0.000001 -33.812378 0.000000 0.000000 -50.718555 0.000000 0.000000 -33.778561 0.000000 -0.000000 0.000000 20.000000 -0.000000 -37.999397 180.000000 180.000000 123.000900 0.000000 0.000000 -37.961403
-178.165497 5.004645 281.961853 169.072159 -176.579300 179.145920 173.126633 -167.351868 175.274582 39.135765 11.897567 7.694441 171.618546 179.793640 -169.102600 151.310745 176.256882 173.192963 13.693299 12.307959 -3.378469 62.337074 -21.066885 -2.592519 176.542023 175.097198 -178.874069 176.544067 175.132950 -177.923889 163.499481 175.625031 -178.824432 179.999985 -176.995026 179.773422 179.999985 -176.494186 179.765320 3.569678 -2.573697 -0.299925 6.816282 -8.897934 6.831118 175.647293 -157.840805 -120.572495 37.901527 -15.112426 5.104244 1.566546 -39.186260 -31.168772 44.290844 55.209538 5.589339 180.000000 -179.999985 -142.129150 180.000000 -179.999985 -164.841171 0.000000 -0.000000 0.000000 15.000006 0.000003 38.766823 180.000000 -179.999985 -148.281693 180.000000 179.999985 -157.797180 0.000000 -0.000000 0.000000 0.000001 0.000003 45.942200 0.000002 0.000003 54.439396 180.000000 -179.999985 -141.105911 0.000000 -0.000000 0.000000 170.000000 -180.000000 -132.489090 0.000000 -0.000000 54.402843 180.000000 -179.999985 -140.743042 0.000000 -0.000000 0.000000 160.000015 180.000000 -161.971497 180.000000 -180.000000 -152.957230 0.000000 -0.000000 18.010479 4.913229 -6.860834 -7.462976 158.519135 170.946365 112.023239 154.766327 -173.803299 177.340897 3.054762 -36.497925 17.639446 113.853584 122.573784 153.919876 180.000000 -179.999985 144.769104 180.000000 -179.999985 167.384552 0.000000 -0.000000 0.000000 165.000015 -180.000000 142.571243 0.000002 0.000000 -30.623522 180.000000 180.000000 158.563522 0.000000 -0.000000 0.000000 180.000000 180.000000 145.016479 0.000001 0.000000 -52.475281 0.000000 0.000000 -34.948544 0.000000 -0.000000 0.000000 10.000001 -0.000001 -33.844383 180.000000 -180.000000 129.233429 0.000000 -0.000000 -33.810532 0.000000 -0.000000 0.000000 20.000000 -0.000001 -38.042393 0.000000 -0.000000 -57.063602 0.000000 0.000000 -38.004364
-178.155441 5.001063 281.989960 169.178741 -176.670486 179.081161 173.214981 -167.200150 175.226349 39.377663 8.609194 8.284739 170.843292 176.466110 -170.101746 151.507401 175.862762 173.199600 13.586890 12.356846 -3.363571 62.036690 -22.717199 -0.445440 176.558868 175.084198 -178.857773 176.560974 175.119873 -177.897186 163.573639 175.605331 -178.787476 179.999985 -176.997223 179.785751 179.999985 -176.496765 179.778091 3.480774 -2.572765 -0.288302 6.735648 -8.908259 6.872185 175.706070 -157.997101 -120.615829 37.946323 -15.137832 5.149257 1.609963 -39.281826 -31.074495 44.182190 55.184978 5.441612 0.000002 -0.000001 37.784130 0.000000 -0.000000 15.080902 0.000000 -0.000000 0.000000 15.000002 -0.000004 38.784248 0.000001 0.000003 31.732574 180.000000 179.999985 -157.787201 0.000000 -0.000000 0.000000 0.000000 -0.000000 45.705944 180.000000 -180.000000 -125.557335 180.000000 -179.999985 -141.162766 0.000000 -0.000000 0.000000 170.000000 179.999985 -132.504608 180.000000 179.999985 -125.596687 0.000004 0.000002 39.253483 0.000000 -0.000000 0.000000 160.000015 179.999985 -161.962524 180.000000 179.999985 -152.943787 180.000000 -179.999985 -161.980560 4.837347 -6.894821 -7.419784 158.512604 171.041931 112.053383 154.430542 -173.868118 177.317978 2.990816 -36.435322 17.863567 113.945526 122.569572 154.009323 180.000000 -179.999985 144.761780 180.000000 180.000000 167.380890 0.000000 -0.000000 0.000000 165.000000 179.999985 142.578369 180.000000 180.000000 149.382309 180.000000 -180.000000 158.567612 0.000000 -0.000000 0.000000 0.000000 0.000000 -35.011093 180.000000 -180.000000 127.483376 0.000001 -0.000002 -34.976063 0.000000 -0.000000 0.000000 10.000004 -0.000000 -33.904449 0.000000 -0.000001 -50.856655 180.000000 180.000000 146.129471 0.000000 -0.000000 0.000000 20.000004 0.000000 -38.131691 180.000000 180.000000 122.802460 0.000000 0.000000 -38.093567
